{
    "parent": "item/handheld",
    "textures": {
        "layer0": "item/diamond_shovel"
    },
    "overrides": [
        {
            "predicate": {
                "damaged": 1,
                "damage": 0.2
            },
            "model": "item/shovels/diamond_shovel/diamond_shovel1"
        },
        {
            "predicate": {
                "damaged": 1,
                "damage": 0.4
            },
            "model": "item/shovels/diamond_shovel/diamond_shovel2"
        },
        {
            "predicate": {
                "damaged": 1,
                "damage": 0.6
            },
            "model": "item/shovels/diamond_shovel/diamond_shovel3"
        },
        {
            "predicate": {
                "damaged": 1,
                "damage": 0.8
            },
            "model": "item/shovels/diamond_shovel/diamond_shovel4"
        }
    ]
}
