{
    "parent": "item/generated",
    "textures": {
        "layer0": "item/diamond_chestplate"
    },
    "overrides": [
        {
            "predicate": {
                "damaged": 1,
                "damage": 0.2
            },
            "model": "item/chestplates/diamond_chestplate/diamond_chestplate1"
        },
        {
            "predicate": {
                "damaged": 1,
                "damage": 0.4
            },
            "model": "item/chestplates/diamond_chestplate/diamond_chestplate2"
        },
        {
            "predicate": {
                "damaged": 1,
                "damage": 0.6
            },
            "model": "item/chestplates/diamond_chestplate/diamond_chestplate3"
        },
        {
            "predicate": {
                "damaged": 1,
                "damage": 0.8
            },
            "model": "item/chestplates/diamond_chestplate/diamond_chestplate4"
        }
    ]
}
