{
    "parent": "item/handheld",
    "textures": {
        "layer0": "item/flint_and_steel"
    },
    "overrides": [
        {
            "predicate": {
                "damaged": 1,
                "damage": 0.2
            },
            "model": "item/flint_and_steel/flint_and_steel1"
        },
        {
            "predicate": {
                "damaged": 1,
                "damage": 0.4
            },
            "model": "item/flint_and_steel/flint_and_steel2"
        },
        {
            "predicate": {
                "damaged": 1,
                "damage": 0.6
            },
            "model": "item/flint_and_steel/flint_and_steel3"
        },
        {
            "predicate": {
                "damaged": 1,
                "damage": 0.8
            },
            "model": "item/flint_and_steel/flint_and_steel4"
        }
    ]
}
