{
    "parent": "item/generated",
    "textures": {
        "layer0": "item/golden_chestplate"
    },
    "overrides": [
        {
            "predicate": {
                "damaged": 1,
                "damage": 0.2
            },
            "model": "item/chestplates/golden_chestplate/golden_chestplate1"
        },
        {
            "predicate": {
                "damaged": 1,
                "damage": 0.4
            },
            "model": "item/chestplates/golden_chestplate/golden_chestplate2"
        },
        {
            "predicate": {
                "damaged": 1,
                "damage": 0.6
            },
            "model": "item/chestplates/golden_chestplate/golden_chestplate3"
        },
        {
            "predicate": {
                "damaged": 1,
                "damage": 0.8
            },
            "model": "item/chestplates/golden_chestplate/golden_chestplate4"
        }
    ]
}
