{
    "parent": "item/handheld",
    "textures": {
        "layer0": "item/iron_axe"
    },
    "overrides": [
        {
            "predicate": {
                "damaged": 1,
                "damage": 0.2
            },
            "model": "item/axes/iron_axe/iron_axe1"
        },
        {
            "predicate": {
                "damaged": 1,
                "damage": 0.4
            },
            "model": "item/axes/iron_axe/iron_axe2"
        },
        {
            "predicate": {
                "damaged": 1,
                "damage": 0.6
            },
            "model": "item/axes/iron_axe/iron_axe3"
        },
        {
            "predicate": {
                "damaged": 1,
                "damage": 0.8
            },
            "model": "item/axes/iron_axe/iron_axe4"
        }
    ]
}
