{
    "parent": "item/handheld",
    "textures": {
        "layer0": "item/netherite_sword"
    },
    "overrides": [
        {
            "predicate": {
                "damaged": 1,
                "damage": 0.2
            },
            "model": "item/swords/netherite_sword/netherite_sword1"
        },
        {
            "predicate": {
                "damaged": 1,
                "damage": 0.4
            },
            "model": "item/swords/netherite_sword/netherite_sword2"
        },
        {
            "predicate": {
                "damaged": 1,
                "damage": 0.6
            },
            "model": "item/swords/netherite_sword/netherite_sword3"
        },
        {
            "predicate": {
                "damaged": 1,
                "damage": 0.8
            },
            "model": "item/swords/netherite_sword/netherite_sword4"
        }
    ]
}
