{
    "parent": "item/handheld",
    "textures": {
        "layer0": "item/wooden_hoe"
    },
    "overrides": [
        {
            "predicate": {
                "damaged": 1,
                "damage": 0.2
            },
            "model": "item/hoes/wooden_hoe/wooden_hoe1"
        },
        {
            "predicate": {
                "damaged": 1,
                "damage": 0.4
            },
            "model": "item/hoes/wooden_hoe/wooden_hoe2"
        },
        {
            "predicate": {
                "damaged": 1,
                "damage": 0.6
            },
            "model": "item/hoes/wooden_hoe/wooden_hoe3"
        },
        {
            "predicate": {
                "damaged": 1,
                "damage": 0.8
            },
            "model": "item/hoes/wooden_hoe/wooden_hoe4"
        }
    ]
}
