{
  "name": "Alchemy Table",
  "icon": "bloodmagic:alchemytable",
  "category": "bloodmagic:alchemy_table",
  "extra_recipe_mappings":[
    ["bloodmagic:plantoil", 8],
    ["bloodmagic:coalsand", 9]
  ],
  "pages": [
    {
      "type": "text",
      "text": "The Alchemy Table takes a little LP and a few ingredients to do some wondrous things!$(br2)A lot of its content is NYI. $(br2)Mouse over the LP arrow for more info."
    },
    {
      "type": "crafting",
      "recipe": "bloodmagic:alchemy_table"
    },
    {
      "type": "image",
      "images": [
        "bloodmagic:images/entries/alchemy_table/alchemy_table_gui.png"
      ],
      "title": "Alchemy Table GUI",
      "border": true,
      "text": "The Alchemy Table can be inserted into or extracted from. This is how it's configured."
    },
    {
      "type": "text",
      "text": "The $(item)Alchemy Table$() has a number of buttons on its right hand side. These are, in order, $(underline)D$()own, $(underline)U$()p, $(underline)N$()orth, $(underline)S$()outh, $(underline)W$()est, and $(underline)e$()ast. To use them, first click on any slot in the Alchemy Table. (Here, we have selected the central 'finished item' slot, for demonstration.) Next, click on one of these six buttons to toggle whether or not the $(item)Alchemy Table$() should allow $(item)Hoppers$(), pipes, or other such external interference from this face. To return to the table's normal function,"
    },
    {
      "type": "text",
      "text": "simply click the slot again to deselect it. The icon displayed in the slot shows whether it is accepting inputs or providing outputs. In the example picture, we are allowing pipes to take from our central slot only on the $(underline)D$()own slot, and any attempts to extract items from other sides will not succeed. $(br2)The following pages document a number of recipes currently available for the Alchemy Table."
    },

    {
      "type": "crafting_alchemy_table",
      "heading": "Basic Cutting Fluid",
	  "anchor": "cutting_fluid",
      "recipe": "bloodmagic:alchemytable/basic_cutting_fluid",
      "text": "Basic Cutting Fluid is used for 2x Ore Processing.  It is also used in the $(l:bloodmagic:utility/alchemical_reaction_chamber)Alchemical Reaction Chamber$(/l) and the $(l:bloodmagic:rituals/ritual_list/ritual_crushing)Ritual of the Crusher$() for the same purpose." 
    },
    {
      "type": "2x_crafting_alchemy_table",
      "a.heading": "Iron Sand",
      "a.recipe": "bloodmagic:alchemytable/sand_iron",
      "b.heading": "Gold Sand",
      "b.recipe": "bloodmagic:alchemytable/sand_gold"
    },
    {
      "type": "text",
      "text": "The Alchemy Table provides several ways to get vanilla items."
    },
    {
      "type": "3x_crafting_alchemy_table",
      "a.heading": "Grass",
      "a.recipe": "bloodmagic:alchemytable/grass_block",
      "b.heading": "Leather",
      "b.recipe": "bloodmagic:alchemytable/leather_from_flesh",
      "c.heading": "Bread",
      "c.recipe": "bloodmagic:alchemytable/bread"
    },
    {
      "type": "2x_crafting_alchemy_table",
      "a.heading": "Clay",
      "a.recipe": "bloodmagic:alchemytable/clay_from_sand",
      "b.heading": "String",
      "b.recipe": "bloodmagic:alchemytable/string"
    },
    {
      "type": "2x_crafting_alchemy_table",
      "a.heading": "Flint",
      "a.recipe": "bloodmagic:alchemytable/flint_from_gravel",
      "b.heading": "Gunpowder",
      "b.recipe": "bloodmagic:alchemytable/gunpowder",
      "b.text": "Saltpeter NYI in Blood Magic."
    },
    {
      "type": "3x_crafting_alchemy_table",
      "a.heading": "Plant Oil",
      "a.recipe": "bloodmagic:alchemytable/plantoil_from_wheat",
      "b.recipe": "bloodmagic:alchemytable/plantoil_from_carrots",
      "c.recipe": "bloodmagic:alchemytable/plantoil_from_taters"
    },
    {
      "type": "3x_crafting_alchemy_table",
      "a.heading": "Plant Oil Cont.",
      "a.recipe": "bloodmagic:alchemytable/plantoil_from_beets",
      "b.heading": "Coal Sand",
      "b.recipe": "bloodmagic:alchemytable/sand_coal",
      "c.heading": "Explosive Powder",
      "c.recipe": "bloodmagic:alchemytable/explosive_powder"
    }
  ]
}
