{
	"credit": "Made with Blockbench",
	"ambientocclusion": false,
	"textures": {
		"particle": "block/vine",
		"vine": "block/vine"
	},
	"elements": [
		{
			"from": [15.99, 0, 0],
			"to": [15.99, 16, 16],
			"shade": false,
			"faces": {
				"east": {"uv": [0, 0, 16, 16], "texture": "#vine", "tintindex": 0},
				"west": {"uv": [0, 0, 16, 16], "texture": "#vine", "tintindex": 0}
			}
		},
		{
			"from": [0.01, 0, 0],
			"to": [0.01, 16, 16],
			"shade": false,
			"faces": {
				"east": {"uv": [0, 0, 16, 16], "texture": "#vine", "tintindex": 0},
				"west": {"uv": [0, 0, 16, 16], "texture": "#vine", "tintindex": 0}
			}
		}
	]
}