{
	"credit": "Made with Blockbench",
	"parent": "item/generic_display",
	"textures": {
		"0": "item/bow",
		"particle": "item/bow"
	},
	"elements": [
		{
			"name": "bow_0",
			"from": [10.5, 14.5, 7.65],
			"to": [11, 15, 8.35],
			"faces": {
				"north": {"uv": [10.5, 1.5, 11, 1], "rotation": 180, "texture": "#0"},
				"east": {"uv": [10.5, 1, 11, 1.5], "texture": "#0"},
				"south": {"uv": [10.5, 1, 11, 1.5], "texture": "#0"},
				"west": {"uv": [10.5, 1, 11, 1.5], "texture": "#0"},
				"up": {"uv": [11, 1, 10.5, 1.5], "rotation": 180, "texture": "#0"},
				"down": {"uv": [10.5, 1, 11, 1.5], "texture": "#0"}
			}
		},
		{
			"name": "bow_1",
			"from": [11, 14.5, 7.65],
			"to": [11.5, 15, 8.35],
			"faces": {
				"north": {"uv": [11, 1.5, 11.5, 1], "rotation": 180, "texture": "#0"},
				"east": {"uv": [11, 1, 11.5, 1.5], "texture": "#0"},
				"south": {"uv": [11, 1, 11.5, 1.5], "texture": "#0"},
				"west": {"uv": [11, 1, 11.5, 1.5], "texture": "#0"},
				"up": {"uv": [11.5, 1, 11, 1.5], "rotation": 180, "texture": "#0"},
				"down": {"uv": [11, 1, 11.5, 1.5], "texture": "#0"}
			}
		},
		{
			"name": "bow_2",
			"from": [11.5, 14.5, 7.65],
			"to": [12, 15, 8.35],
			"faces": {
				"north": {"uv": [11.5, 1.5, 12, 1], "rotation": 180, "texture": "#0"},
				"east": {"uv": [11.5, 1, 12, 1.5], "texture": "#0"},
				"south": {"uv": [11.5, 1, 12, 1.5], "texture": "#0"},
				"west": {"uv": [11.5, 1, 12, 1.5], "texture": "#0"},
				"up": {"uv": [12, 1, 11.5, 1.5], "rotation": 180, "texture": "#0"},
				"down": {"uv": [11.5, 1, 12, 1.5], "texture": "#0"}
			}
		},
		{
			"name": "bow_3",
			"from": [12, 14.5, 7.65],
			"to": [12.5, 15, 8.35],
			"faces": {
				"north": {"uv": [12, 1.5, 12.5, 1], "rotation": 180, "texture": "#0"},
				"east": {"uv": [12, 1, 12.5, 1.5], "texture": "#0"},
				"south": {"uv": [12, 1, 12.5, 1.5], "texture": "#0"},
				"west": {"uv": [12, 1, 12.5, 1.5], "texture": "#0"},
				"up": {"uv": [12.5, 1, 12, 1.5], "rotation": 180, "texture": "#0"},
				"down": {"uv": [12, 1, 12.5, 1.5], "texture": "#0"}
			}
		},
		{
			"name": "bow_4",
			"from": [12.5, 14.5, 7.65],
			"to": [13, 15, 8.35],
			"faces": {
				"north": {"uv": [12.5, 1.5, 13, 1], "rotation": 180, "texture": "#0"},
				"east": {"uv": [12.5, 1, 13, 1.5], "texture": "#0"},
				"south": {"uv": [12.5, 1, 13, 1.5], "texture": "#0"},
				"west": {"uv": [12.5, 1, 13, 1.5], "texture": "#0"},
				"up": {"uv": [13, 1, 12.5, 1.5], "rotation": 180, "texture": "#0"},
				"down": {"uv": [12.5, 1, 13, 1.5], "texture": "#0"}
			}
		},
		{
			"name": "bow_5",
			"from": [13, 14.5, 7.65],
			"to": [13.5, 15, 8.35],
			"faces": {
				"north": {"uv": [13, 1.5, 13.5, 1], "rotation": 180, "texture": "#0"},
				"east": {"uv": [13, 1, 13.5, 1.5], "texture": "#0"},
				"south": {"uv": [13, 1, 13.5, 1.5], "texture": "#0"},
				"west": {"uv": [13, 1, 13.5, 1.5], "texture": "#0"},
				"up": {"uv": [13.5, 1, 13, 1.5], "rotation": 180, "texture": "#0"},
				"down": {"uv": [13, 1, 13.5, 1.5], "texture": "#0"}
			}
		},
		{
			"name": "bow_6",
			"from": [13.5, 14.5, 7.65],
			"to": [14, 15, 8.35],
			"faces": {
				"north": {"uv": [13.5, 1.5, 14, 1], "rotation": 180, "texture": "#0"},
				"east": {"uv": [13.5, 1, 14, 1.5], "texture": "#0"},
				"south": {"uv": [13.5, 1, 14, 1.5], "texture": "#0"},
				"west": {"uv": [13.5, 1, 14, 1.5], "texture": "#0"},
				"up": {"uv": [14, 1, 13.5, 1.5], "rotation": 180, "texture": "#0"},
				"down": {"uv": [13.5, 1, 14, 1.5], "texture": "#0"}
			}
		},
		{
			"name": "bow_7",
			"from": [14, 14.5, 7.65],
			"to": [14.5, 15, 8.35],
			"faces": {
				"north": {"uv": [14, 1.5, 14.5, 1], "rotation": 180, "texture": "#0"},
				"east": {"uv": [14, 1, 14.5, 1.5], "texture": "#0"},
				"south": {"uv": [14, 1, 14.5, 1.5], "texture": "#0"},
				"west": {"uv": [14, 1, 14.5, 1.5], "texture": "#0"},
				"up": {"uv": [14.5, 1, 14, 1.5], "rotation": 180, "texture": "#0"},
				"down": {"uv": [14, 1, 14.5, 1.5], "texture": "#0"}
			}
		},
		{
			"name": "bow_8",
			"from": [14.5, 14.5, 7.65],
			"to": [15, 15, 8.35],
			"faces": {
				"north": {"uv": [14.5, 1.5, 15, 1], "rotation": 180, "texture": "#0"},
				"east": {"uv": [14.5, 1, 15, 1.5], "texture": "#0"},
				"south": {"uv": [14.5, 1, 15, 1.5], "texture": "#0"},
				"west": {"uv": [14.5, 1, 15, 1.5], "texture": "#0"},
				"up": {"uv": [15, 1, 14.5, 1.5], "rotation": 180, "texture": "#0"},
				"down": {"uv": [14.5, 1, 15, 1.5], "texture": "#0"}
			}
		},
		{
			"name": "bow_9",
			"from": [8.5, 14, 7.65],
			"to": [9, 14.5, 8.35],
			"faces": {
				"north": {"uv": [8.5, 2, 9, 1.5], "rotation": 180, "texture": "#0"},
				"east": {"uv": [8.5, 1.5, 9, 2], "texture": "#0"},
				"south": {"uv": [8.5, 1.5, 9, 2], "texture": "#0"},
				"west": {"uv": [8.5, 1.5, 9, 2], "texture": "#0"},
				"up": {"uv": [9, 1.5, 8.5, 2], "rotation": 180, "texture": "#0"},
				"down": {"uv": [8.5, 1.5, 9, 2], "texture": "#0"}
			}
		},
		{
			"name": "bow_10",
			"from": [9, 14, 7.65],
			"to": [9.5, 14.5, 8.35],
			"faces": {
				"north": {"uv": [9, 2, 9.5, 1.5], "rotation": 180, "texture": "#0"},
				"east": {"uv": [9, 1.5, 9.5, 2], "texture": "#0"},
				"south": {"uv": [9, 1.5, 9.5, 2], "texture": "#0"},
				"west": {"uv": [9, 1.5, 9.5, 2], "texture": "#0"},
				"up": {"uv": [9.5, 1.5, 9, 2], "rotation": 180, "texture": "#0"},
				"down": {"uv": [9, 1.5, 9.5, 2], "texture": "#0"}
			}
		},
		{
			"name": "bow_11",
			"from": [9.5, 14, 7.65],
			"to": [10, 14.5, 8.35],
			"faces": {
				"north": {"uv": [9.5, 2, 10, 1.5], "rotation": 180, "texture": "#0"},
				"east": {"uv": [9.5, 1.5, 10, 2], "texture": "#0"},
				"south": {"uv": [9.5, 1.5, 10, 2], "texture": "#0"},
				"west": {"uv": [9.5, 1.5, 10, 2], "texture": "#0"},
				"up": {"uv": [10, 1.5, 9.5, 2], "rotation": 180, "texture": "#0"},
				"down": {"uv": [9.5, 1.5, 10, 2], "texture": "#0"}
			}
		},
		{
			"name": "bow_12",
			"from": [10, 14, 7.65],
			"to": [10.5, 14.5, 8.35],
			"faces": {
				"north": {"uv": [10, 2, 10.5, 1.5], "rotation": 180, "texture": "#0"},
				"east": {"uv": [10, 1.5, 10.5, 2], "texture": "#0"},
				"south": {"uv": [10, 1.5, 10.5, 2], "texture": "#0"},
				"west": {"uv": [10, 1.5, 10.5, 2], "texture": "#0"},
				"up": {"uv": [10.5, 1.5, 10, 2], "rotation": 180, "texture": "#0"},
				"down": {"uv": [10, 1.5, 10.5, 2], "texture": "#0"}
			}
		},
		{
			"name": "bow_13",
			"from": [10.5, 14, 7.55],
			"to": [11, 14.5, 8.45],
			"faces": {
				"north": {"uv": [10.5, 2, 11, 1.5], "rotation": 180, "texture": "#0"},
				"east": {"uv": [10.5, 1.5, 11, 2], "texture": "#0"},
				"south": {"uv": [10.5, 1.5, 11, 2], "texture": "#0"},
				"west": {"uv": [10.5, 1.5, 11, 2], "texture": "#0"},
				"up": {"uv": [11, 1.5, 10.5, 2], "rotation": 180, "texture": "#0"},
				"down": {"uv": [10.5, 1.5, 11, 2], "texture": "#0"}
			}
		},
		{
			"name": "bow_14",
			"from": [11, 14, 7.55],
			"to": [11.5, 14.5, 8.45],
			"faces": {
				"north": {"uv": [11, 2, 11.5, 1.5], "rotation": 180, "texture": "#0"},
				"east": {"uv": [11, 1.5, 11.5, 2], "texture": "#0"},
				"south": {"uv": [11, 1.5, 11.5, 2], "texture": "#0"},
				"west": {"uv": [11, 1.5, 11.5, 2], "texture": "#0"},
				"up": {"uv": [11.5, 1.5, 11, 2], "rotation": 180, "texture": "#0"},
				"down": {"uv": [11, 1.5, 11.5, 2], "texture": "#0"}
			}
		},
		{
			"name": "bow_15",
			"from": [11.5, 14, 7.55],
			"to": [12, 14.5, 8.45],
			"faces": {
				"north": {"uv": [11.5, 2, 12, 1.5], "rotation": 180, "texture": "#0"},
				"east": {"uv": [11.5, 1.5, 12, 2], "texture": "#0"},
				"south": {"uv": [11.5, 1.5, 12, 2], "texture": "#0"},
				"west": {"uv": [11.5, 1.5, 12, 2], "texture": "#0"},
				"up": {"uv": [12, 1.5, 11.5, 2], "rotation": 180, "texture": "#0"},
				"down": {"uv": [11.5, 1.5, 12, 2], "texture": "#0"}
			}
		},
		{
			"name": "bow_16",
			"from": [12, 14, 7.55],
			"to": [12.5, 14.5, 8.45],
			"faces": {
				"north": {"uv": [12, 2, 12.5, 1.5], "rotation": 180, "texture": "#0"},
				"east": {"uv": [12, 1.5, 12.5, 2], "texture": "#0"},
				"south": {"uv": [12, 1.5, 12.5, 2], "texture": "#0"},
				"west": {"uv": [12, 1.5, 12.5, 2], "texture": "#0"},
				"up": {"uv": [12.5, 1.5, 12, 2], "rotation": 180, "texture": "#0"},
				"down": {"uv": [12, 1.5, 12.5, 2], "texture": "#0"}
			}
		},
		{
			"name": "bow_17",
			"from": [12.5, 14, 7.55],
			"to": [13, 14.5, 8.45],
			"faces": {
				"north": {"uv": [12.5, 2, 13, 1.5], "rotation": 180, "texture": "#0"},
				"east": {"uv": [12.5, 1.5, 13, 2], "texture": "#0"},
				"south": {"uv": [12.5, 1.5, 13, 2], "texture": "#0"},
				"west": {"uv": [12.5, 1.5, 13, 2], "texture": "#0"},
				"up": {"uv": [13, 1.5, 12.5, 2], "rotation": 180, "texture": "#0"},
				"down": {"uv": [12.5, 1.5, 13, 2], "texture": "#0"}
			}
		},
		{
			"name": "bow_18",
			"from": [13, 14, 7.55],
			"to": [13.5, 14.5, 8.45],
			"faces": {
				"north": {"uv": [13, 2, 13.5, 1.5], "rotation": 180, "texture": "#0"},
				"east": {"uv": [13, 1.5, 13.5, 2], "texture": "#0"},
				"south": {"uv": [13, 1.5, 13.5, 2], "texture": "#0"},
				"west": {"uv": [13, 1.5, 13.5, 2], "texture": "#0"},
				"up": {"uv": [13.5, 1.5, 13, 2], "rotation": 180, "texture": "#0"},
				"down": {"uv": [13, 1.5, 13.5, 2], "texture": "#0"}
			}
		},
		{
			"name": "bow_19",
			"from": [13.5, 14, 7.55],
			"to": [14, 14.5, 8.45],
			"faces": {
				"north": {"uv": [13.5, 2, 14, 1.5], "rotation": 180, "texture": "#0"},
				"east": {"uv": [13.5, 1.5, 14, 2], "texture": "#0"},
				"south": {"uv": [13.5, 1.5, 14, 2], "texture": "#0"},
				"west": {"uv": [13.5, 1.5, 14, 2], "texture": "#0"},
				"up": {"uv": [14, 1.5, 13.5, 2], "rotation": 180, "texture": "#0"},
				"down": {"uv": [13.5, 1.5, 14, 2], "texture": "#0"}
			}
		},
		{
			"name": "bow_20",
			"from": [14, 14, 7.55],
			"to": [14.5, 14.5, 8.45],
			"faces": {
				"north": {"uv": [14, 2, 14.5, 1.5], "rotation": 180, "texture": "#0"},
				"east": {"uv": [14, 1.5, 14.5, 2], "texture": "#0"},
				"south": {"uv": [14, 1.5, 14.5, 2], "texture": "#0"},
				"west": {"uv": [14, 1.5, 14.5, 2], "texture": "#0"},
				"up": {"uv": [14.5, 1.5, 14, 2], "rotation": 180, "texture": "#0"},
				"down": {"uv": [14, 1.5, 14.5, 2], "texture": "#0"}
			}
		},
		{
			"name": "bow_21",
			"from": [14.5, 14, 7.55],
			"to": [15, 14.5, 8.45],
			"faces": {
				"north": {"uv": [14.5, 2, 15, 1.5], "rotation": 180, "texture": "#0"},
				"east": {"uv": [14.5, 1.5, 15, 2], "texture": "#0"},
				"south": {"uv": [14.5, 1.5, 15, 2], "texture": "#0"},
				"west": {"uv": [14.5, 1.5, 15, 2], "texture": "#0"},
				"up": {"uv": [15, 1.5, 14.5, 2], "rotation": 180, "texture": "#0"},
				"down": {"uv": [14.5, 1.5, 15, 2], "texture": "#0"}
			}
		},
		{
			"name": "bow_22",
			"from": [15, 14, 7.65],
			"to": [15.5, 14.5, 8.35],
			"faces": {
				"north": {"uv": [15, 2, 15.5, 1.5], "rotation": 180, "texture": "#0"},
				"east": {"uv": [15, 1.5, 15.5, 2], "texture": "#0"},
				"south": {"uv": [15, 1.5, 15.5, 2], "texture": "#0"},
				"west": {"uv": [15, 1.5, 15.5, 2], "texture": "#0"},
				"up": {"uv": [15.5, 1.5, 15, 2], "rotation": 180, "texture": "#0"},
				"down": {"uv": [15, 1.5, 15.5, 2], "texture": "#0"}
			}
		},
		{
			"name": "bow_23",
			"from": [7.5, 13.5, 7.65],
			"to": [8, 14, 8.35],
			"faces": {
				"north": {"uv": [7.5, 2.5, 8, 2], "rotation": 180, "texture": "#0"},
				"east": {"uv": [7.5, 2, 8, 2.5], "texture": "#0"},
				"south": {"uv": [7.5, 2, 8, 2.5], "texture": "#0"},
				"west": {"uv": [7.5, 2, 8, 2.5], "texture": "#0"},
				"up": {"uv": [8, 2, 7.5, 2.5], "rotation": 180, "texture": "#0"},
				"down": {"uv": [7.5, 2, 8, 2.5], "texture": "#0"}
			}
		},
		{
			"name": "bow_24",
			"from": [8, 13.5, 7.65],
			"to": [8.5, 14, 8.35],
			"faces": {
				"north": {"uv": [8, 2.5, 8.5, 2], "rotation": 180, "texture": "#0"},
				"east": {"uv": [8, 2, 8.5, 2.5], "texture": "#0"},
				"south": {"uv": [8, 2, 8.5, 2.5], "texture": "#0"},
				"west": {"uv": [8, 2, 8.5, 2.5], "texture": "#0"},
				"up": {"uv": [8.5, 2, 8, 2.5], "rotation": 180, "texture": "#0"},
				"down": {"uv": [8, 2, 8.5, 2.5], "texture": "#0"}
			}
		},
		{
			"name": "bow_25",
			"from": [8.5, 13.5, 7.55],
			"to": [9, 14, 8.45],
			"faces": {
				"north": {"uv": [8.5, 2.5, 9, 2], "rotation": 180, "texture": "#0"},
				"east": {"uv": [8.5, 2, 9, 2.5], "texture": "#0"},
				"south": {"uv": [8.5, 2, 9, 2.5], "texture": "#0"},
				"west": {"uv": [8.5, 2, 9, 2.5], "texture": "#0"},
				"up": {"uv": [9, 2, 8.5, 2.5], "rotation": 180, "texture": "#0"},
				"down": {"uv": [8.5, 2, 9, 2.5], "texture": "#0"}
			}
		},
		{
			"name": "bow_26",
			"from": [9, 13.5, 7.55],
			"to": [9.5, 14, 8.45],
			"faces": {
				"north": {"uv": [9, 2.5, 9.5, 2], "rotation": 180, "texture": "#0"},
				"east": {"uv": [9, 2, 9.5, 2.5], "texture": "#0"},
				"south": {"uv": [9, 2, 9.5, 2.5], "texture": "#0"},
				"west": {"uv": [9, 2, 9.5, 2.5], "texture": "#0"},
				"up": {"uv": [9.5, 2, 9, 2.5], "rotation": 180, "texture": "#0"},
				"down": {"uv": [9, 2, 9.5, 2.5], "texture": "#0"}
			}
		},
		{
			"name": "bow_27",
			"from": [9.5, 13.5, 7.55],
			"to": [10, 14, 8.45],
			"faces": {
				"north": {"uv": [9.5, 2.5, 10, 2], "rotation": 180, "texture": "#0"},
				"east": {"uv": [9.5, 2, 10, 2.5], "texture": "#0"},
				"south": {"uv": [9.5, 2, 10, 2.5], "texture": "#0"},
				"west": {"uv": [9.5, 2, 10, 2.5], "texture": "#0"},
				"up": {"uv": [10, 2, 9.5, 2.5], "rotation": 180, "texture": "#0"},
				"down": {"uv": [9.5, 2, 10, 2.5], "texture": "#0"}
			}
		},
		{
			"name": "bow_28",
			"from": [10, 13.5, 7.55],
			"to": [10.5, 14, 8.45],
			"faces": {
				"north": {"uv": [10, 2.5, 10.5, 2], "rotation": 180, "texture": "#0"},
				"east": {"uv": [10, 2, 10.5, 2.5], "texture": "#0"},
				"south": {"uv": [10, 2, 10.5, 2.5], "texture": "#0"},
				"west": {"uv": [10, 2, 10.5, 2.5], "texture": "#0"},
				"up": {"uv": [10.5, 2, 10, 2.5], "rotation": 180, "texture": "#0"},
				"down": {"uv": [10, 2, 10.5, 2.5], "texture": "#0"}
			}
		},
		{
			"name": "bow_29",
			"from": [10.5, 13.5, 7.55],
			"to": [11, 14, 8.45],
			"faces": {
				"north": {"uv": [10.5, 2.5, 11, 2], "rotation": 180, "texture": "#0"},
				"east": {"uv": [10.5, 2, 11, 2.5], "texture": "#0"},
				"south": {"uv": [10.5, 2, 11, 2.5], "texture": "#0"},
				"west": {"uv": [10.5, 2, 11, 2.5], "texture": "#0"},
				"up": {"uv": [11, 2, 10.5, 2.5], "rotation": 180, "texture": "#0"},
				"down": {"uv": [10.5, 2, 11, 2.5], "texture": "#0"}
			}
		},
		{
			"name": "bow_30",
			"from": [11, 13.5, 7.55],
			"to": [11.5, 14, 8.45],
			"faces": {
				"north": {"uv": [11, 2.5, 11.5, 2], "rotation": 180, "texture": "#0"},
				"east": {"uv": [11, 2, 11.5, 2.5], "texture": "#0"},
				"south": {"uv": [11, 2, 11.5, 2.5], "texture": "#0"},
				"west": {"uv": [11, 2, 11.5, 2.5], "texture": "#0"},
				"up": {"uv": [11.5, 2, 11, 2.5], "rotation": 180, "texture": "#0"},
				"down": {"uv": [11, 2, 11.5, 2.5], "texture": "#0"}
			}
		},
		{
			"name": "bow_31",
			"from": [11.5, 13.5, 7.55],
			"to": [12, 14, 8.45],
			"faces": {
				"north": {"uv": [11.5, 2.5, 12, 2], "rotation": 180, "texture": "#0"},
				"east": {"uv": [11.5, 2, 12, 2.5], "texture": "#0"},
				"south": {"uv": [11.5, 2, 12, 2.5], "texture": "#0"},
				"west": {"uv": [11.5, 2, 12, 2.5], "texture": "#0"},
				"up": {"uv": [12, 2, 11.5, 2.5], "rotation": 180, "texture": "#0"},
				"down": {"uv": [11.5, 2, 12, 2.5], "texture": "#0"}
			}
		},
		{
			"name": "bow_32",
			"from": [12, 13.5, 7.65],
			"to": [12.5, 14, 8.35],
			"faces": {
				"north": {"uv": [12, 2.5, 12.5, 2], "rotation": 180, "texture": "#0"},
				"east": {"uv": [12, 2, 12.5, 2.5], "texture": "#0"},
				"south": {"uv": [12, 2, 12.5, 2.5], "texture": "#0"},
				"west": {"uv": [12, 2, 12.5, 2.5], "texture": "#0"},
				"up": {"uv": [12.5, 2, 12, 2.5], "rotation": 180, "texture": "#0"},
				"down": {"uv": [12, 2, 12.5, 2.5], "texture": "#0"}
			}
		},
		{
			"name": "bow_33",
			"from": [12.5, 13.5, 7.65],
			"to": [13, 14, 8.35],
			"faces": {
				"north": {"uv": [12.5, 2.5, 13, 2], "rotation": 180, "texture": "#0"},
				"east": {"uv": [12.5, 2, 13, 2.5], "texture": "#0"},
				"south": {"uv": [12.5, 2, 13, 2.5], "texture": "#0"},
				"west": {"uv": [12.5, 2, 13, 2.5], "texture": "#0"},
				"up": {"uv": [13, 2, 12.5, 2.5], "rotation": 180, "texture": "#0"},
				"down": {"uv": [12.5, 2, 13, 2.5], "texture": "#0"}
			}
		},
		{
			"name": "bow_34",
			"from": [13, 13.5, 7.65],
			"to": [13.5, 14, 8.35],
			"faces": {
				"north": {"uv": [13, 2.5, 13.5, 2], "rotation": 180, "texture": "#0"},
				"east": {"uv": [13, 2, 13.5, 2.5], "texture": "#0"},
				"south": {"uv": [13, 2, 13.5, 2.5], "texture": "#0"},
				"west": {"uv": [13, 2, 13.5, 2.5], "texture": "#0"},
				"up": {"uv": [13.5, 2, 13, 2.5], "rotation": 180, "texture": "#0"},
				"down": {"uv": [13, 2, 13.5, 2.5], "texture": "#0"}
			}
		},
		{
			"name": "bow_35",
			"from": [13.5, 13.5, 7.65],
			"to": [14, 14, 8.35],
			"faces": {
				"north": {"uv": [13.5, 2.5, 14, 2], "rotation": 180, "texture": "#0"},
				"east": {"uv": [13.5, 2, 14, 2.5], "texture": "#0"},
				"south": {"uv": [13.5, 2, 14, 2.5], "texture": "#0"},
				"west": {"uv": [13.5, 2, 14, 2.5], "texture": "#0"},
				"up": {"uv": [14, 2, 13.5, 2.5], "rotation": 180, "texture": "#0"},
				"down": {"uv": [13.5, 2, 14, 2.5], "texture": "#0"}
			}
		},
		{
			"name": "bow_36",
			"from": [14, 13.5, 7.65],
			"to": [14.5, 14, 8.35],
			"faces": {
				"north": {"uv": [14, 2.5, 14.5, 2], "rotation": 180, "texture": "#0"},
				"east": {"uv": [14, 2, 14.5, 2.5], "texture": "#0"},
				"south": {"uv": [14, 2, 14.5, 2.5], "texture": "#0"},
				"west": {"uv": [14, 2, 14.5, 2.5], "texture": "#0"},
				"up": {"uv": [14.5, 2, 14, 2.5], "rotation": 180, "texture": "#0"},
				"down": {"uv": [14, 2, 14.5, 2.5], "texture": "#0"}
			}
		},
		{
			"name": "bow_37",
			"from": [14.5, 13.5, 7.65],
			"to": [15, 14, 8.35],
			"faces": {
				"north": {"uv": [14.5, 2.5, 15, 2], "rotation": 180, "texture": "#0"},
				"east": {"uv": [14.5, 2, 15, 2.5], "texture": "#0"},
				"south": {"uv": [14.5, 2, 15, 2.5], "texture": "#0"},
				"west": {"uv": [14.5, 2, 15, 2.5], "texture": "#0"},
				"up": {"uv": [15, 2, 14.5, 2.5], "rotation": 180, "texture": "#0"},
				"down": {"uv": [14.5, 2, 15, 2.5], "texture": "#0"}
			}
		},
		{
			"name": "bow_38",
			"from": [6.5, 13, 7.65],
			"to": [7, 13.5, 8.35],
			"faces": {
				"north": {"uv": [6.5, 3, 7, 2.5], "rotation": 180, "texture": "#0"},
				"east": {"uv": [6.5, 2.5, 7, 3], "texture": "#0"},
				"south": {"uv": [6.5, 2.5, 7, 3], "texture": "#0"},
				"west": {"uv": [6.5, 2.5, 7, 3], "texture": "#0"},
				"up": {"uv": [7, 2.5, 6.5, 3], "rotation": 180, "texture": "#0"},
				"down": {"uv": [6.5, 2.5, 7, 3], "texture": "#0"}
			}
		},
		{
			"name": "bow_39",
			"from": [7, 13, 7.65],
			"to": [7.5, 13.5, 8.35],
			"faces": {
				"north": {"uv": [7, 3, 7.5, 2.5], "rotation": 180, "texture": "#0"},
				"east": {"uv": [7, 2.5, 7.5, 3], "texture": "#0"},
				"south": {"uv": [7, 2.5, 7.5, 3], "texture": "#0"},
				"west": {"uv": [7, 2.5, 7.5, 3], "texture": "#0"},
				"up": {"uv": [7.5, 2.5, 7, 3], "rotation": 180, "texture": "#0"},
				"down": {"uv": [7, 2.5, 7.5, 3], "texture": "#0"}
			}
		},
		{
			"name": "bow_40",
			"from": [7.5, 13, 7.55],
			"to": [8, 13.5, 8.45],
			"faces": {
				"north": {"uv": [7.5, 3, 8, 2.5], "rotation": 180, "texture": "#0"},
				"east": {"uv": [7.5, 2.5, 8, 3], "texture": "#0"},
				"south": {"uv": [7.5, 2.5, 8, 3], "texture": "#0"},
				"west": {"uv": [7.5, 2.5, 8, 3], "texture": "#0"},
				"up": {"uv": [8, 2.5, 7.5, 3], "rotation": 180, "texture": "#0"},
				"down": {"uv": [7.5, 2.5, 8, 3], "texture": "#0"}
			}
		},
		{
			"name": "bow_41",
			"from": [8, 13, 7.55],
			"to": [8.5, 13.5, 8.45],
			"faces": {
				"north": {"uv": [8, 3, 8.5, 2.5], "rotation": 180, "texture": "#0"},
				"east": {"uv": [8, 2.5, 8.5, 3], "texture": "#0"},
				"south": {"uv": [8, 2.5, 8.5, 3], "texture": "#0"},
				"west": {"uv": [8, 2.5, 8.5, 3], "texture": "#0"},
				"up": {"uv": [8.5, 2.5, 8, 3], "rotation": 180, "texture": "#0"},
				"down": {"uv": [8, 2.5, 8.5, 3], "texture": "#0"}
			}
		},
		{
			"name": "bow_42",
			"from": [8.5, 13, 7.55],
			"to": [9, 13.5, 8.45],
			"faces": {
				"north": {"uv": [8.5, 3, 9, 2.5], "rotation": 180, "texture": "#0"},
				"east": {"uv": [8.5, 2.5, 9, 3], "texture": "#0"},
				"south": {"uv": [8.5, 2.5, 9, 3], "texture": "#0"},
				"west": {"uv": [8.5, 2.5, 9, 3], "texture": "#0"},
				"up": {"uv": [9, 2.5, 8.5, 3], "rotation": 180, "texture": "#0"},
				"down": {"uv": [8.5, 2.5, 9, 3], "texture": "#0"}
			}
		},
		{
			"name": "bow_43",
			"from": [9, 13, 7.55],
			"to": [9.5, 13.5, 8.45],
			"faces": {
				"north": {"uv": [9, 3, 9.5, 2.5], "rotation": 180, "texture": "#0"},
				"east": {"uv": [9, 2.5, 9.5, 3], "texture": "#0"},
				"south": {"uv": [9, 2.5, 9.5, 3], "texture": "#0"},
				"west": {"uv": [9, 2.5, 9.5, 3], "texture": "#0"},
				"up": {"uv": [9.5, 2.5, 9, 3], "rotation": 180, "texture": "#0"},
				"down": {"uv": [9, 2.5, 9.5, 3], "texture": "#0"}
			}
		},
		{
			"name": "bow_44",
			"from": [9.5, 13, 7.55],
			"to": [10, 13.5, 8.45],
			"faces": {
				"north": {"uv": [9.5, 3, 10, 2.5], "rotation": 180, "texture": "#0"},
				"east": {"uv": [9.5, 2.5, 10, 3], "texture": "#0"},
				"south": {"uv": [9.5, 2.5, 10, 3], "texture": "#0"},
				"west": {"uv": [9.5, 2.5, 10, 3], "texture": "#0"},
				"up": {"uv": [10, 2.5, 9.5, 3], "rotation": 180, "texture": "#0"},
				"down": {"uv": [9.5, 2.5, 10, 3], "texture": "#0"}
			}
		},
		{
			"name": "bow_45",
			"from": [10, 13, 7.65],
			"to": [10.5, 13.5, 8.35],
			"faces": {
				"north": {"uv": [10, 3, 10.5, 2.5], "rotation": 180, "texture": "#0"},
				"east": {"uv": [10, 2.5, 10.5, 3], "texture": "#0"},
				"south": {"uv": [10, 2.5, 10.5, 3], "texture": "#0"},
				"west": {"uv": [10, 2.5, 10.5, 3], "texture": "#0"},
				"up": {"uv": [10.5, 2.5, 10, 3], "rotation": 180, "texture": "#0"},
				"down": {"uv": [10, 2.5, 10.5, 3], "texture": "#0"}
			}
		},
		{
			"name": "bow_46",
			"from": [10.5, 13, 7.65],
			"to": [11, 13.5, 8.35],
			"faces": {
				"north": {"uv": [10.5, 3, 11, 2.5], "rotation": 180, "texture": "#0"},
				"east": {"uv": [10.5, 2.5, 11, 3], "texture": "#0"},
				"south": {"uv": [10.5, 2.5, 11, 3], "texture": "#0"},
				"west": {"uv": [10.5, 2.5, 11, 3], "texture": "#0"},
				"up": {"uv": [11, 2.5, 10.5, 3], "rotation": 180, "texture": "#0"},
				"down": {"uv": [10.5, 2.5, 11, 3], "texture": "#0"}
			}
		},
		{
			"name": "bow_47",
			"from": [11, 13, 7.65],
			"to": [11.5, 13.5, 8.35],
			"faces": {
				"north": {"uv": [11, 3, 11.5, 2.5], "rotation": 180, "texture": "#0"},
				"east": {"uv": [11, 2.5, 11.5, 3], "texture": "#0"},
				"south": {"uv": [11, 2.5, 11.5, 3], "texture": "#0"},
				"west": {"uv": [11, 2.5, 11.5, 3], "texture": "#0"},
				"up": {"uv": [11.5, 2.5, 11, 3], "rotation": 180, "texture": "#0"},
				"down": {"uv": [11, 2.5, 11.5, 3], "texture": "#0"}
			}
		},
		{
			"name": "bow_48",
			"from": [11.5, 13, 7.65],
			"to": [12, 13.5, 8.35],
			"faces": {
				"north": {"uv": [11.5, 3, 12, 2.5], "rotation": 180, "texture": "#0"},
				"east": {"uv": [11.5, 2.5, 12, 3], "texture": "#0"},
				"south": {"uv": [11.5, 2.5, 12, 3], "texture": "#0"},
				"west": {"uv": [11.5, 2.5, 12, 3], "texture": "#0"},
				"up": {"uv": [12, 2.5, 11.5, 3], "rotation": 180, "texture": "#0"},
				"down": {"uv": [11.5, 2.5, 12, 3], "texture": "#0"}
			}
		},
		{
			"name": "bow_49",
			"from": [14, 13, 7.75],
			"to": [14.5, 13.5, 8.25],
			"faces": {
				"north": {"uv": [14, 3, 14.5, 2.5], "rotation": 180, "texture": "#0"},
				"east": {"uv": [14, 2.5, 14.5, 3], "texture": "#0"},
				"south": {"uv": [14, 2.5, 14.5, 3], "texture": "#0"},
				"west": {"uv": [14, 2.5, 14.5, 3], "texture": "#0"},
				"up": {"uv": [14.5, 2.5, 14, 3], "rotation": 180, "texture": "#0"},
				"down": {"uv": [14, 2.5, 14.5, 3], "texture": "#0"}
			}
		},
		{
			"name": "bow_50",
			"from": [5.5, 12.5, 7.75],
			"to": [6, 13, 8.25],
			"faces": {
				"north": {"uv": [5.5, 3.5, 6, 3], "rotation": 180, "texture": "#0"},
				"east": {"uv": [5.5, 3, 6, 3.5], "texture": "#0"},
				"south": {"uv": [5.5, 3, 6, 3.5], "texture": "#0"},
				"west": {"uv": [5.5, 3, 6, 3.5], "texture": "#0"},
				"up": {"uv": [6, 3, 5.5, 3.5], "rotation": 180, "texture": "#0"},
				"down": {"uv": [5.5, 3, 6, 3.5], "texture": "#0"}
			}
		},
		{
			"name": "bow_51",
			"from": [6, 12.5, 7.65],
			"to": [6.5, 13, 8.35],
			"faces": {
				"north": {"uv": [6, 3.5, 6.5, 3], "rotation": 180, "texture": "#0"},
				"east": {"uv": [6, 3, 6.5, 3.5], "texture": "#0"},
				"south": {"uv": [6, 3, 6.5, 3.5], "texture": "#0"},
				"west": {"uv": [6, 3, 6.5, 3.5], "texture": "#0"},
				"up": {"uv": [6.5, 3, 6, 3.5], "rotation": 180, "texture": "#0"},
				"down": {"uv": [6, 3, 6.5, 3.5], "texture": "#0"}
			}
		},
		{
			"name": "bow_52",
			"from": [6.5, 12.5, 7.55],
			"to": [7, 13, 8.45],
			"faces": {
				"north": {"uv": [6.5, 3.5, 7, 3], "rotation": 180, "texture": "#0"},
				"east": {"uv": [6.5, 3, 7, 3.5], "texture": "#0"},
				"south": {"uv": [6.5, 3, 7, 3.5], "texture": "#0"},
				"west": {"uv": [6.5, 3, 7, 3.5], "texture": "#0"},
				"up": {"uv": [7, 3, 6.5, 3.5], "rotation": 180, "texture": "#0"},
				"down": {"uv": [6.5, 3, 7, 3.5], "texture": "#0"}
			}
		},
		{
			"name": "bow_53",
			"from": [7, 12.5, 7.55],
			"to": [7.5, 13, 8.45],
			"faces": {
				"north": {"uv": [7, 3.5, 7.5, 3], "rotation": 180, "texture": "#0"},
				"east": {"uv": [7, 3, 7.5, 3.5], "texture": "#0"},
				"south": {"uv": [7, 3, 7.5, 3.5], "texture": "#0"},
				"west": {"uv": [7, 3, 7.5, 3.5], "texture": "#0"},
				"up": {"uv": [7.5, 3, 7, 3.5], "rotation": 180, "texture": "#0"},
				"down": {"uv": [7, 3, 7.5, 3.5], "texture": "#0"}
			}
		},
		{
			"name": "bow_54",
			"from": [7.5, 12.5, 7.55],
			"to": [8, 13, 8.45],
			"faces": {
				"north": {"uv": [7.5, 3.5, 8, 3], "rotation": 180, "texture": "#0"},
				"east": {"uv": [7.5, 3, 8, 3.5], "texture": "#0"},
				"south": {"uv": [7.5, 3, 8, 3.5], "texture": "#0"},
				"west": {"uv": [7.5, 3, 8, 3.5], "texture": "#0"},
				"up": {"uv": [8, 3, 7.5, 3.5], "rotation": 180, "texture": "#0"},
				"down": {"uv": [7.5, 3, 8, 3.5], "texture": "#0"}
			}
		},
		{
			"name": "bow_55",
			"from": [8, 12.5, 7.55],
			"to": [8.5, 13, 8.45],
			"faces": {
				"north": {"uv": [8, 3.5, 8.5, 3], "rotation": 180, "texture": "#0"},
				"east": {"uv": [8, 3, 8.5, 3.5], "texture": "#0"},
				"south": {"uv": [8, 3, 8.5, 3.5], "texture": "#0"},
				"west": {"uv": [8, 3, 8.5, 3.5], "texture": "#0"},
				"up": {"uv": [8.5, 3, 8, 3.5], "rotation": 180, "texture": "#0"},
				"down": {"uv": [8, 3, 8.5, 3.5], "texture": "#0"}
			}
		},
		{
			"name": "bow_56",
			"from": [8.5, 12.5, 7.65],
			"to": [9, 13, 8.35],
			"faces": {
				"north": {"uv": [8.5, 3.5, 9, 3], "rotation": 180, "texture": "#0"},
				"east": {"uv": [8.5, 3, 9, 3.5], "texture": "#0"},
				"south": {"uv": [8.5, 3, 9, 3.5], "texture": "#0"},
				"west": {"uv": [8.5, 3, 9, 3.5], "texture": "#0"},
				"up": {"uv": [9, 3, 8.5, 3.5], "rotation": 180, "texture": "#0"},
				"down": {"uv": [8.5, 3, 9, 3.5], "texture": "#0"}
			}
		},
		{
			"name": "bow_57",
			"from": [9, 12.5, 7.65],
			"to": [9.5, 13, 8.35],
			"faces": {
				"north": {"uv": [9, 3.5, 9.5, 3], "rotation": 180, "texture": "#0"},
				"east": {"uv": [9, 3, 9.5, 3.5], "texture": "#0"},
				"south": {"uv": [9, 3, 9.5, 3.5], "texture": "#0"},
				"west": {"uv": [9, 3, 9.5, 3.5], "texture": "#0"},
				"up": {"uv": [9.5, 3, 9, 3.5], "rotation": 180, "texture": "#0"},
				"down": {"uv": [9, 3, 9.5, 3.5], "texture": "#0"}
			}
		},
		{
			"name": "bow_58",
			"from": [9.5, 12.5, 7.65],
			"to": [10, 13, 8.35],
			"faces": {
				"north": {"uv": [9.5, 3.5, 10, 3], "rotation": 180, "texture": "#0"},
				"east": {"uv": [9.5, 3, 10, 3.5], "texture": "#0"},
				"south": {"uv": [9.5, 3, 10, 3.5], "texture": "#0"},
				"west": {"uv": [9.5, 3, 10, 3.5], "texture": "#0"},
				"up": {"uv": [10, 3, 9.5, 3.5], "rotation": 180, "texture": "#0"},
				"down": {"uv": [9.5, 3, 10, 3.5], "texture": "#0"}
			}
		},
		{
			"name": "bow_59",
			"from": [13.5, 12.5, 7.75],
			"to": [14, 13, 8.25],
			"faces": {
				"north": {"uv": [13.5, 3.5, 14, 3], "rotation": 180, "texture": "#0"},
				"east": {"uv": [13.5, 3, 14, 3.5], "texture": "#0"},
				"south": {"uv": [13.5, 3, 14, 3.5], "texture": "#0"},
				"west": {"uv": [13.5, 3, 14, 3.5], "texture": "#0"},
				"up": {"uv": [14, 3, 13.5, 3.5], "rotation": 180, "texture": "#0"},
				"down": {"uv": [13.5, 3, 14, 3.5], "texture": "#0"}
			}
		},
		{
			"name": "bow_60",
			"from": [5, 12, 7.75],
			"to": [5.5, 12.5, 8.25],
			"faces": {
				"north": {"uv": [5, 4, 5.5, 3.5], "rotation": 180, "texture": "#0"},
				"east": {"uv": [5, 3.5, 5.5, 4], "texture": "#0"},
				"south": {"uv": [5, 3.5, 5.5, 4], "texture": "#0"},
				"west": {"uv": [5, 3.5, 5.5, 4], "texture": "#0"},
				"up": {"uv": [5.5, 3.5, 5, 4], "rotation": 180, "texture": "#0"},
				"down": {"uv": [5, 3.5, 5.5, 4], "texture": "#0"}
			}
		},
		{
			"name": "bow_61",
			"from": [5.5, 12, 7.65],
			"to": [6, 12.5, 8.35],
			"faces": {
				"north": {"uv": [5.5, 4, 6, 3.5], "rotation": 180, "texture": "#0"},
				"east": {"uv": [5.5, 3.5, 6, 4], "texture": "#0"},
				"south": {"uv": [5.5, 3.5, 6, 4], "texture": "#0"},
				"west": {"uv": [5.5, 3.5, 6, 4], "texture": "#0"},
				"up": {"uv": [6, 3.5, 5.5, 4], "rotation": 180, "texture": "#0"},
				"down": {"uv": [5.5, 3.5, 6, 4], "texture": "#0"}
			}
		},
		{
			"name": "bow_62",
			"from": [6, 12, 7.55],
			"to": [6.5, 12.5, 8.45],
			"faces": {
				"north": {"uv": [6, 4, 6.5, 3.5], "rotation": 180, "texture": "#0"},
				"east": {"uv": [6, 3.5, 6.5, 4], "texture": "#0"},
				"south": {"uv": [6, 3.5, 6.5, 4], "texture": "#0"},
				"west": {"uv": [6, 3.5, 6.5, 4], "texture": "#0"},
				"up": {"uv": [6.5, 3.5, 6, 4], "rotation": 180, "texture": "#0"},
				"down": {"uv": [6, 3.5, 6.5, 4], "texture": "#0"}
			}
		},
		{
			"name": "bow_63",
			"from": [6.5, 12, 7.55],
			"to": [7, 12.5, 8.45],
			"faces": {
				"north": {"uv": [6.5, 4, 7, 3.5], "rotation": 180, "texture": "#0"},
				"east": {"uv": [6.5, 3.5, 7, 4], "texture": "#0"},
				"south": {"uv": [6.5, 3.5, 7, 4], "texture": "#0"},
				"west": {"uv": [6.5, 3.5, 7, 4], "texture": "#0"},
				"up": {"uv": [7, 3.5, 6.5, 4], "rotation": 180, "texture": "#0"},
				"down": {"uv": [6.5, 3.5, 7, 4], "texture": "#0"}
			}
		},
		{
			"name": "bow_64",
			"from": [7, 12, 7.55],
			"to": [7.5, 12.5, 8.45],
			"faces": {
				"north": {"uv": [7, 4, 7.5, 3.5], "rotation": 180, "texture": "#0"},
				"east": {"uv": [7, 3.5, 7.5, 4], "texture": "#0"},
				"south": {"uv": [7, 3.5, 7.5, 4], "texture": "#0"},
				"west": {"uv": [7, 3.5, 7.5, 4], "texture": "#0"},
				"up": {"uv": [7.5, 3.5, 7, 4], "rotation": 180, "texture": "#0"},
				"down": {"uv": [7, 3.5, 7.5, 4], "texture": "#0"}
			}
		},
		{
			"name": "bow_65",
			"from": [7.5, 12, 7.65],
			"to": [8, 12.5, 8.35],
			"faces": {
				"north": {"uv": [7.5, 4, 8, 3.5], "rotation": 180, "texture": "#0"},
				"east": {"uv": [7.5, 3.5, 8, 4], "texture": "#0"},
				"south": {"uv": [7.5, 3.5, 8, 4], "texture": "#0"},
				"west": {"uv": [7.5, 3.5, 8, 4], "texture": "#0"},
				"up": {"uv": [8, 3.5, 7.5, 4], "rotation": 180, "texture": "#0"},
				"down": {"uv": [7.5, 3.5, 8, 4], "texture": "#0"}
			}
		},
		{
			"name": "bow_66",
			"from": [8, 12, 7.65],
			"to": [8.5, 12.5, 8.35],
			"faces": {
				"north": {"uv": [8, 4, 8.5, 3.5], "rotation": 180, "texture": "#0"},
				"east": {"uv": [8, 3.5, 8.5, 4], "texture": "#0"},
				"south": {"uv": [8, 3.5, 8.5, 4], "texture": "#0"},
				"west": {"uv": [8, 3.5, 8.5, 4], "texture": "#0"},
				"up": {"uv": [8.5, 3.5, 8, 4], "rotation": 180, "texture": "#0"},
				"down": {"uv": [8, 3.5, 8.5, 4], "texture": "#0"}
			}
		},
		{
			"name": "bow_67",
			"from": [13, 12, 7.75],
			"to": [13.5, 12.5, 8.25],
			"faces": {
				"north": {"uv": [13, 4, 13.5, 3.5], "rotation": 180, "texture": "#0"},
				"east": {"uv": [13, 3.5, 13.5, 4], "texture": "#0"},
				"south": {"uv": [13, 3.5, 13.5, 4], "texture": "#0"},
				"west": {"uv": [13, 3.5, 13.5, 4], "texture": "#0"},
				"up": {"uv": [13.5, 3.5, 13, 4], "rotation": 180, "texture": "#0"},
				"down": {"uv": [13, 3.5, 13.5, 4], "texture": "#0"}
			}
		},
		{
			"name": "bow_68",
			"from": [4.5, 11.5, 7.75],
			"to": [5, 12, 8.25],
			"faces": {
				"north": {"uv": [4.5, 4.5, 5, 4], "rotation": 180, "texture": "#0"},
				"east": {"uv": [4.5, 4, 5, 4.5], "texture": "#0"},
				"south": {"uv": [4.5, 4, 5, 4.5], "texture": "#0"},
				"west": {"uv": [4.5, 4, 5, 4.5], "texture": "#0"},
				"up": {"uv": [5, 4, 4.5, 4.5], "rotation": 180, "texture": "#0"},
				"down": {"uv": [4.5, 4, 5, 4.5], "texture": "#0"}
			}
		},
		{
			"name": "bow_69",
			"from": [5, 11.5, 7.65],
			"to": [5.5, 12, 8.35],
			"faces": {
				"north": {"uv": [5, 4.5, 5.5, 4], "rotation": 180, "texture": "#0"},
				"east": {"uv": [5, 4, 5.5, 4.5], "texture": "#0"},
				"south": {"uv": [5, 4, 5.5, 4.5], "texture": "#0"},
				"west": {"uv": [5, 4, 5.5, 4.5], "texture": "#0"},
				"up": {"uv": [5.5, 4, 5, 4.5], "rotation": 180, "texture": "#0"},
				"down": {"uv": [5, 4, 5.5, 4.5], "texture": "#0"}
			}
		},
		{
			"name": "bow_70",
			"from": [5.5, 11.5, 7.55],
			"to": [6, 12, 8.45],
			"faces": {
				"north": {"uv": [5.5, 4.5, 6, 4], "rotation": 180, "texture": "#0"},
				"east": {"uv": [5.5, 4, 6, 4.5], "texture": "#0"},
				"south": {"uv": [5.5, 4, 6, 4.5], "texture": "#0"},
				"west": {"uv": [5.5, 4, 6, 4.5], "texture": "#0"},
				"up": {"uv": [6, 4, 5.5, 4.5], "rotation": 180, "texture": "#0"},
				"down": {"uv": [5.5, 4, 6, 4.5], "texture": "#0"}
			}
		},
		{
			"name": "bow_71",
			"from": [6, 11.5, 7.55],
			"to": [6.5, 12, 8.45],
			"faces": {
				"north": {"uv": [6, 4.5, 6.5, 4], "rotation": 180, "texture": "#0"},
				"east": {"uv": [6, 4, 6.5, 4.5], "texture": "#0"},
				"south": {"uv": [6, 4, 6.5, 4.5], "texture": "#0"},
				"west": {"uv": [6, 4, 6.5, 4.5], "texture": "#0"},
				"up": {"uv": [6.5, 4, 6, 4.5], "rotation": 180, "texture": "#0"},
				"down": {"uv": [6, 4, 6.5, 4.5], "texture": "#0"}
			}
		},
		{
			"name": "bow_72",
			"from": [6.5, 11.5, 7.55],
			"to": [7, 12, 8.45],
			"faces": {
				"north": {"uv": [6.5, 4.5, 7, 4], "rotation": 180, "texture": "#0"},
				"east": {"uv": [6.5, 4, 7, 4.5], "texture": "#0"},
				"south": {"uv": [6.5, 4, 7, 4.5], "texture": "#0"},
				"west": {"uv": [6.5, 4, 7, 4.5], "texture": "#0"},
				"up": {"uv": [7, 4, 6.5, 4.5], "rotation": 180, "texture": "#0"},
				"down": {"uv": [6.5, 4, 7, 4.5], "texture": "#0"}
			}
		},
		{
			"name": "bow_73",
			"from": [7, 11.5, 7.65],
			"to": [7.5, 12, 8.35],
			"faces": {
				"north": {"uv": [7, 4.5, 7.5, 4], "rotation": 180, "texture": "#0"},
				"east": {"uv": [7, 4, 7.5, 4.5], "texture": "#0"},
				"south": {"uv": [7, 4, 7.5, 4.5], "texture": "#0"},
				"west": {"uv": [7, 4, 7.5, 4.5], "texture": "#0"},
				"up": {"uv": [7.5, 4, 7, 4.5], "rotation": 180, "texture": "#0"},
				"down": {"uv": [7, 4, 7.5, 4.5], "texture": "#0"}
			}
		},
		{
			"name": "bow_74",
			"from": [12.5, 11.5, 7.75],
			"to": [13, 12, 8.25],
			"faces": {
				"north": {"uv": [12.5, 4.5, 13, 4], "rotation": 180, "texture": "#0"},
				"east": {"uv": [12.5, 4, 13, 4.5], "texture": "#0"},
				"south": {"uv": [12.5, 4, 13, 4.5], "texture": "#0"},
				"west": {"uv": [12.5, 4, 13, 4.5], "texture": "#0"},
				"up": {"uv": [13, 4, 12.5, 4.5], "rotation": 180, "texture": "#0"},
				"down": {"uv": [12.5, 4, 13, 4.5], "texture": "#0"}
			}
		},
		{
			"name": "bow_75",
			"from": [4, 11, 7.75],
			"to": [4.5, 11.5, 8.25],
			"faces": {
				"north": {"uv": [4, 5, 4.5, 4.5], "rotation": 180, "texture": "#0"},
				"east": {"uv": [4, 4.5, 4.5, 5], "texture": "#0"},
				"south": {"uv": [4, 4.5, 4.5, 5], "texture": "#0"},
				"west": {"uv": [4, 4.5, 4.5, 5], "texture": "#0"},
				"up": {"uv": [4.5, 4.5, 4, 5], "rotation": 180, "texture": "#0"},
				"down": {"uv": [4, 4.5, 4.5, 5], "texture": "#0"}
			}
		},
		{
			"name": "bow_76",
			"from": [4.5, 11, 7.65],
			"to": [5, 11.5, 8.35],
			"faces": {
				"north": {"uv": [4.5, 5, 5, 4.5], "rotation": 180, "texture": "#0"},
				"east": {"uv": [4.5, 4.5, 5, 5], "texture": "#0"},
				"south": {"uv": [4.5, 4.5, 5, 5], "texture": "#0"},
				"west": {"uv": [4.5, 4.5, 5, 5], "texture": "#0"},
				"up": {"uv": [5, 4.5, 4.5, 5], "rotation": 180, "texture": "#0"},
				"down": {"uv": [4.5, 4.5, 5, 5], "texture": "#0"}
			}
		},
		{
			"name": "bow_77",
			"from": [5, 11, 7.55],
			"to": [5.5, 11.5, 8.45],
			"faces": {
				"north": {"uv": [5, 5, 5.5, 4.5], "rotation": 180, "texture": "#0"},
				"east": {"uv": [5, 4.5, 5.5, 5], "texture": "#0"},
				"south": {"uv": [5, 4.5, 5.5, 5], "texture": "#0"},
				"west": {"uv": [5, 4.5, 5.5, 5], "texture": "#0"},
				"up": {"uv": [5.5, 4.5, 5, 5], "rotation": 180, "texture": "#0"},
				"down": {"uv": [5, 4.5, 5.5, 5], "texture": "#0"}
			}
		},
		{
			"name": "bow_78",
			"from": [5.5, 11, 7.55],
			"to": [6, 11.5, 8.45],
			"faces": {
				"north": {"uv": [5.5, 5, 6, 4.5], "rotation": 180, "texture": "#0"},
				"east": {"uv": [5.5, 4.5, 6, 5], "texture": "#0"},
				"south": {"uv": [5.5, 4.5, 6, 5], "texture": "#0"},
				"west": {"uv": [5.5, 4.5, 6, 5], "texture": "#0"},
				"up": {"uv": [6, 4.5, 5.5, 5], "rotation": 180, "texture": "#0"},
				"down": {"uv": [5.5, 4.5, 6, 5], "texture": "#0"}
			}
		},
		{
			"name": "bow_79",
			"from": [6, 11, 7.65],
			"to": [6.5, 11.5, 8.35],
			"faces": {
				"north": {"uv": [6, 5, 6.5, 4.5], "rotation": 180, "texture": "#0"},
				"east": {"uv": [6, 4.5, 6.5, 5], "texture": "#0"},
				"south": {"uv": [6, 4.5, 6.5, 5], "texture": "#0"},
				"west": {"uv": [6, 4.5, 6.5, 5], "texture": "#0"},
				"up": {"uv": [6.5, 4.5, 6, 5], "rotation": 180, "texture": "#0"},
				"down": {"uv": [6, 4.5, 6.5, 5], "texture": "#0"}
			}
		},
		{
			"name": "bow_80",
			"from": [6.5, 11, 7.75],
			"to": [7, 11.5, 8.25],
			"faces": {
				"north": {"uv": [6.5, 5, 7, 4.5], "rotation": 180, "texture": "#0"},
				"east": {"uv": [6.5, 4.5, 7, 5], "texture": "#0"},
				"south": {"uv": [6.5, 4.5, 7, 5], "texture": "#0"},
				"west": {"uv": [6.5, 4.5, 7, 5], "texture": "#0"},
				"up": {"uv": [7, 4.5, 6.5, 5], "rotation": 180, "texture": "#0"},
				"down": {"uv": [6.5, 4.5, 7, 5], "texture": "#0"}
			}
		},
		{
			"name": "bow_81",
			"from": [12, 11, 7.75],
			"to": [12.5, 11.5, 8.25],
			"faces": {
				"north": {"uv": [12, 5, 12.5, 4.5], "rotation": 180, "texture": "#0"},
				"east": {"uv": [12, 4.5, 12.5, 5], "texture": "#0"},
				"south": {"uv": [12, 4.5, 12.5, 5], "texture": "#0"},
				"west": {"uv": [12, 4.5, 12.5, 5], "texture": "#0"},
				"up": {"uv": [12.5, 4.5, 12, 5], "rotation": 180, "texture": "#0"},
				"down": {"uv": [12, 4.5, 12.5, 5], "texture": "#0"}
			}
		},
		{
			"name": "bow_82",
			"from": [3.5, 10.5, 7.75],
			"to": [4, 11, 8.25],
			"faces": {
				"north": {"uv": [3.5, 5.5, 4, 5], "rotation": 180, "texture": "#0"},
				"east": {"uv": [3.5, 5, 4, 5.5], "texture": "#0"},
				"south": {"uv": [3.5, 5, 4, 5.5], "texture": "#0"},
				"west": {"uv": [3.5, 5, 4, 5.5], "texture": "#0"},
				"up": {"uv": [4, 5, 3.5, 5.5], "rotation": 180, "texture": "#0"},
				"down": {"uv": [3.5, 5, 4, 5.5], "texture": "#0"}
			}
		},
		{
			"name": "bow_83",
			"from": [4, 10.5, 7.65],
			"to": [4.5, 11, 8.35],
			"faces": {
				"north": {"uv": [4, 5.5, 4.5, 5], "rotation": 180, "texture": "#0"},
				"east": {"uv": [4, 5, 4.5, 5.5], "texture": "#0"},
				"south": {"uv": [4, 5, 4.5, 5.5], "texture": "#0"},
				"west": {"uv": [4, 5, 4.5, 5.5], "texture": "#0"},
				"up": {"uv": [4.5, 5, 4, 5.5], "rotation": 180, "texture": "#0"},
				"down": {"uv": [4, 5, 4.5, 5.5], "texture": "#0"}
			}
		},
		{
			"name": "bow_84",
			"from": [4.5, 10.5, 7.55],
			"to": [5, 11, 8.45],
			"faces": {
				"north": {"uv": [4.5, 5.5, 5, 5], "rotation": 180, "texture": "#0"},
				"east": {"uv": [4.5, 5, 5, 5.5], "texture": "#0"},
				"south": {"uv": [4.5, 5, 5, 5.5], "texture": "#0"},
				"west": {"uv": [4.5, 5, 5, 5.5], "texture": "#0"},
				"up": {"uv": [5, 5, 4.5, 5.5], "rotation": 180, "texture": "#0"},
				"down": {"uv": [4.5, 5, 5, 5.5], "texture": "#0"}
			}
		},
		{
			"name": "bow_85",
			"from": [5, 10.5, 7.55],
			"to": [5.5, 11, 8.45],
			"faces": {
				"north": {"uv": [5, 5.5, 5.5, 5], "rotation": 180, "texture": "#0"},
				"east": {"uv": [5, 5, 5.5, 5.5], "texture": "#0"},
				"south": {"uv": [5, 5, 5.5, 5.5], "texture": "#0"},
				"west": {"uv": [5, 5, 5.5, 5.5], "texture": "#0"},
				"up": {"uv": [5.5, 5, 5, 5.5], "rotation": 180, "texture": "#0"},
				"down": {"uv": [5, 5, 5.5, 5.5], "texture": "#0"}
			}
		},
		{
			"name": "bow_86",
			"from": [5.5, 10.5, 7.65],
			"to": [6, 11, 8.35],
			"faces": {
				"north": {"uv": [5.5, 5.5, 6, 5], "rotation": 180, "texture": "#0"},
				"east": {"uv": [5.5, 5, 6, 5.5], "texture": "#0"},
				"south": {"uv": [5.5, 5, 6, 5.5], "texture": "#0"},
				"west": {"uv": [5.5, 5, 6, 5.5], "texture": "#0"},
				"up": {"uv": [6, 5, 5.5, 5.5], "rotation": 180, "texture": "#0"},
				"down": {"uv": [5.5, 5, 6, 5.5], "texture": "#0"}
			}
		},
		{
			"name": "bow_87",
			"from": [6, 10.5, 7.75],
			"to": [6.5, 11, 8.25],
			"faces": {
				"north": {"uv": [6, 5.5, 6.5, 5], "rotation": 180, "texture": "#0"},
				"east": {"uv": [6, 5, 6.5, 5.5], "texture": "#0"},
				"south": {"uv": [6, 5, 6.5, 5.5], "texture": "#0"},
				"west": {"uv": [6, 5, 6.5, 5.5], "texture": "#0"},
				"up": {"uv": [6.5, 5, 6, 5.5], "rotation": 180, "texture": "#0"},
				"down": {"uv": [6, 5, 6.5, 5.5], "texture": "#0"}
			}
		},
		{
			"name": "bow_88",
			"from": [11.5, 10.5, 7.75],
			"to": [12, 11, 8.25],
			"faces": {
				"north": {"uv": [11.5, 5.5, 12, 5], "rotation": 180, "texture": "#0"},
				"east": {"uv": [11.5, 5, 12, 5.5], "texture": "#0"},
				"south": {"uv": [11.5, 5, 12, 5.5], "texture": "#0"},
				"west": {"uv": [11.5, 5, 12, 5.5], "texture": "#0"},
				"up": {"uv": [12, 5, 11.5, 5.5], "rotation": 180, "texture": "#0"},
				"down": {"uv": [11.5, 5, 12, 5.5], "texture": "#0"}
			}
		},
		{
			"name": "bow_89",
			"from": [3, 10, 7.75],
			"to": [3.5, 10.5, 8.25],
			"faces": {
				"north": {"uv": [3, 6, 3.5, 5.5], "rotation": 180, "texture": "#0"},
				"east": {"uv": [3, 5.5, 3.5, 6], "texture": "#0"},
				"south": {"uv": [3, 5.5, 3.5, 6], "texture": "#0"},
				"west": {"uv": [3, 5.5, 3.5, 6], "texture": "#0"},
				"up": {"uv": [3.5, 5.5, 3, 6], "rotation": 180, "texture": "#0"},
				"down": {"uv": [3, 5.5, 3.5, 6], "texture": "#0"}
			}
		},
		{
			"name": "bow_90",
			"from": [3.5, 10, 7.65],
			"to": [4, 10.5, 8.35],
			"faces": {
				"north": {"uv": [3.5, 6, 4, 5.5], "rotation": 180, "texture": "#0"},
				"east": {"uv": [3.5, 5.5, 4, 6], "texture": "#0"},
				"south": {"uv": [3.5, 5.5, 4, 6], "texture": "#0"},
				"west": {"uv": [3.5, 5.5, 4, 6], "texture": "#0"},
				"up": {"uv": [4, 5.5, 3.5, 6], "rotation": 180, "texture": "#0"},
				"down": {"uv": [3.5, 5.5, 4, 6], "texture": "#0"}
			}
		},
		{
			"name": "bow_91",
			"from": [4, 10, 7.55],
			"to": [4.5, 10.5, 8.45],
			"faces": {
				"north": {"uv": [4, 6, 4.5, 5.5], "rotation": 180, "texture": "#0"},
				"east": {"uv": [4, 5.5, 4.5, 6], "texture": "#0"},
				"south": {"uv": [4, 5.5, 4.5, 6], "texture": "#0"},
				"west": {"uv": [4, 5.5, 4.5, 6], "texture": "#0"},
				"up": {"uv": [4.5, 5.5, 4, 6], "rotation": 180, "texture": "#0"},
				"down": {"uv": [4, 5.5, 4.5, 6], "texture": "#0"}
			}
		},
		{
			"name": "bow_92",
			"from": [4.5, 10, 7.55],
			"to": [5, 10.5, 8.45],
			"faces": {
				"north": {"uv": [4.5, 6, 5, 5.5], "rotation": 180, "texture": "#0"},
				"east": {"uv": [4.5, 5.5, 5, 6], "texture": "#0"},
				"south": {"uv": [4.5, 5.5, 5, 6], "texture": "#0"},
				"west": {"uv": [4.5, 5.5, 5, 6], "texture": "#0"},
				"up": {"uv": [5, 5.5, 4.5, 6], "rotation": 180, "texture": "#0"},
				"down": {"uv": [4.5, 5.5, 5, 6], "texture": "#0"}
			}
		},
		{
			"name": "bow_93",
			"from": [5, 10, 7.65],
			"to": [5.5, 10.5, 8.35],
			"faces": {
				"north": {"uv": [5, 6, 5.5, 5.5], "rotation": 180, "texture": "#0"},
				"east": {"uv": [5, 5.5, 5.5, 6], "texture": "#0"},
				"south": {"uv": [5, 5.5, 5.5, 6], "texture": "#0"},
				"west": {"uv": [5, 5.5, 5.5, 6], "texture": "#0"},
				"up": {"uv": [5.5, 5.5, 5, 6], "rotation": 180, "texture": "#0"},
				"down": {"uv": [5, 5.5, 5.5, 6], "texture": "#0"}
			}
		},
		{
			"name": "bow_94",
			"from": [5.5, 10, 7.75],
			"to": [6, 10.5, 8.25],
			"faces": {
				"north": {"uv": [5.5, 6, 6, 5.5], "rotation": 180, "texture": "#0"},
				"east": {"uv": [5.5, 5.5, 6, 6], "texture": "#0"},
				"south": {"uv": [5.5, 5.5, 6, 6], "texture": "#0"},
				"west": {"uv": [5.5, 5.5, 6, 6], "texture": "#0"},
				"up": {"uv": [6, 5.5, 5.5, 6], "rotation": 180, "texture": "#0"},
				"down": {"uv": [5.5, 5.5, 6, 6], "texture": "#0"}
			}
		},
		{
			"name": "bow_95",
			"from": [11, 10, 7.75],
			"to": [11.5, 10.5, 8.25],
			"faces": {
				"north": {"uv": [11, 6, 11.5, 5.5], "rotation": 180, "texture": "#0"},
				"east": {"uv": [11, 5.5, 11.5, 6], "texture": "#0"},
				"south": {"uv": [11, 5.5, 11.5, 6], "texture": "#0"},
				"west": {"uv": [11, 5.5, 11.5, 6], "texture": "#0"},
				"up": {"uv": [11.5, 5.5, 11, 6], "rotation": 180, "texture": "#0"},
				"down": {"uv": [11, 5.5, 11.5, 6], "texture": "#0"}
			}
		},
		{
			"name": "bow_96",
			"from": [3, 9.5, 7.65],
			"to": [3.5, 10, 8.35],
			"faces": {
				"north": {"uv": [3, 6.5, 3.5, 6], "rotation": 180, "texture": "#0"},
				"east": {"uv": [3, 6, 3.5, 6.5], "texture": "#0"},
				"south": {"uv": [3, 6, 3.5, 6.5], "texture": "#0"},
				"west": {"uv": [3, 6, 3.5, 6.5], "texture": "#0"},
				"up": {"uv": [3.5, 6, 3, 6.5], "rotation": 180, "texture": "#0"},
				"down": {"uv": [3, 6, 3.5, 6.5], "texture": "#0"}
			}
		},
		{
			"name": "bow_97",
			"from": [3.5, 9.5, 7.55],
			"to": [4, 10, 8.45],
			"faces": {
				"north": {"uv": [3.5, 6.5, 4, 6], "rotation": 180, "texture": "#0"},
				"east": {"uv": [3.5, 6, 4, 6.5], "texture": "#0"},
				"south": {"uv": [3.5, 6, 4, 6.5], "texture": "#0"},
				"west": {"uv": [3.5, 6, 4, 6.5], "texture": "#0"},
				"up": {"uv": [4, 6, 3.5, 6.5], "rotation": 180, "texture": "#0"},
				"down": {"uv": [3.5, 6, 4, 6.5], "texture": "#0"}
			}
		},
		{
			"name": "bow_98",
			"from": [4, 9.5, 7.55],
			"to": [4.5, 10, 8.45],
			"faces": {
				"north": {"uv": [4, 6.5, 4.5, 6], "rotation": 180, "texture": "#0"},
				"east": {"uv": [4, 6, 4.5, 6.5], "texture": "#0"},
				"south": {"uv": [4, 6, 4.5, 6.5], "texture": "#0"},
				"west": {"uv": [4, 6, 4.5, 6.5], "texture": "#0"},
				"up": {"uv": [4.5, 6, 4, 6.5], "rotation": 180, "texture": "#0"},
				"down": {"uv": [4, 6, 4.5, 6.5], "texture": "#0"}
			}
		},
		{
			"name": "bow_99",
			"from": [4.5, 9.5, 7.65],
			"to": [5, 10, 8.35],
			"faces": {
				"north": {"uv": [4.5, 6.5, 5, 6], "rotation": 180, "texture": "#0"},
				"east": {"uv": [4.5, 6, 5, 6.5], "texture": "#0"},
				"south": {"uv": [4.5, 6, 5, 6.5], "texture": "#0"},
				"west": {"uv": [4.5, 6, 5, 6.5], "texture": "#0"},
				"up": {"uv": [5, 6, 4.5, 6.5], "rotation": 180, "texture": "#0"},
				"down": {"uv": [4.5, 6, 5, 6.5], "texture": "#0"}
			}
		},
		{
			"name": "bow_100",
			"from": [5, 9.5, 7.75],
			"to": [5.5, 10, 8.25],
			"faces": {
				"north": {"uv": [5, 6.5, 5.5, 6], "rotation": 180, "texture": "#0"},
				"east": {"uv": [5, 6, 5.5, 6.5], "texture": "#0"},
				"south": {"uv": [5, 6, 5.5, 6.5], "texture": "#0"},
				"west": {"uv": [5, 6, 5.5, 6.5], "texture": "#0"},
				"up": {"uv": [5.5, 6, 5, 6.5], "rotation": 180, "texture": "#0"},
				"down": {"uv": [5, 6, 5.5, 6.5], "texture": "#0"}
			}
		},
		{
			"name": "bow_101",
			"from": [10.5, 9.5, 7.75],
			"to": [11, 10, 8.25],
			"faces": {
				"north": {"uv": [10.5, 6.5, 11, 6], "rotation": 180, "texture": "#0"},
				"east": {"uv": [10.5, 6, 11, 6.5], "texture": "#0"},
				"south": {"uv": [10.5, 6, 11, 6.5], "texture": "#0"},
				"west": {"uv": [10.5, 6, 11, 6.5], "texture": "#0"},
				"up": {"uv": [11, 6, 10.5, 6.5], "rotation": 180, "texture": "#0"},
				"down": {"uv": [10.5, 6, 11, 6.5], "texture": "#0"}
			}
		},
		{
			"name": "bow_102",
			"from": [2.5, 9, 7.65],
			"to": [3, 9.5, 8.35],
			"faces": {
				"north": {"uv": [2.5, 7, 3, 6.5], "rotation": 180, "texture": "#0"},
				"east": {"uv": [2.5, 6.5, 3, 7], "texture": "#0"},
				"south": {"uv": [2.5, 6.5, 3, 7], "texture": "#0"},
				"west": {"uv": [2.5, 6.5, 3, 7], "texture": "#0"},
				"up": {"uv": [3, 6.5, 2.5, 7], "rotation": 180, "texture": "#0"},
				"down": {"uv": [2.5, 6.5, 3, 7], "texture": "#0"}
			}
		},
		{
			"name": "bow_103",
			"from": [3, 9, 7.55],
			"to": [3.5, 9.5, 8.45],
			"faces": {
				"north": {"uv": [3, 7, 3.5, 6.5], "rotation": 180, "texture": "#0"},
				"east": {"uv": [3, 6.5, 3.5, 7], "texture": "#0"},
				"south": {"uv": [3, 6.5, 3.5, 7], "texture": "#0"},
				"west": {"uv": [3, 6.5, 3.5, 7], "texture": "#0"},
				"up": {"uv": [3.5, 6.5, 3, 7], "rotation": 180, "texture": "#0"},
				"down": {"uv": [3, 6.5, 3.5, 7], "texture": "#0"}
			}
		},
		{
			"name": "bow_104",
			"from": [3.5, 9, 7.55],
			"to": [4, 9.5, 8.45],
			"faces": {
				"north": {"uv": [3.5, 7, 4, 6.5], "rotation": 180, "texture": "#0"},
				"east": {"uv": [3.5, 6.5, 4, 7], "texture": "#0"},
				"south": {"uv": [3.5, 6.5, 4, 7], "texture": "#0"},
				"west": {"uv": [3.5, 6.5, 4, 7], "texture": "#0"},
				"up": {"uv": [4, 6.5, 3.5, 7], "rotation": 180, "texture": "#0"},
				"down": {"uv": [3.5, 6.5, 4, 7], "texture": "#0"}
			}
		},
		{
			"name": "bow_105",
			"from": [4, 9, 7.55],
			"to": [4.5, 9.5, 8.45],
			"faces": {
				"north": {"uv": [4, 7, 4.5, 6.5], "rotation": 180, "texture": "#0"},
				"east": {"uv": [4, 6.5, 4.5, 7], "texture": "#0"},
				"south": {"uv": [4, 6.5, 4.5, 7], "texture": "#0"},
				"west": {"uv": [4, 6.5, 4.5, 7], "texture": "#0"},
				"up": {"uv": [4.5, 6.5, 4, 7], "rotation": 180, "texture": "#0"},
				"down": {"uv": [4, 6.5, 4.5, 7], "texture": "#0"}
			}
		},
		{
			"name": "bow_106",
			"from": [4.5, 9, 7.75],
			"to": [5, 9.5, 8.25],
			"faces": {
				"north": {"uv": [4.5, 7, 5, 6.5], "rotation": 180, "texture": "#0"},
				"east": {"uv": [4.5, 6.5, 5, 7], "texture": "#0"},
				"south": {"uv": [4.5, 6.5, 5, 7], "texture": "#0"},
				"west": {"uv": [4.5, 6.5, 5, 7], "texture": "#0"},
				"up": {"uv": [5, 6.5, 4.5, 7], "rotation": 180, "texture": "#0"},
				"down": {"uv": [4.5, 6.5, 5, 7], "texture": "#0"}
			}
		},
		{
			"name": "bow_107",
			"from": [10, 9, 7.75],
			"to": [10.5, 9.5, 8.25],
			"faces": {
				"north": {"uv": [10, 7, 10.5, 6.5], "rotation": 180, "texture": "#0"},
				"east": {"uv": [10, 6.5, 10.5, 7], "texture": "#0"},
				"south": {"uv": [10, 6.5, 10.5, 7], "texture": "#0"},
				"west": {"uv": [10, 6.5, 10.5, 7], "texture": "#0"},
				"up": {"uv": [10.5, 6.5, 10, 7], "rotation": 180, "texture": "#0"},
				"down": {"uv": [10, 6.5, 10.5, 7], "texture": "#0"}
			}
		},
		{
			"name": "bow_108",
			"from": [2.5, 8.5, 7.65],
			"to": [3, 9, 8.35],
			"faces": {
				"north": {"uv": [2.5, 7.5, 3, 7], "rotation": 180, "texture": "#0"},
				"east": {"uv": [2.5, 7, 3, 7.5], "texture": "#0"},
				"south": {"uv": [2.5, 7, 3, 7.5], "texture": "#0"},
				"west": {"uv": [2.5, 7, 3, 7.5], "texture": "#0"},
				"up": {"uv": [3, 7, 2.5, 7.5], "rotation": 180, "texture": "#0"},
				"down": {"uv": [2.5, 7, 3, 7.5], "texture": "#0"}
			}
		},
		{
			"name": "bow_109",
			"from": [3, 8.5, 7.55],
			"to": [3.5, 9, 8.45],
			"faces": {
				"north": {"uv": [3, 7.5, 3.5, 7], "rotation": 180, "texture": "#0"},
				"east": {"uv": [3, 7, 3.5, 7.5], "texture": "#0"},
				"south": {"uv": [3, 7, 3.5, 7.5], "texture": "#0"},
				"west": {"uv": [3, 7, 3.5, 7.5], "texture": "#0"},
				"up": {"uv": [3.5, 7, 3, 7.5], "rotation": 180, "texture": "#0"},
				"down": {"uv": [3, 7, 3.5, 7.5], "texture": "#0"}
			}
		},
		{
			"name": "bow_110",
			"from": [3.5, 8.5, 7.55],
			"to": [4, 9, 8.45],
			"faces": {
				"north": {"uv": [3.5, 7.5, 4, 7], "rotation": 180, "texture": "#0"},
				"east": {"uv": [3.5, 7, 4, 7.5], "texture": "#0"},
				"south": {"uv": [3.5, 7, 4, 7.5], "texture": "#0"},
				"west": {"uv": [3.5, 7, 4, 7.5], "texture": "#0"},
				"up": {"uv": [4, 7, 3.5, 7.5], "rotation": 180, "texture": "#0"},
				"down": {"uv": [3.5, 7, 4, 7.5], "texture": "#0"}
			}
		},
		{
			"name": "bow_111",
			"from": [4, 8.5, 7.65],
			"to": [4.5, 9, 8.35],
			"faces": {
				"north": {"uv": [4, 7.5, 4.5, 7], "rotation": 180, "texture": "#0"},
				"east": {"uv": [4, 7, 4.5, 7.5], "texture": "#0"},
				"south": {"uv": [4, 7, 4.5, 7.5], "texture": "#0"},
				"west": {"uv": [4, 7, 4.5, 7.5], "texture": "#0"},
				"up": {"uv": [4.5, 7, 4, 7.5], "rotation": 180, "texture": "#0"},
				"down": {"uv": [4, 7, 4.5, 7.5], "texture": "#0"}
			}
		},
		{
			"name": "bow_112",
			"from": [9.5, 8.5, 7.75],
			"to": [10, 9, 8.25],
			"faces": {
				"north": {"uv": [9.5, 7.5, 10, 7], "rotation": 180, "texture": "#0"},
				"east": {"uv": [9.5, 7, 10, 7.5], "texture": "#0"},
				"south": {"uv": [9.5, 7, 10, 7.5], "texture": "#0"},
				"west": {"uv": [9.5, 7, 10, 7.5], "texture": "#0"},
				"up": {"uv": [10, 7, 9.5, 7.5], "rotation": 180, "texture": "#0"},
				"down": {"uv": [9.5, 7, 10, 7.5], "texture": "#0"}
			}
		},
		{
			"name": "bow_113",
			"from": [2, 8, 7.65],
			"to": [2.5, 8.5, 8.35],
			"faces": {
				"north": {"uv": [2, 8, 2.5, 7.5], "rotation": 180, "texture": "#0"},
				"east": {"uv": [2, 7.5, 2.5, 8], "texture": "#0"},
				"south": {"uv": [2, 7.5, 2.5, 8], "texture": "#0"},
				"west": {"uv": [2, 7.5, 2.5, 8], "texture": "#0"},
				"up": {"uv": [2.5, 7.5, 2, 8], "rotation": 180, "texture": "#0"},
				"down": {"uv": [2, 7.5, 2.5, 8], "texture": "#0"}
			}
		},
		{
			"name": "bow_114",
			"from": [2.5, 8, 7.55],
			"to": [3, 8.5, 8.45],
			"faces": {
				"north": {"uv": [2.5, 8, 3, 7.5], "rotation": 180, "texture": "#0"},
				"east": {"uv": [2.5, 7.5, 3, 8], "texture": "#0"},
				"south": {"uv": [2.5, 7.5, 3, 8], "texture": "#0"},
				"west": {"uv": [2.5, 7.5, 3, 8], "texture": "#0"},
				"up": {"uv": [3, 7.5, 2.5, 8], "rotation": 180, "texture": "#0"},
				"down": {"uv": [2.5, 7.5, 3, 8], "texture": "#0"}
			}
		},
		{
			"name": "bow_115",
			"from": [3, 8, 7.55],
			"to": [3.5, 8.5, 8.45],
			"faces": {
				"north": {"uv": [3, 8, 3.5, 7.5], "rotation": 180, "texture": "#0"},
				"east": {"uv": [3, 7.5, 3.5, 8], "texture": "#0"},
				"south": {"uv": [3, 7.5, 3.5, 8], "texture": "#0"},
				"west": {"uv": [3, 7.5, 3.5, 8], "texture": "#0"},
				"up": {"uv": [3.5, 7.5, 3, 8], "rotation": 180, "texture": "#0"},
				"down": {"uv": [3, 7.5, 3.5, 8], "texture": "#0"}
			}
		},
		{
			"name": "bow_116",
			"from": [3.5, 8, 7.65],
			"to": [4, 8.5, 8.35],
			"faces": {
				"north": {"uv": [3.5, 8, 4, 7.5], "rotation": 180, "texture": "#0"},
				"east": {"uv": [3.5, 7.5, 4, 8], "texture": "#0"},
				"south": {"uv": [3.5, 7.5, 4, 8], "texture": "#0"},
				"west": {"uv": [3.5, 7.5, 4, 8], "texture": "#0"},
				"up": {"uv": [4, 7.5, 3.5, 8], "rotation": 180, "texture": "#0"},
				"down": {"uv": [3.5, 7.5, 4, 8], "texture": "#0"}
			}
		},
		{
			"name": "bow_117",
			"from": [9, 8, 7.75],
			"to": [9.5, 8.5, 8.25],
			"faces": {
				"north": {"uv": [9, 8, 9.5, 7.5], "rotation": 180, "texture": "#0"},
				"east": {"uv": [9, 7.5, 9.5, 8], "texture": "#0"},
				"south": {"uv": [9, 7.5, 9.5, 8], "texture": "#0"},
				"west": {"uv": [9, 7.5, 9.5, 8], "texture": "#0"},
				"up": {"uv": [9.5, 7.5, 9, 8], "rotation": 180, "texture": "#0"},
				"down": {"uv": [9, 7.5, 9.5, 8], "texture": "#0"}
			}
		},
		{
			"name": "bow_118",
			"from": [2, 7.5, 7.65],
			"to": [2.5, 8, 8.35],
			"faces": {
				"north": {"uv": [2, 8.5, 2.5, 8], "rotation": 180, "texture": "#0"},
				"east": {"uv": [2, 8, 2.5, 8.5], "texture": "#0"},
				"south": {"uv": [2, 8, 2.5, 8.5], "texture": "#0"},
				"west": {"uv": [2, 8, 2.5, 8.5], "texture": "#0"},
				"up": {"uv": [2.5, 8, 2, 8.5], "rotation": 180, "texture": "#0"},
				"down": {"uv": [2, 8, 2.5, 8.5], "texture": "#0"}
			}
		},
		{
			"name": "bow_119",
			"from": [2.5, 7.5, 7.55],
			"to": [3, 8, 8.45],
			"faces": {
				"north": {"uv": [2.5, 8.5, 3, 8], "rotation": 180, "texture": "#0"},
				"east": {"uv": [2.5, 8, 3, 8.5], "texture": "#0"},
				"south": {"uv": [2.5, 8, 3, 8.5], "texture": "#0"},
				"west": {"uv": [2.5, 8, 3, 8.5], "texture": "#0"},
				"up": {"uv": [3, 8, 2.5, 8.5], "rotation": 180, "texture": "#0"},
				"down": {"uv": [2.5, 8, 3, 8.5], "texture": "#0"}
			}
		},
		{
			"name": "bow_120",
			"from": [3, 7.5, 7.55],
			"to": [3.5, 8, 8.45],
			"faces": {
				"north": {"uv": [3, 8.5, 3.5, 8], "rotation": 180, "texture": "#0"},
				"east": {"uv": [3, 8, 3.5, 8.5], "texture": "#0"},
				"south": {"uv": [3, 8, 3.5, 8.5], "texture": "#0"},
				"west": {"uv": [3, 8, 3.5, 8.5], "texture": "#0"},
				"up": {"uv": [3.5, 8, 3, 8.5], "rotation": 180, "texture": "#0"},
				"down": {"uv": [3, 8, 3.5, 8.5], "texture": "#0"}
			}
		},
		{
			"name": "bow_121",
			"from": [3.5, 7.5, 7.65],
			"to": [4, 8, 8.35],
			"faces": {
				"north": {"uv": [3.5, 8.5, 4, 8], "rotation": 180, "texture": "#0"},
				"east": {"uv": [3.5, 8, 4, 8.5], "texture": "#0"},
				"south": {"uv": [3.5, 8, 4, 8.5], "texture": "#0"},
				"west": {"uv": [3.5, 8, 4, 8.5], "texture": "#0"},
				"up": {"uv": [4, 8, 3.5, 8.5], "rotation": 180, "texture": "#0"},
				"down": {"uv": [3.5, 8, 4, 8.5], "texture": "#0"}
			}
		},
		{
			"name": "bow_122",
			"from": [8.5, 7.5, 7.75],
			"to": [9, 8, 8.25],
			"faces": {
				"north": {"uv": [8.5, 8.5, 9, 8], "rotation": 180, "texture": "#0"},
				"east": {"uv": [8.5, 8, 9, 8.5], "texture": "#0"},
				"south": {"uv": [8.5, 8, 9, 8.5], "texture": "#0"},
				"west": {"uv": [8.5, 8, 9, 8.5], "texture": "#0"},
				"up": {"uv": [9, 8, 8.5, 8.5], "rotation": 180, "texture": "#0"},
				"down": {"uv": [8.5, 8, 9, 8.5], "texture": "#0"}
			}
		},
		{
			"name": "bow_123",
			"from": [1.5, 7, 7.65],
			"to": [2, 7.5, 8.35],
			"faces": {
				"north": {"uv": [1.5, 9, 2, 8.5], "rotation": 180, "texture": "#0"},
				"east": {"uv": [1.5, 8.5, 2, 9], "texture": "#0"},
				"south": {"uv": [1.5, 8.5, 2, 9], "texture": "#0"},
				"west": {"uv": [1.5, 8.5, 2, 9], "texture": "#0"},
				"up": {"uv": [2, 8.5, 1.5, 9], "rotation": 180, "texture": "#0"},
				"down": {"uv": [1.5, 8.5, 2, 9], "texture": "#0"}
			}
		},
		{
			"name": "bow_124",
			"from": [2, 7, 7.55],
			"to": [2.5, 7.5, 8.45],
			"faces": {
				"north": {"uv": [2, 9, 2.5, 8.5], "rotation": 180, "texture": "#0"},
				"east": {"uv": [2, 8.5, 2.5, 9], "texture": "#0"},
				"south": {"uv": [2, 8.5, 2.5, 9], "texture": "#0"},
				"west": {"uv": [2, 8.5, 2.5, 9], "texture": "#0"},
				"up": {"uv": [2.5, 8.5, 2, 9], "rotation": 180, "texture": "#0"},
				"down": {"uv": [2, 8.5, 2.5, 9], "texture": "#0"}
			}
		},
		{
			"name": "bow_125",
			"from": [2.5, 7, 7.55],
			"to": [3, 7.5, 8.45],
			"faces": {
				"north": {"uv": [2.5, 9, 3, 8.5], "rotation": 180, "texture": "#0"},
				"east": {"uv": [2.5, 8.5, 3, 9], "texture": "#0"},
				"south": {"uv": [2.5, 8.5, 3, 9], "texture": "#0"},
				"west": {"uv": [2.5, 8.5, 3, 9], "texture": "#0"},
				"up": {"uv": [3, 8.5, 2.5, 9], "rotation": 180, "texture": "#0"},
				"down": {"uv": [2.5, 8.5, 3, 9], "texture": "#0"}
			}
		},
		{
			"name": "bow_126",
			"from": [3, 7, 7.65],
			"to": [3.5, 7.5, 8.35],
			"faces": {
				"north": {"uv": [3, 9, 3.5, 8.5], "rotation": 180, "texture": "#0"},
				"east": {"uv": [3, 8.5, 3.5, 9], "texture": "#0"},
				"south": {"uv": [3, 8.5, 3.5, 9], "texture": "#0"},
				"west": {"uv": [3, 8.5, 3.5, 9], "texture": "#0"},
				"up": {"uv": [3.5, 8.5, 3, 9], "rotation": 180, "texture": "#0"},
				"down": {"uv": [3, 8.5, 3.5, 9], "texture": "#0"}
			}
		},
		{
			"name": "bow_127",
			"from": [8, 7, 7.75],
			"to": [8.5, 7.5, 8.25],
			"faces": {
				"north": {"uv": [8, 9, 8.5, 8.5], "rotation": 180, "texture": "#0"},
				"east": {"uv": [8, 8.5, 8.5, 9], "texture": "#0"},
				"south": {"uv": [8, 8.5, 8.5, 9], "texture": "#0"},
				"west": {"uv": [8, 8.5, 8.5, 9], "texture": "#0"},
				"up": {"uv": [8.5, 8.5, 8, 9], "rotation": 180, "texture": "#0"},
				"down": {"uv": [8, 8.5, 8.5, 9], "texture": "#0"}
			}
		},
		{
			"name": "bow_128",
			"from": [1.5, 6.5, 7.65],
			"to": [2, 7, 8.35],
			"faces": {
				"north": {"uv": [1.5, 9.5, 2, 9], "rotation": 180, "texture": "#0"},
				"east": {"uv": [1.5, 9, 2, 9.5], "texture": "#0"},
				"south": {"uv": [1.5, 9, 2, 9.5], "texture": "#0"},
				"west": {"uv": [1.5, 9, 2, 9.5], "texture": "#0"},
				"up": {"uv": [2, 9, 1.5, 9.5], "rotation": 180, "texture": "#0"},
				"down": {"uv": [1.5, 9, 2, 9.5], "texture": "#0"}
			}
		},
		{
			"name": "bow_129",
			"from": [2, 6.5, 7.55],
			"to": [2.5, 7, 8.45],
			"faces": {
				"north": {"uv": [2, 9.5, 2.5, 9], "rotation": 180, "texture": "#0"},
				"east": {"uv": [2, 9, 2.5, 9.5], "texture": "#0"},
				"south": {"uv": [2, 9, 2.5, 9.5], "texture": "#0"},
				"west": {"uv": [2, 9, 2.5, 9.5], "texture": "#0"},
				"up": {"uv": [2.5, 9, 2, 9.5], "rotation": 180, "texture": "#0"},
				"down": {"uv": [2, 9, 2.5, 9.5], "texture": "#0"}
			}
		},
		{
			"name": "bow_130",
			"from": [2.5, 6.5, 7.55],
			"to": [3, 7, 8.45],
			"faces": {
				"north": {"uv": [2.5, 9.5, 3, 9], "rotation": 180, "texture": "#0"},
				"east": {"uv": [2.5, 9, 3, 9.5], "texture": "#0"},
				"south": {"uv": [2.5, 9, 3, 9.5], "texture": "#0"},
				"west": {"uv": [2.5, 9, 3, 9.5], "texture": "#0"},
				"up": {"uv": [3, 9, 2.5, 9.5], "rotation": 180, "texture": "#0"},
				"down": {"uv": [2.5, 9, 3, 9.5], "texture": "#0"}
			}
		},
		{
			"name": "bow_131",
			"from": [3, 6.5, 7.65],
			"to": [3.5, 7, 8.35],
			"faces": {
				"north": {"uv": [3, 9.5, 3.5, 9], "rotation": 180, "texture": "#0"},
				"east": {"uv": [3, 9, 3.5, 9.5], "texture": "#0"},
				"south": {"uv": [3, 9, 3.5, 9.5], "texture": "#0"},
				"west": {"uv": [3, 9, 3.5, 9.5], "texture": "#0"},
				"up": {"uv": [3.5, 9, 3, 9.5], "rotation": 180, "texture": "#0"},
				"down": {"uv": [3, 9, 3.5, 9.5], "texture": "#0"}
			}
		},
		{
			"name": "bow_132",
			"from": [7.5, 6.5, 7.75],
			"to": [8, 7, 8.25],
			"faces": {
				"north": {"uv": [7.5, 9.5, 8, 9], "rotation": 180, "texture": "#0"},
				"east": {"uv": [7.5, 9, 8, 9.5], "texture": "#0"},
				"south": {"uv": [7.5, 9, 8, 9.5], "texture": "#0"},
				"west": {"uv": [7.5, 9, 8, 9.5], "texture": "#0"},
				"up": {"uv": [8, 9, 7.5, 9.5], "rotation": 180, "texture": "#0"},
				"down": {"uv": [7.5, 9, 8, 9.5], "texture": "#0"}
			}
		},
		{
			"name": "bow_133",
			"from": [1.5, 6, 7.65],
			"to": [2, 6.5, 8.35],
			"faces": {
				"north": {"uv": [1.5, 10, 2, 9.5], "rotation": 180, "texture": "#0"},
				"east": {"uv": [1.5, 9.5, 2, 10], "texture": "#0"},
				"south": {"uv": [1.5, 9.5, 2, 10], "texture": "#0"},
				"west": {"uv": [1.5, 9.5, 2, 10], "texture": "#0"},
				"up": {"uv": [2, 9.5, 1.5, 10], "rotation": 180, "texture": "#0"},
				"down": {"uv": [1.5, 9.5, 2, 10], "texture": "#0"}
			}
		},
		{
			"name": "bow_134",
			"from": [2, 6, 7.55],
			"to": [2.5, 6.5, 8.45],
			"faces": {
				"north": {"uv": [2, 10, 2.5, 9.5], "rotation": 180, "texture": "#0"},
				"east": {"uv": [2, 9.5, 2.5, 10], "texture": "#0"},
				"south": {"uv": [2, 9.5, 2.5, 10], "texture": "#0"},
				"west": {"uv": [2, 9.5, 2.5, 10], "texture": "#0"},
				"up": {"uv": [2.5, 9.5, 2, 10], "rotation": 180, "texture": "#0"},
				"down": {"uv": [2, 9.5, 2.5, 10], "texture": "#0"}
			}
		},
		{
			"name": "bow_135",
			"from": [2.5, 6, 7.55],
			"to": [3, 6.5, 8.45],
			"faces": {
				"north": {"uv": [2.5, 10, 3, 9.5], "rotation": 180, "texture": "#0"},
				"east": {"uv": [2.5, 9.5, 3, 10], "texture": "#0"},
				"south": {"uv": [2.5, 9.5, 3, 10], "texture": "#0"},
				"west": {"uv": [2.5, 9.5, 3, 10], "texture": "#0"},
				"up": {"uv": [3, 9.5, 2.5, 10], "rotation": 180, "texture": "#0"},
				"down": {"uv": [2.5, 9.5, 3, 10], "texture": "#0"}
			}
		},
		{
			"name": "bow_136",
			"from": [3, 6, 7.65],
			"to": [3.5, 6.5, 8.35],
			"faces": {
				"north": {"uv": [3, 10, 3.5, 9.5], "rotation": 180, "texture": "#0"},
				"east": {"uv": [3, 9.5, 3.5, 10], "texture": "#0"},
				"south": {"uv": [3, 9.5, 3.5, 10], "texture": "#0"},
				"west": {"uv": [3, 9.5, 3.5, 10], "texture": "#0"},
				"up": {"uv": [3.5, 9.5, 3, 10], "rotation": 180, "texture": "#0"},
				"down": {"uv": [3, 9.5, 3.5, 10], "texture": "#0"}
			}
		},
		{
			"name": "bow_137",
			"from": [7, 6, 7.75],
			"to": [7.5, 6.5, 8.25],
			"faces": {
				"north": {"uv": [7, 10, 7.5, 9.5], "rotation": 180, "texture": "#0"},
				"east": {"uv": [7, 9.5, 7.5, 10], "texture": "#0"},
				"south": {"uv": [7, 9.5, 7.5, 10], "texture": "#0"},
				"west": {"uv": [7, 9.5, 7.5, 10], "texture": "#0"},
				"up": {"uv": [7.5, 9.5, 7, 10], "rotation": 180, "texture": "#0"},
				"down": {"uv": [7, 9.5, 7.5, 10], "texture": "#0"}
			}
		},
		{
			"name": "bow_138",
			"from": [1.5, 5.5, 7.65],
			"to": [2, 6, 8.35],
			"faces": {
				"north": {"uv": [1.5, 10.5, 2, 10], "rotation": 180, "texture": "#0"},
				"east": {"uv": [1.5, 10, 2, 10.5], "texture": "#0"},
				"south": {"uv": [1.5, 10, 2, 10.5], "texture": "#0"},
				"west": {"uv": [1.5, 10, 2, 10.5], "texture": "#0"},
				"up": {"uv": [2, 10, 1.5, 10.5], "rotation": 180, "texture": "#0"},
				"down": {"uv": [1.5, 10, 2, 10.5], "texture": "#0"}
			}
		},
		{
			"name": "bow_139",
			"from": [2, 5.5, 7.55],
			"to": [2.5, 6, 8.45],
			"faces": {
				"north": {"uv": [2, 10.5, 2.5, 10], "rotation": 180, "texture": "#0"},
				"east": {"uv": [2, 10, 2.5, 10.5], "texture": "#0"},
				"south": {"uv": [2, 10, 2.5, 10.5], "texture": "#0"},
				"west": {"uv": [2, 10, 2.5, 10.5], "texture": "#0"},
				"up": {"uv": [2.5, 10, 2, 10.5], "rotation": 180, "texture": "#0"},
				"down": {"uv": [2, 10, 2.5, 10.5], "texture": "#0"}
			}
		},
		{
			"name": "bow_140",
			"from": [2.5, 5.5, 7.65],
			"to": [3, 6, 8.35],
			"faces": {
				"north": {"uv": [2.5, 10.5, 3, 10], "rotation": 180, "texture": "#0"},
				"east": {"uv": [2.5, 10, 3, 10.5], "texture": "#0"},
				"south": {"uv": [2.5, 10, 3, 10.5], "texture": "#0"},
				"west": {"uv": [2.5, 10, 3, 10.5], "texture": "#0"},
				"up": {"uv": [3, 10, 2.5, 10.5], "rotation": 180, "texture": "#0"},
				"down": {"uv": [2.5, 10, 3, 10.5], "texture": "#0"}
			}
		},
		{
			"name": "bow_141",
			"from": [6.5, 5.5, 7.75],
			"to": [7, 6, 8.25],
			"faces": {
				"north": {"uv": [6.5, 10.5, 7, 10], "rotation": 180, "texture": "#0"},
				"east": {"uv": [6.5, 10, 7, 10.5], "texture": "#0"},
				"south": {"uv": [6.5, 10, 7, 10.5], "texture": "#0"},
				"west": {"uv": [6.5, 10, 7, 10.5], "texture": "#0"},
				"up": {"uv": [7, 10, 6.5, 10.5], "rotation": 180, "texture": "#0"},
				"down": {"uv": [6.5, 10, 7, 10.5], "texture": "#0"}
			}
		},
		{
			"name": "bow_142",
			"from": [1, 5, 7.65],
			"to": [1.5, 5.5, 8.35],
			"faces": {
				"north": {"uv": [1, 11, 1.5, 10.5], "rotation": 180, "texture": "#0"},
				"east": {"uv": [1, 10.5, 1.5, 11], "texture": "#0"},
				"south": {"uv": [1, 10.5, 1.5, 11], "texture": "#0"},
				"west": {"uv": [1, 10.5, 1.5, 11], "texture": "#0"},
				"up": {"uv": [1.5, 10.5, 1, 11], "rotation": 180, "texture": "#0"},
				"down": {"uv": [1, 10.5, 1.5, 11], "texture": "#0"}
			}
		},
		{
			"name": "bow_143",
			"from": [1.5, 5, 7.55],
			"to": [2, 5.5, 8.45],
			"faces": {
				"north": {"uv": [1.5, 11, 2, 10.5], "rotation": 180, "texture": "#0"},
				"east": {"uv": [1.5, 10.5, 2, 11], "texture": "#0"},
				"south": {"uv": [1.5, 10.5, 2, 11], "texture": "#0"},
				"west": {"uv": [1.5, 10.5, 2, 11], "texture": "#0"},
				"up": {"uv": [2, 10.5, 1.5, 11], "rotation": 180, "texture": "#0"},
				"down": {"uv": [1.5, 10.5, 2, 11], "texture": "#0"}
			}
		},
		{
			"name": "bow_144",
			"from": [2, 5, 7.55],
			"to": [2.5, 5.5, 8.45],
			"faces": {
				"north": {"uv": [2, 11, 2.5, 10.5], "rotation": 180, "texture": "#0"},
				"east": {"uv": [2, 10.5, 2.5, 11], "texture": "#0"},
				"south": {"uv": [2, 10.5, 2.5, 11], "texture": "#0"},
				"west": {"uv": [2, 10.5, 2.5, 11], "texture": "#0"},
				"up": {"uv": [2.5, 10.5, 2, 11], "rotation": 180, "texture": "#0"},
				"down": {"uv": [2, 10.5, 2.5, 11], "texture": "#0"}
			}
		},
		{
			"name": "bow_145",
			"from": [2.5, 5, 7.65],
			"to": [3, 5.5, 8.35],
			"faces": {
				"north": {"uv": [2.5, 11, 3, 10.5], "rotation": 180, "texture": "#0"},
				"east": {"uv": [2.5, 10.5, 3, 11], "texture": "#0"},
				"south": {"uv": [2.5, 10.5, 3, 11], "texture": "#0"},
				"west": {"uv": [2.5, 10.5, 3, 11], "texture": "#0"},
				"up": {"uv": [3, 10.5, 2.5, 11], "rotation": 180, "texture": "#0"},
				"down": {"uv": [2.5, 10.5, 3, 11], "texture": "#0"}
			}
		},
		{
			"name": "bow_146",
			"from": [6, 5, 7.75],
			"to": [6.5, 5.5, 8.25],
			"faces": {
				"north": {"uv": [6, 11, 6.5, 10.5], "rotation": 180, "texture": "#0"},
				"east": {"uv": [6, 10.5, 6.5, 11], "texture": "#0"},
				"south": {"uv": [6, 10.5, 6.5, 11], "texture": "#0"},
				"west": {"uv": [6, 10.5, 6.5, 11], "texture": "#0"},
				"up": {"uv": [6.5, 10.5, 6, 11], "rotation": 180, "texture": "#0"},
				"down": {"uv": [6, 10.5, 6.5, 11], "texture": "#0"}
			}
		},
		{
			"name": "bow_147",
			"from": [1, 4.5, 7.65],
			"to": [1.5, 5, 8.35],
			"faces": {
				"north": {"uv": [1, 11.5, 1.5, 11], "rotation": 180, "texture": "#0"},
				"east": {"uv": [1, 11, 1.5, 11.5], "texture": "#0"},
				"south": {"uv": [1, 11, 1.5, 11.5], "texture": "#0"},
				"west": {"uv": [1, 11, 1.5, 11.5], "texture": "#0"},
				"up": {"uv": [1.5, 11, 1, 11.5], "rotation": 180, "texture": "#0"},
				"down": {"uv": [1, 11, 1.5, 11.5], "texture": "#0"}
			}
		},
		{
			"name": "bow_148",
			"from": [1.5, 4.5, 7.55],
			"to": [2, 5, 8.45],
			"faces": {
				"north": {"uv": [1.5, 11.5, 2, 11], "rotation": 180, "texture": "#0"},
				"east": {"uv": [1.5, 11, 2, 11.5], "texture": "#0"},
				"south": {"uv": [1.5, 11, 2, 11.5], "texture": "#0"},
				"west": {"uv": [1.5, 11, 2, 11.5], "texture": "#0"},
				"up": {"uv": [2, 11, 1.5, 11.5], "rotation": 180, "texture": "#0"},
				"down": {"uv": [1.5, 11, 2, 11.5], "texture": "#0"}
			}
		},
		{
			"name": "bow_149",
			"from": [2, 4.5, 7.55],
			"to": [2.5, 5, 8.45],
			"faces": {
				"north": {"uv": [2, 11.5, 2.5, 11], "rotation": 180, "texture": "#0"},
				"east": {"uv": [2, 11, 2.5, 11.5], "texture": "#0"},
				"south": {"uv": [2, 11, 2.5, 11.5], "texture": "#0"},
				"west": {"uv": [2, 11, 2.5, 11.5], "texture": "#0"},
				"up": {"uv": [2.5, 11, 2, 11.5], "rotation": 180, "texture": "#0"},
				"down": {"uv": [2, 11, 2.5, 11.5], "texture": "#0"}
			}
		},
		{
			"name": "bow_150",
			"from": [2.5, 4.5, 7.65],
			"to": [3, 5, 8.35],
			"faces": {
				"north": {"uv": [2.5, 11.5, 3, 11], "rotation": 180, "texture": "#0"},
				"east": {"uv": [2.5, 11, 3, 11.5], "texture": "#0"},
				"south": {"uv": [2.5, 11, 3, 11.5], "texture": "#0"},
				"west": {"uv": [2.5, 11, 3, 11.5], "texture": "#0"},
				"up": {"uv": [3, 11, 2.5, 11.5], "rotation": 180, "texture": "#0"},
				"down": {"uv": [2.5, 11, 3, 11.5], "texture": "#0"}
			}
		},
		{
			"name": "bow_151",
			"from": [5.5, 4.5, 7.75],
			"to": [6, 5, 8.25],
			"faces": {
				"north": {"uv": [5.5, 11.5, 6, 11], "rotation": 180, "texture": "#0"},
				"east": {"uv": [5.5, 11, 6, 11.5], "texture": "#0"},
				"south": {"uv": [5.5, 11, 6, 11.5], "texture": "#0"},
				"west": {"uv": [5.5, 11, 6, 11.5], "texture": "#0"},
				"up": {"uv": [6, 11, 5.5, 11.5], "rotation": 180, "texture": "#0"},
				"down": {"uv": [5.5, 11, 6, 11.5], "texture": "#0"}
			}
		},
		{
			"name": "bow_152",
			"from": [1, 4, 7.65],
			"to": [1.5, 4.5, 8.35],
			"faces": {
				"north": {"uv": [1, 12, 1.5, 11.5], "rotation": 180, "texture": "#0"},
				"east": {"uv": [1, 11.5, 1.5, 12], "texture": "#0"},
				"south": {"uv": [1, 11.5, 1.5, 12], "texture": "#0"},
				"west": {"uv": [1, 11.5, 1.5, 12], "texture": "#0"},
				"up": {"uv": [1.5, 11.5, 1, 12], "rotation": 180, "texture": "#0"},
				"down": {"uv": [1, 11.5, 1.5, 12], "texture": "#0"}
			}
		},
		{
			"name": "bow_153",
			"from": [1.5, 4, 7.55],
			"to": [2, 4.5, 8.45],
			"faces": {
				"north": {"uv": [1.5, 12, 2, 11.5], "rotation": 180, "texture": "#0"},
				"east": {"uv": [1.5, 11.5, 2, 12], "texture": "#0"},
				"south": {"uv": [1.5, 11.5, 2, 12], "texture": "#0"},
				"west": {"uv": [1.5, 11.5, 2, 12], "texture": "#0"},
				"up": {"uv": [2, 11.5, 1.5, 12], "rotation": 180, "texture": "#0"},
				"down": {"uv": [1.5, 11.5, 2, 12], "texture": "#0"}
			}
		},
		{
			"name": "bow_154",
			"from": [2, 4, 7.55],
			"to": [2.5, 4.5, 8.45],
			"faces": {
				"north": {"uv": [2, 12, 2.5, 11.5], "rotation": 180, "texture": "#0"},
				"east": {"uv": [2, 11.5, 2.5, 12], "texture": "#0"},
				"south": {"uv": [2, 11.5, 2.5, 12], "texture": "#0"},
				"west": {"uv": [2, 11.5, 2.5, 12], "texture": "#0"},
				"up": {"uv": [2.5, 11.5, 2, 12], "rotation": 180, "texture": "#0"},
				"down": {"uv": [2, 11.5, 2.5, 12], "texture": "#0"}
			}
		},
		{
			"name": "bow_155",
			"from": [2.5, 4, 7.65],
			"to": [3, 4.5, 8.35],
			"faces": {
				"north": {"uv": [2.5, 12, 3, 11.5], "rotation": 180, "texture": "#0"},
				"east": {"uv": [2.5, 11.5, 3, 12], "texture": "#0"},
				"south": {"uv": [2.5, 11.5, 3, 12], "texture": "#0"},
				"west": {"uv": [2.5, 11.5, 3, 12], "texture": "#0"},
				"up": {"uv": [3, 11.5, 2.5, 12], "rotation": 180, "texture": "#0"},
				"down": {"uv": [2.5, 11.5, 3, 12], "texture": "#0"}
			}
		},
		{
			"name": "bow_156",
			"from": [5, 4, 7.75],
			"to": [5.5, 4.5, 8.25],
			"faces": {
				"north": {"uv": [5, 12, 5.5, 11.5], "rotation": 180, "texture": "#0"},
				"east": {"uv": [5, 11.5, 5.5, 12], "texture": "#0"},
				"south": {"uv": [5, 11.5, 5.5, 12], "texture": "#0"},
				"west": {"uv": [5, 11.5, 5.5, 12], "texture": "#0"},
				"up": {"uv": [5.5, 11.5, 5, 12], "rotation": 180, "texture": "#0"},
				"down": {"uv": [5, 11.5, 5.5, 12], "texture": "#0"}
			}
		},
		{
			"name": "bow_157",
			"from": [1, 3.5, 7.65],
			"to": [1.5, 4, 8.35],
			"faces": {
				"north": {"uv": [1, 12.5, 1.5, 12], "rotation": 180, "texture": "#0"},
				"east": {"uv": [1, 12, 1.5, 12.5], "texture": "#0"},
				"south": {"uv": [1, 12, 1.5, 12.5], "texture": "#0"},
				"west": {"uv": [1, 12, 1.5, 12.5], "texture": "#0"},
				"up": {"uv": [1.5, 12, 1, 12.5], "rotation": 180, "texture": "#0"},
				"down": {"uv": [1, 12, 1.5, 12.5], "texture": "#0"}
			}
		},
		{
			"name": "bow_158",
			"from": [1.5, 3.5, 7.55],
			"to": [2, 4, 8.45],
			"faces": {
				"north": {"uv": [1.5, 12.5, 2, 12], "rotation": 180, "texture": "#0"},
				"east": {"uv": [1.5, 12, 2, 12.5], "texture": "#0"},
				"south": {"uv": [1.5, 12, 2, 12.5], "texture": "#0"},
				"west": {"uv": [1.5, 12, 2, 12.5], "texture": "#0"},
				"up": {"uv": [2, 12, 1.5, 12.5], "rotation": 180, "texture": "#0"},
				"down": {"uv": [1.5, 12, 2, 12.5], "texture": "#0"}
			}
		},
		{
			"name": "bow_159",
			"from": [2, 3.5, 7.65],
			"to": [2.5, 4, 8.35],
			"faces": {
				"north": {"uv": [2, 12.5, 2.5, 12], "rotation": 180, "texture": "#0"},
				"east": {"uv": [2, 12, 2.5, 12.5], "texture": "#0"},
				"south": {"uv": [2, 12, 2.5, 12.5], "texture": "#0"},
				"west": {"uv": [2, 12, 2.5, 12.5], "texture": "#0"},
				"up": {"uv": [2.5, 12, 2, 12.5], "rotation": 180, "texture": "#0"},
				"down": {"uv": [2, 12, 2.5, 12.5], "texture": "#0"}
			}
		},
		{
			"name": "bow_160",
			"from": [4.5, 3.5, 7.75],
			"to": [5, 4, 8.25],
			"faces": {
				"north": {"uv": [4.5, 12.5, 5, 12], "rotation": 180, "texture": "#0"},
				"east": {"uv": [4.5, 12, 5, 12.5], "texture": "#0"},
				"south": {"uv": [4.5, 12, 5, 12.5], "texture": "#0"},
				"west": {"uv": [4.5, 12, 5, 12.5], "texture": "#0"},
				"up": {"uv": [5, 12, 4.5, 12.5], "rotation": 180, "texture": "#0"},
				"down": {"uv": [4.5, 12, 5, 12.5], "texture": "#0"}
			}
		},
		{
			"name": "bow_161",
			"from": [1, 3, 7.65],
			"to": [1.5, 3.5, 8.35],
			"faces": {
				"north": {"uv": [1, 13, 1.5, 12.5], "rotation": 180, "texture": "#0"},
				"east": {"uv": [1, 12.5, 1.5, 13], "texture": "#0"},
				"south": {"uv": [1, 12.5, 1.5, 13], "texture": "#0"},
				"west": {"uv": [1, 12.5, 1.5, 13], "texture": "#0"},
				"up": {"uv": [1.5, 12.5, 1, 13], "rotation": 180, "texture": "#0"},
				"down": {"uv": [1, 12.5, 1.5, 13], "texture": "#0"}
			}
		},
		{
			"name": "bow_162",
			"from": [1.5, 3, 7.55],
			"to": [2, 3.5, 8.45],
			"faces": {
				"north": {"uv": [1.5, 13, 2, 12.5], "rotation": 180, "texture": "#0"},
				"east": {"uv": [1.5, 12.5, 2, 13], "texture": "#0"},
				"south": {"uv": [1.5, 12.5, 2, 13], "texture": "#0"},
				"west": {"uv": [1.5, 12.5, 2, 13], "texture": "#0"},
				"up": {"uv": [2, 12.5, 1.5, 13], "rotation": 180, "texture": "#0"},
				"down": {"uv": [1.5, 12.5, 2, 13], "texture": "#0"}
			}
		},
		{
			"name": "bow_163",
			"from": [2, 3, 7.65],
			"to": [2.5, 3.5, 8.35],
			"faces": {
				"north": {"uv": [2, 13, 2.5, 12.5], "rotation": 180, "texture": "#0"},
				"east": {"uv": [2, 12.5, 2.5, 13], "texture": "#0"},
				"south": {"uv": [2, 12.5, 2.5, 13], "texture": "#0"},
				"west": {"uv": [2, 12.5, 2.5, 13], "texture": "#0"},
				"up": {"uv": [2.5, 12.5, 2, 13], "rotation": 180, "texture": "#0"},
				"down": {"uv": [2, 12.5, 2.5, 13], "texture": "#0"}
			}
		},
		{
			"name": "bow_164",
			"from": [4, 3, 7.75],
			"to": [4.5, 3.5, 8.25],
			"faces": {
				"north": {"uv": [4, 13, 4.5, 12.5], "rotation": 180, "texture": "#0"},
				"east": {"uv": [4, 12.5, 4.5, 13], "texture": "#0"},
				"south": {"uv": [4, 12.5, 4.5, 13], "texture": "#0"},
				"west": {"uv": [4, 12.5, 4.5, 13], "texture": "#0"},
				"up": {"uv": [4.5, 12.5, 4, 13], "rotation": 180, "texture": "#0"},
				"down": {"uv": [4, 12.5, 4.5, 13], "texture": "#0"}
			}
		},
		{
			"name": "bow_165",
			"from": [1, 2.5, 7.65],
			"to": [1.5, 3, 8.35],
			"faces": {
				"north": {"uv": [1, 13.5, 1.5, 13], "rotation": 180, "texture": "#0"},
				"east": {"uv": [1, 13, 1.5, 13.5], "texture": "#0"},
				"south": {"uv": [1, 13, 1.5, 13.5], "texture": "#0"},
				"west": {"uv": [1, 13, 1.5, 13.5], "texture": "#0"},
				"up": {"uv": [1.5, 13, 1, 13.5], "rotation": 180, "texture": "#0"},
				"down": {"uv": [1, 13, 1.5, 13.5], "texture": "#0"}
			}
		},
		{
			"name": "bow_166",
			"from": [1.5, 2.5, 7.55],
			"to": [2, 3, 8.45],
			"faces": {
				"north": {"uv": [1.5, 13.5, 2, 13], "rotation": 180, "texture": "#0"},
				"east": {"uv": [1.5, 13, 2, 13.5], "texture": "#0"},
				"south": {"uv": [1.5, 13, 2, 13.5], "texture": "#0"},
				"west": {"uv": [1.5, 13, 2, 13.5], "texture": "#0"},
				"up": {"uv": [2, 13, 1.5, 13.5], "rotation": 180, "texture": "#0"},
				"down": {"uv": [1.5, 13, 2, 13.5], "texture": "#0"}
			}
		},
		{
			"name": "bow_167",
			"from": [2, 2.5, 7.65],
			"to": [2.5, 3, 8.35],
			"faces": {
				"north": {"uv": [2, 13.5, 2.5, 13], "rotation": 180, "texture": "#0"},
				"east": {"uv": [2, 13, 2.5, 13.5], "texture": "#0"},
				"south": {"uv": [2, 13, 2.5, 13.5], "texture": "#0"},
				"west": {"uv": [2, 13, 2.5, 13.5], "texture": "#0"},
				"up": {"uv": [2.5, 13, 2, 13.5], "rotation": 180, "texture": "#0"},
				"down": {"uv": [2, 13, 2.5, 13.5], "texture": "#0"}
			}
		},
		{
			"name": "bow_168",
			"from": [3.5, 2.5, 7.75],
			"to": [4, 3, 8.25],
			"faces": {
				"north": {"uv": [3.5, 13.5, 4, 13], "rotation": 180, "texture": "#0"},
				"east": {"uv": [3.5, 13, 4, 13.5], "texture": "#0"},
				"south": {"uv": [3.5, 13, 4, 13.5], "texture": "#0"},
				"west": {"uv": [3.5, 13, 4, 13.5], "texture": "#0"},
				"up": {"uv": [4, 13, 3.5, 13.5], "rotation": 180, "texture": "#0"},
				"down": {"uv": [3.5, 13, 4, 13.5], "texture": "#0"}
			}
		},
		{
			"name": "bow_169",
			"from": [1, 2, 7.65],
			"to": [1.5, 2.5, 8.35],
			"faces": {
				"north": {"uv": [1, 14, 1.5, 13.5], "rotation": 180, "texture": "#0"},
				"east": {"uv": [1, 13.5, 1.5, 14], "texture": "#0"},
				"south": {"uv": [1, 13.5, 1.5, 14], "texture": "#0"},
				"west": {"uv": [1, 13.5, 1.5, 14], "texture": "#0"},
				"up": {"uv": [1.5, 13.5, 1, 14], "rotation": 180, "texture": "#0"},
				"down": {"uv": [1, 13.5, 1.5, 14], "texture": "#0"}
			}
		},
		{
			"name": "bow_170",
			"from": [1.5, 2, 7.55],
			"to": [2, 2.5, 8.45],
			"faces": {
				"north": {"uv": [1.5, 14, 2, 13.5], "rotation": 180, "texture": "#0"},
				"east": {"uv": [1.5, 13.5, 2, 14], "texture": "#0"},
				"south": {"uv": [1.5, 13.5, 2, 14], "texture": "#0"},
				"west": {"uv": [1.5, 13.5, 2, 14], "texture": "#0"},
				"up": {"uv": [2, 13.5, 1.5, 14], "rotation": 180, "texture": "#0"},
				"down": {"uv": [1.5, 13.5, 2, 14], "texture": "#0"}
			}
		},
		{
			"name": "bow_171",
			"from": [2, 2, 7.65],
			"to": [2.5, 2.5, 8.35],
			"faces": {
				"north": {"uv": [2, 14, 2.5, 13.5], "rotation": 180, "texture": "#0"},
				"east": {"uv": [2, 13.5, 2.5, 14], "texture": "#0"},
				"south": {"uv": [2, 13.5, 2.5, 14], "texture": "#0"},
				"west": {"uv": [2, 13.5, 2.5, 14], "texture": "#0"},
				"up": {"uv": [2.5, 13.5, 2, 14], "rotation": 180, "texture": "#0"},
				"down": {"uv": [2, 13.5, 2.5, 14], "texture": "#0"}
			}
		},
		{
			"name": "bow_172",
			"from": [3, 2, 7.75],
			"to": [3.5, 2.5, 8.25],
			"faces": {
				"north": {"uv": [3, 14, 3.5, 13.5], "rotation": 180, "texture": "#0"},
				"east": {"uv": [3, 13.5, 3.5, 14], "texture": "#0"},
				"south": {"uv": [3, 13.5, 3.5, 14], "texture": "#0"},
				"west": {"uv": [3, 13.5, 3.5, 14], "texture": "#0"},
				"up": {"uv": [3.5, 13.5, 3, 14], "rotation": 180, "texture": "#0"},
				"down": {"uv": [3, 13.5, 3.5, 14], "texture": "#0"}
			}
		},
		{
			"name": "bow_173",
			"from": [1, 1.5, 7.65],
			"to": [1.5, 2, 8.35],
			"faces": {
				"north": {"uv": [1, 14.5, 1.5, 14], "rotation": 180, "texture": "#0"},
				"east": {"uv": [1, 14, 1.5, 14.5], "texture": "#0"},
				"south": {"uv": [1, 14, 1.5, 14.5], "texture": "#0"},
				"west": {"uv": [1, 14, 1.5, 14.5], "texture": "#0"},
				"up": {"uv": [1.5, 14, 1, 14.5], "rotation": 180, "texture": "#0"},
				"down": {"uv": [1, 14, 1.5, 14.5], "texture": "#0"}
			}
		},
		{
			"name": "bow_174",
			"from": [1.5, 1.5, 7.55],
			"to": [2, 2, 8.45],
			"faces": {
				"north": {"uv": [1.5, 14.5, 2, 14], "rotation": 180, "texture": "#0"},
				"east": {"uv": [1.5, 14, 2, 14.5], "texture": "#0"},
				"south": {"uv": [1.5, 14, 2, 14.5], "texture": "#0"},
				"west": {"uv": [1.5, 14, 2, 14.5], "texture": "#0"},
				"up": {"uv": [2, 14, 1.5, 14.5], "rotation": 180, "texture": "#0"},
				"down": {"uv": [1.5, 14, 2, 14.5], "texture": "#0"}
			}
		},
		{
			"name": "bow_175",
			"from": [2, 1.5, 7.65],
			"to": [2.5, 2, 8.35],
			"faces": {
				"north": {"uv": [2, 14.5, 2.5, 14], "rotation": 180, "texture": "#0"},
				"east": {"uv": [2, 14, 2.5, 14.5], "texture": "#0"},
				"south": {"uv": [2, 14, 2.5, 14.5], "texture": "#0"},
				"west": {"uv": [2, 14, 2.5, 14.5], "texture": "#0"},
				"up": {"uv": [2.5, 14, 2, 14.5], "rotation": 180, "texture": "#0"},
				"down": {"uv": [2, 14, 2.5, 14.5], "texture": "#0"}
			}
		},
		{
			"name": "bow_176",
			"from": [2.5, 1.5, 7.75],
			"to": [3, 2, 8.25],
			"faces": {
				"north": {"uv": [2.5, 14.5, 3, 14], "rotation": 180, "texture": "#0"},
				"east": {"uv": [2.5, 14, 3, 14.5], "texture": "#0"},
				"south": {"uv": [2.5, 14, 3, 14.5], "texture": "#0"},
				"west": {"uv": [2.5, 14, 3, 14.5], "texture": "#0"},
				"up": {"uv": [3, 14, 2.5, 14.5], "rotation": 180, "texture": "#0"},
				"down": {"uv": [2.5, 14, 3, 14.5], "texture": "#0"}
			}
		},
		{
			"name": "bow_177",
			"from": [1, 1, 7.65],
			"to": [1.5, 1.5, 8.35],
			"faces": {
				"north": {"uv": [1, 15, 1.5, 14.5], "rotation": 180, "texture": "#0"},
				"east": {"uv": [1, 14.5, 1.5, 15], "texture": "#0"},
				"south": {"uv": [1, 14.5, 1.5, 15], "texture": "#0"},
				"west": {"uv": [1, 14.5, 1.5, 15], "texture": "#0"},
				"up": {"uv": [1.5, 14.5, 1, 15], "rotation": 180, "texture": "#0"},
				"down": {"uv": [1, 14.5, 1.5, 15], "texture": "#0"}
			}
		},
		{
			"name": "bow_178",
			"from": [1.5, 1, 7.55],
			"to": [2, 1.5, 8.45],
			"faces": {
				"north": {"uv": [1.5, 15, 2, 14.5], "rotation": 180, "texture": "#0"},
				"east": {"uv": [1.5, 14.5, 2, 15], "texture": "#0"},
				"south": {"uv": [1.5, 14.5, 2, 15], "texture": "#0"},
				"west": {"uv": [1.5, 14.5, 2, 15], "texture": "#0"},
				"up": {"uv": [2, 14.5, 1.5, 15], "rotation": 180, "texture": "#0"},
				"down": {"uv": [1.5, 14.5, 2, 15], "texture": "#0"}
			}
		},
		{
			"name": "bow_179",
			"from": [2, 1, 7.65],
			"to": [2.5, 1.5, 8.35],
			"faces": {
				"north": {"uv": [2, 15, 2.5, 14.5], "rotation": 180, "texture": "#0"},
				"east": {"uv": [2, 14.5, 2.5, 15], "texture": "#0"},
				"south": {"uv": [2, 14.5, 2.5, 15], "texture": "#0"},
				"west": {"uv": [2, 14.5, 2.5, 15], "texture": "#0"},
				"up": {"uv": [2.5, 14.5, 2, 15], "rotation": 180, "texture": "#0"},
				"down": {"uv": [2, 14.5, 2.5, 15], "texture": "#0"}
			}
		},
		{
			"name": "bow_180",
			"from": [1.5, 0.5, 7.65],
			"to": [2, 1, 8.35],
			"faces": {
				"north": {"uv": [1.5, 15.5, 2, 15], "rotation": 180, "texture": "#0"},
				"east": {"uv": [1.5, 15, 2, 15.5], "texture": "#0"},
				"south": {"uv": [1.5, 15, 2, 15.5], "texture": "#0"},
				"west": {"uv": [1.5, 15, 2, 15.5], "texture": "#0"},
				"up": {"uv": [2, 15, 1.5, 15.5], "rotation": 180, "texture": "#0"},
				"down": {"uv": [1.5, 15, 2, 15.5], "texture": "#0"}
			}
		}
	],
	"overrides": [
        {
            "predicate": {
                "pulling": 1
            },
            "model": "item/bow_pulling_0"
        },
        {
            "predicate": {
                "pulling": 1,
                "pull": 0.65
            },
            "model": "item/bow_pulling_1"
        },
        {
            "predicate": {
                "pulling": 1,
                "pull": 0.9
            },
            "model": "item/bow_pulling_2"
        }
    ],
	"groups": [
		{
			"name": "bow",
			"origin": [8, 8, 8],
			"children": [0, 1, 2, 3, 4, 5, 6, 7, 8, 9, 10, 11, 12, 13, 14, 15, 16, 17, 18, 19, 20, 21, 22, 23, 24, 25, 26, 27, 28, 29, 30, 31, 32, 33, 34, 35, 36, 37, 38, 39, 40, 41, 42, 43, 44, 45, 46, 47, 48, 49, 50, 51, 52, 53, 54, 55, 56, 57, 58, 59, 60, 61, 62, 63, 64, 65, 66, 67, 68, 69, 70, 71, 72, 73, 74, 75, 76, 77, 78, 79, 80, 81, 82, 83, 84, 85, 86, 87, 88, 89, 90, 91, 92, 93, 94, 95, 96, 97, 98, 99, 100, 101, 102, 103, 104, 105, 106, 107, 108, 109, 110, 111, 112, 113, 114, 115, 116, 117, 118, 119, 120, 121, 122, 123, 124, 125, 126, 127, 128, 129, 130, 131, 132, 133, 134, 135, 136, 137, 138, 139, 140, 141, 142, 143, 144, 145, 146, 147, 148, 149, 150, 151, 152, 153, 154, 155, 156, 157, 158, 159, 160, 161, 162, 163, 164, 165, 166, 167, 168, 169, 170, 171, 172, 173, 174, 175, 176, 177, 178, 179, 180]
		}
	]
}
