{
	"credit": "Made with Blockbench by Juknum",
	"parent": "item/golden_helmet",
	"texture_size": [128, 64],
	"textures": {
		"0": "models/armor/netherite_layer_1",
		"particle": "models/armor/netherite_layer_1"
	},
	"elements": [
		{
			"from": [0, 8, 0],
			"to": [1, 16, 16],
			"rotation": {"angle": 0, "axis": "y", "origin": [8, 16, 8]},
			"faces": {
				"north": {"uv": [3.875, 4, 4, 6], "texture": "#0"},
				"east": {"uv": [0, 4, 2, 6], "texture": "#0"},
				"south": {"uv": [6, 4, 6.125, 6], "texture": "#0"},
				"west": {"uv": [2, 4, 0, 6], "texture": "#0"},
				"up": {"uv": [2, 4, 2.125, 0], "texture": "#0"},
				"down": {"uv": [0, 5.75, 2, 6], "rotation": 90, "texture": "#0"}
			}
		},
		{
			"from": [15, 8, 0],
			"to": [16, 16, 16],
			"rotation": {"angle": 0, "axis": "y", "origin": [23, 16, 8]},
			"faces": {
				"north": {"uv": [2, 4, 2.125, 6], "texture": "#0"},
				"east": {"uv": [0, 4, 2, 6], "texture": "#0"},
				"south": {"uv": [7.875, 4, 8, 6], "texture": "#0"},
				"west": {"uv": [2, 4, 0, 6], "texture": "#0"},
				"up": {"uv": [3.875, 4, 4, 0], "texture": "#0"},
				"down": {"uv": [0, 5.75, 2, 6], "rotation": 90, "texture": "#0"}
			}
		},
		{
			"from": [15, 7, 7],
			"to": [16, 8, 15],
			"rotation": {"angle": 0, "axis": "y", "origin": [23, 8, 7]},
			"faces": {
				"north": {"uv": [1, 6, 1.125, 6.25], "texture": "#0"},
				"east": {"uv": [0.125, 6, 1.125, 6.25], "texture": "#0"},
				"west": {"uv": [1.125, 6, 0.125, 6.25], "texture": "#0"},
				"down": {"uv": [0.125, 6, 1.125, 6.25], "rotation": 90, "texture": "#0"}
			}
		},
		{
			"from": [0, 7, 7],
			"to": [1, 8, 15],
			"rotation": {"angle": 0, "axis": "y", "origin": [8, 8, 7]},
			"faces": {
				"north": {"uv": [1, 6, 1.125, 6.25], "texture": "#0"},
				"east": {"uv": [0.125, 6, 1.125, 6.25], "texture": "#0"},
				"west": {"uv": [1.125, 6, 0.125, 6.25], "texture": "#0"},
				"down": {"uv": [0.125, 6, 1.125, 6.25], "rotation": 90, "texture": "#0"}
			}
		},
		{
			"from": [0, 6, 8],
			"to": [1, 7, 15],
			"rotation": {"angle": 0, "axis": "y", "origin": [8, 7, 7]},
			"faces": {
				"north": {"uv": [1, 6, 1.125, 6.25], "rotation": 90, "texture": "#0"},
				"east": {"uv": [0.125, 6.25, 1, 6.5], "texture": "#0"},
				"west": {"uv": [1, 6.25, 0.125, 6.5], "texture": "#0"},
				"down": {"uv": [0.125, 6, 1.125, 6.25], "rotation": 90, "texture": "#0"}
			}
		},
		{
			"from": [1, 15, 0],
			"to": [15, 16, 15],
			"rotation": {"angle": 0, "axis": "y", "origin": [9, 16, 7]},
			"faces": {
				"north": {"uv": [2.125, 4, 3.875, 4.25], "texture": "#0"},
				"up": {"uv": [2.125, 4, 3.875, 0.25], "texture": "#0"},
				"down": {"uv": [2.125, 0.25, 3.875, 4], "texture": "#0"}
			}
		},
		{
			"from": [1, 10, 0],
			"to": [15, 15, 1],
			"rotation": {"angle": 0, "axis": "y", "origin": [9, 15, 7]},
			"faces": {
				"north": {"uv": [2.125, 4.25, 3.875, 5.5], "texture": "#0"},
				"south": {"uv": [2.125, 4.25, 3.875, 5.5], "texture": "#0"},
				"down": {"uv": [2.125, 5.25, 3.875, 5.5], "texture": "#0"}
			}
		},
		{
			"from": [6, 7, 0],
			"to": [10, 10, 1],
			"rotation": {"angle": 0, "axis": "y", "origin": [9, 10, 7]},
			"faces": {
				"north": {"uv": [2.75, 5.5, 3.25, 6.25], "texture": "#0"},
				"east": {"uv": [2.75, 5.5, 2.875, 6.25], "texture": "#0"},
				"south": {"uv": [2.75, 5.5, 3.25, 6.25], "texture": "#0"},
				"west": {"uv": [3.125, 5.5, 3.25, 6.25], "texture": "#0"},
				"down": {"uv": [3.25, 6, 2.75, 6.25], "texture": "#0"}
			}
		},
		{
			"from": [7, 6, 0],
			"to": [9, 7, 1],
			"rotation": {"angle": 0, "axis": "y", "origin": [9, 7, 7]},
			"faces": {
				"north": {"uv": [2.875, 6.25, 3.125, 6.5], "texture": "#0"},
				"east": {"uv": [3, 6.25, 2.875, 6.5], "texture": "#0"},
				"south": {"uv": [3.125, 6.25, 2.875, 6.5], "texture": "#0"},
				"west": {"uv": [3.125, 6.25, 3, 6.5], "texture": "#0"},
				"down": {"uv": [3.125, 6.25, 2.875, 6.5], "texture": "#0"}
			}
		},
		{
			"from": [13, 9, 0],
			"to": [15, 10, 1],
			"rotation": {"angle": 0, "axis": "y", "origin": [15, 10, 7]},
			"faces": {
				"north": {"uv": [2.125, 5.5, 2.375, 5.75], "texture": "#0"},
				"south": {"uv": [2.375, 5.5, 2.125, 5.75], "texture": "#0"},
				"west": {"uv": [2.25, 5.5, 2.375, 5.75], "texture": "#0"},
				"down": {"uv": [2.375, 5.5, 2.125, 5.75], "texture": "#0"}
			}
		},
		{
			"from": [14, 1, 0],
			"to": [16, 9, 1],
			"rotation": {"angle": 0, "axis": "y", "origin": [16, 2, 7]},
			"faces": {
				"north": {"uv": [2, 5.75, 2.25, 7.75], "texture": "#0"},
				"east": {"uv": [2.125, 5.75, 2, 7.75], "texture": "#0"},
				"south": {"uv": [2.25, 5.75, 2, 7.75], "texture": "#0"},
				"west": {"uv": [2.125, 5.75, 2.25, 7.75], "texture": "#0"},
				"down": {"uv": [2.25, 7.5, 2, 7.75], "texture": "#0"}
			}
		},
		{
			"from": [0, 1, 0],
			"to": [2, 9, 1],
			"rotation": {"angle": 0, "axis": "y", "origin": [2, 2, 7]},
			"faces": {
				"north": {"uv": [3.75, 5.75, 4, 7.75], "texture": "#0"},
				"east": {"uv": [3.875, 5.75, 3.75, 7.75], "texture": "#0"},
				"south": {"uv": [4, 5.75, 3.75, 7.75], "texture": "#0"},
				"west": {"uv": [3.875, 5.75, 4, 7.75], "texture": "#0"},
				"down": {"uv": [4, 7.5, 3.75, 7.75], "texture": "#0"}
			}
		},
		{
			"from": [13, 0, 0],
			"to": [15, 4, 1],
			"rotation": {"angle": 0, "axis": "y", "origin": [15, 1, 7]},
			"faces": {
				"north": {"uv": [2.125, 7, 2.375, 8], "texture": "#0"},
				"east": {"uv": [2.125, 7, 2.25, 8], "texture": "#0"},
				"south": {"uv": [2.375, 7, 2.125, 8], "texture": "#0"},
				"west": {"uv": [2.25, 7, 2.375, 8], "texture": "#0"},
				"up": {"uv": [3.625, 7.25, 3.875, 7], "texture": "#0"},
				"down": {"uv": [3.625, 8, 3.875, 7.75], "texture": "#0"}
			}
		},
		{
			"from": [3, 1, 0],
			"to": [4, 3, 1],
			"rotation": {"angle": 0, "axis": "y", "origin": [5, 1, 7]},
			"faces": {
				"north": {"uv": [3.625, 7.25, 3.5, 7.75], "texture": "#0"},
				"east": {"uv": [3.625, 7.25, 3.5, 7.75], "texture": "#0"},
				"south": {"uv": [3.625, 7.25, 3.5, 7.75], "texture": "#0"},
				"up": {"uv": [3.625, 7.25, 3.875, 7], "texture": "#0"},
				"down": {"uv": [3.625, 8, 3.875, 7.75], "texture": "#0"}
			}
		},
		{
			"from": [12, 1, 0],
			"to": [13, 3, 1],
			"rotation": {"angle": 0, "axis": "y", "origin": [14, 1, 7]},
			"faces": {
				"north": {"uv": [3.625, 7.25, 3.5, 7.75], "texture": "#0"},
				"south": {"uv": [3.625, 7.25, 3.5, 7.75], "texture": "#0"},
				"west": {"uv": [3.625, 7.25, 3.5, 7.75], "texture": "#0"},
				"up": {"uv": [3.625, 7.25, 3.875, 7], "texture": "#0"},
				"down": {"uv": [3.625, 8, 3.875, 7.75], "texture": "#0"}
			}
		},
		{
			"from": [1, 0, 0],
			"to": [3, 4, 1],
			"rotation": {"angle": 0, "axis": "y", "origin": [3, 1, 7]},
			"faces": {
				"north": {"uv": [3.625, 7, 3.875, 8], "texture": "#0"},
				"east": {"uv": [3.625, 7, 3.75, 8], "texture": "#0"},
				"south": {"uv": [3.875, 7, 3.625, 8], "texture": "#0"},
				"west": {"uv": [3.75, 7, 3.875, 8], "texture": "#0"},
				"up": {"uv": [3.625, 7.25, 3.875, 7], "texture": "#0"},
				"down": {"uv": [3.625, 8, 3.875, 7.75], "texture": "#0"}
			}
		},
		{
			"from": [15, 2, 1],
			"to": [16, 8, 2],
			"rotation": {"angle": 0, "axis": "y", "origin": [16, 2, 8]},
			"faces": {
				"east": {"uv": [2, 6, 1.875, 7.5], "texture": "#0"},
				"south": {"uv": [2, 6, 1.875, 7.5], "texture": "#0"},
				"west": {"uv": [2, 6, 1.875, 7.5], "texture": "#0"},
				"down": {"uv": [2, 7.25, 1.875, 7.5], "texture": "#0"}
			}
		},
		{
			"from": [0, 2, 1],
			"to": [1, 8, 2],
			"rotation": {"angle": 0, "axis": "y", "origin": [1, 2, 8]},
			"faces": {
				"east": {"uv": [2, 6, 1.875, 7.5], "texture": "#0"},
				"south": {"uv": [2, 6, 1.875, 7.5], "texture": "#0"},
				"west": {"uv": [2, 6, 1.875, 7.5], "texture": "#0"},
				"down": {"uv": [2, 7.25, 1.875, 7.5], "texture": "#0"}
			}
		},
		{
			"from": [1, 9, 0],
			"to": [3, 10, 1],
			"rotation": {"angle": 0, "axis": "y", "origin": [3, 10, 7]},
			"faces": {
				"north": {"uv": [3.625, 5.5, 3.875, 5.75], "texture": "#0"},
				"east": {"uv": [3.75, 5.5, 3.625, 5.75], "texture": "#0"},
				"south": {"uv": [3.875, 5.5, 3.625, 5.75], "texture": "#0"},
				"down": {"uv": [3.875, 5.5, 3.625, 5.75], "texture": "#0"}
			}
		},
		{
			"from": [15, 6, 8],
			"to": [16, 7, 15],
			"rotation": {"angle": 0, "axis": "y", "origin": [23, 7, 7]},
			"faces": {
				"north": {"uv": [1, 6, 1.125, 6.25], "rotation": 90, "texture": "#0"},
				"east": {"uv": [0.125, 6.25, 1, 6.5], "texture": "#0"},
				"west": {"uv": [1, 6.25, 0.125, 6.5], "texture": "#0"},
				"down": {"uv": [0.125, 6, 1.125, 6.25], "rotation": 90, "texture": "#0"}
			}
		},
		{
			"from": [1, 8, 15],
			"to": [15, 16, 16],
			"rotation": {"angle": 0, "axis": "y", "origin": [22, 16, 8]},
			"faces": {
				"north": {"uv": [7.875, 4, 6.125, 6], "texture": "#0"},
				"south": {"uv": [6.125, 4, 7.875, 6], "texture": "#0"},
				"up": {"uv": [2.125, 0, 3.875, 0.25], "texture": "#0"}
			}
		},
		{
			"from": [0, 4, 15],
			"to": [16, 8, 16],
			"rotation": {"angle": 0, "axis": "y", "origin": [22, 6, 8]},
			"faces": {
				"north": {"uv": [8, 6, 6, 7], "texture": "#0"},
				"east": {"uv": [5.875, 5.5, 6, 6.5], "texture": "#0"},
				"south": {"uv": [6, 6, 8, 7], "texture": "#0"},
				"west": {"uv": [5.875, 5.5, 6, 6.5], "texture": "#0"},
				"down": {"uv": [0, 5.75, 2, 6], "rotation": 90, "texture": "#0"}
			}
		},
		{
			"from": [3, 3, 15],
			"to": [13, 4, 16],
			"rotation": {"angle": 0, "axis": "y", "origin": [22, 2, 8]},
			"faces": {
				"north": {"uv": [7.625, 7, 6.375, 7.25], "texture": "#0"},
				"east": {"uv": [5.875, 5.5, 6, 6.5], "texture": "#0"},
				"south": {"uv": [6.375, 7, 7.625, 7.25], "texture": "#0"},
				"west": {"uv": [5.875, 5.5, 6, 6.5], "texture": "#0"},
				"down": {"uv": [6.375, 7, 7.625, 7.25], "texture": "#0"}
			}
		},
		{
			"from": [4, 2, 15],
			"to": [12, 3, 16],
			"rotation": {"angle": 0, "axis": "y", "origin": [22, 1, 8]},
			"faces": {
				"north": {"uv": [7.5, 7.25, 6.5, 7.5], "texture": "#0"},
				"east": {"uv": [5.875, 5.5, 6, 6.5], "texture": "#0"},
				"south": {"uv": [6.5, 7.25, 7.5, 7.5], "texture": "#0"},
				"west": {"uv": [5.875, 5.5, 6, 6.5], "texture": "#0"},
				"down": {"uv": [6.5, 7.25, 7.5, 7.5], "texture": "#0"}
			}
		}
	]
}