{
	"credit": "Made with Blockbench by Juknum",
	"parent": "item/golden_chestplate",
	"texture_size": [128, 64],
	"textures": {
		"0": "models/armor/netherite_layer_1",
		"particle": "models/armor/netherite_layer_1"
	},
	"elements": [
		{
			"from": [0, 4, 4],
			"to": [16, 19, 5],
			"rotation": {"angle": 0, "axis": "y", "origin": [8, 12, 12]},
			"faces": {
				"north": {"uv": [5, 10.75, 7, 14.5], "texture": "#0"},
				"east": {"uv": [4.875, 10.75, 5, 14.5], "texture": "#0"},
				"south": {"uv": [7, 10.75, 5, 14.5], "texture": "#0"},
				"west": {"uv": [7, 10.75, 7.125, 14.5], "texture": "#0"},
				"up": {"uv": [5, 10.75, 7, 11], "texture": "#0"},
				"down": {"uv": [5, 14.25, 7, 14.5], "texture": "#0"}
			}
		},
		{
			"from": [0, 4, 11],
			"to": [16, 22, 12],
			"rotation": {"angle": 0, "axis": "y", "origin": [8, 12, 19]},
			"faces": {
				"north": {"uv": [10, 10, 8, 14.5], "texture": "#0"},
				"east": {"uv": [4, 10, 4.125, 14.5], "texture": "#0"},
				"south": {"uv": [8, 10, 10, 14.5], "texture": "#0"},
				"west": {"uv": [7.875, 10, 8, 14.5], "texture": "#0"},
				"up": {"uv": [8, 10.75, 10, 11], "texture": "#0"},
				"down": {"uv": [8, 14.25, 10, 14.5], "texture": "#0"}
			}
		},
		{
			"from": [0, 4, 5],
			"to": [1, 22, 11],
			"rotation": {"angle": 0, "axis": "y", "origin": [8, 12, 18]},
			"faces": {
				"east": {"uv": [7.875, 10, 7.125, 14.5], "texture": "#0"},
				"west": {"uv": [7.125, 10, 7.875, 14.5], "texture": "#0"},
				"up": {"uv": [7.125, 10, 7.875, 10.25], "rotation": 90, "texture": "#0"},
				"down": {"uv": [7.125, 14.25, 7.875, 14.5], "rotation": 90, "texture": "#0"}
			}
		},
		{
			"from": [15, 4, 5],
			"to": [16, 22, 11],
			"rotation": {"angle": 0, "axis": "y", "origin": [23, 12, 18]},
			"faces": {
				"east": {"uv": [4.125, 10, 4.875, 14.5], "texture": "#0"},
				"west": {"uv": [4.875, 10, 4.125, 14.5], "texture": "#0"},
				"up": {"uv": [4.875, 10, 4.125, 10.25], "rotation": 90, "texture": "#0"},
				"down": {"uv": [7.125, 14.25, 7.875, 14.5], "rotation": 90, "texture": "#0"}
			}
		},
		{
			"from": [11, 19, 4],
			"to": [16, 22, 5],
			"rotation": {"angle": 0, "axis": "y", "origin": [8, 25, 12]},
			"faces": {
				"north": {"uv": [5, 10, 5.625, 10.75], "texture": "#0"},
				"east": {"uv": [4.875, 10, 5, 10.75], "texture": "#0"},
				"south": {"uv": [5.625, 10, 5, 10.75], "texture": "#0"},
				"west": {"uv": [5.5, 10, 5.625, 10.75], "texture": "#0"},
				"up": {"uv": [5.625, 10, 5, 10.25], "texture": "#0"}
			}
		},
		{
			"from": [0, 19, 4],
			"to": [5, 22, 5],
			"rotation": {"angle": 0, "axis": "y", "origin": [-3, 25, 12]},
			"faces": {
				"north": {"uv": [6.375, 10, 7, 10.75], "texture": "#0"},
				"east": {"uv": [6.375, 10, 6.5, 10.75], "texture": "#0"},
				"south": {"uv": [7, 10, 6.375, 10.75], "texture": "#0"},
				"west": {"uv": [7, 10, 7.125, 10.75], "texture": "#0"},
				"up": {"uv": [7, 10, 6.375, 10.25], "texture": "#0"}
			}
		},
		{
			"from": [5, 19, 4],
			"to": [6, 20, 5],
			"rotation": {"angle": 0, "axis": "y", "origin": [2, 25, 12]},
			"faces": {
				"north": {"uv": [6.25, 10.5, 6.375, 10.75], "texture": "#0"},
				"east": {"uv": [6.25, 10.5, 6.375, 10.75], "texture": "#0"},
				"south": {"uv": [6.25, 10.5, 6.375, 10.75], "texture": "#0"},
				"up": {"uv": [6.25, 10.5, 6.375, 10.75], "texture": "#0"}
			}
		},
		{
			"from": [10, 19, 4],
			"to": [11, 20, 5],
			"rotation": {"angle": 0, "axis": "y", "origin": [7, 25, 12]},
			"faces": {
				"north": {"uv": [5.625, 10.5, 5.75, 10.75], "texture": "#0"},
				"south": {"uv": [5.625, 10.5, 5.75, 10.75], "texture": "#0"},
				"west": {"uv": [5.625, 10.5, 5.75, 10.75], "texture": "#0"},
				"up": {"uv": [5.625, 10.5, 5.75, 10.75], "texture": "#0"}
			}
		},
		{
			"from": [1, 3, 4],
			"to": [15, 4, 5],
			"rotation": {"angle": 0, "axis": "y", "origin": [8, 11, 12]},
			"faces": {
				"north": {"uv": [5.125, 14.5, 6.875, 14.75], "texture": "#0"},
				"east": {"uv": [5.125, 14.5, 5.25, 14.75], "texture": "#0"},
				"south": {"uv": [5.125, 14.5, 6.875, 14.75], "texture": "#0"},
				"west": {"uv": [6.75, 14.5, 6.875, 14.75], "texture": "#0"},
				"down": {"uv": [5.125, 14.5, 6.875, 14.75], "texture": "#0"}
			}
		},
		{
			"from": [2, 2, 4],
			"to": [14, 3, 5],
			"rotation": {"angle": 0, "axis": "y", "origin": [8, 10, 12]},
			"faces": {
				"north": {"uv": [5.25, 14.75, 6.75, 15], "texture": "#0"},
				"east": {"uv": [6.625, 14.75, 6.75, 15], "texture": "#0"},
				"south": {"uv": [5.25, 14.75, 6.75, 15], "texture": "#0"},
				"west": {"uv": [5.25, 14.75, 5.375, 15], "texture": "#0"},
				"down": {"uv": [5.25, 14.75, 6.75, 15], "texture": "#0"}
			}
		},
		{
			"from": [3, 1, 4],
			"to": [13, 2, 5],
			"rotation": {"angle": 0, "axis": "y", "origin": [8, 9, 12]},
			"faces": {
				"north": {"uv": [5.375, 15, 6.625, 15.25], "texture": "#0"},
				"east": {"uv": [6.5, 15, 6.625, 15.25], "texture": "#0"},
				"south": {"uv": [5.375, 15, 6.625, 15.25], "texture": "#0"},
				"west": {"uv": [5.375, 15, 5.5, 15.25], "texture": "#0"},
				"down": {"uv": [5.375, 15, 6.625, 15.25], "texture": "#0"}
			}
		},
		{
			"from": [4, 0, 4],
			"to": [12, 1, 5],
			"rotation": {"angle": 0, "axis": "y", "origin": [8, 8, 12]},
			"faces": {
				"north": {"uv": [5.5, 15.25, 6.5, 15.5], "texture": "#0"},
				"east": {"uv": [6.375, 15.25, 6.5, 15.5], "texture": "#0"},
				"south": {"uv": [5.5, 15.25, 6.5, 15.5], "texture": "#0"},
				"west": {"uv": [5.5, 15.25, 5.625, 15.5], "texture": "#0"},
				"down": {"uv": [5.5, 15.25, 6.5, 15.5], "texture": "#0"}
			}
		},
		{
			"from": [4, 0, 11],
			"to": [12, 1, 12],
			"rotation": {"angle": 0, "axis": "y", "origin": [8, 8, 19]},
			"faces": {
				"north": {"uv": [8.5, 15.25, 9.5, 15.5], "texture": "#0"},
				"east": {"uv": [8.5, 15.25, 8.625, 15.5], "texture": "#0"},
				"south": {"uv": [8.5, 15.25, 9.5, 15.5], "texture": "#0"},
				"west": {"uv": [9.375, 15.25, 9.5, 15.5], "texture": "#0"},
				"down": {"uv": [8.5, 15.25, 9.5, 15.5], "texture": "#0"}
			}
		},
		{
			"from": [3, 1, 11],
			"to": [13, 2, 12],
			"rotation": {"angle": 0, "axis": "y", "origin": [8, 9, 19]},
			"faces": {
				"north": {"uv": [8.375, 15, 9.625, 15.25], "texture": "#0"},
				"east": {"uv": [8.375, 15, 8.5, 15.25], "texture": "#0"},
				"south": {"uv": [8.375, 15, 9.625, 15.25], "texture": "#0"},
				"west": {"uv": [9.5, 15, 9.625, 15.25], "texture": "#0"},
				"down": {"uv": [8.375, 15, 9.625, 15.25], "texture": "#0"}
			}
		},
		{
			"from": [2, 2, 11],
			"to": [14, 3, 12],
			"rotation": {"angle": 0, "axis": "y", "origin": [8, 10, 19]},
			"faces": {
				"north": {"uv": [8.25, 14.75, 9.75, 15], "texture": "#0"},
				"east": {"uv": [8.25, 14.75, 8.375, 15], "texture": "#0"},
				"south": {"uv": [8.25, 14.75, 9.75, 15], "texture": "#0"},
				"west": {"uv": [9.625, 14.75, 9.75, 15], "texture": "#0"},
				"down": {"uv": [8.25, 14.75, 9.75, 15], "texture": "#0"}
			}
		},
		{
			"from": [1, 3, 11],
			"to": [15, 4, 12],
			"rotation": {"angle": 0, "axis": "y", "origin": [8, 11, 19]},
			"faces": {
				"north": {"uv": [8.125, 14.5, 9.875, 14.75], "texture": "#0"},
				"east": {"uv": [8.125, 14.5, 8.25, 14.75], "texture": "#0"},
				"south": {"uv": [8.125, 14.5, 9.875, 14.75], "texture": "#0"},
				"west": {"uv": [9.75, 14.5, 9.875, 14.75], "texture": "#0"},
				"down": {"uv": [8.125, 14.5, 9.875, 14.75], "texture": "#0"}
			}
		},
		{
			"from": [-9, 12, 4],
			"to": [-1, 22, 5],
			"rotation": {"angle": 0, "axis": "y", "origin": [-1, 20, 12]},
			"faces": {
				"north": {"uv": [13, 10, 14, 12.5], "texture": "#0"},
				"east": {"uv": [13, 10, 13.125, 12.5], "texture": "#0"},
				"south": {"uv": [14, 10, 13, 12.5], "texture": "#0"},
				"west": {"uv": [10, 10, 10.125, 12.5], "texture": "#0"},
				"up": {"uv": [11, 9.75, 12, 10], "texture": "#0"},
				"down": {"uv": [14, 12.25, 13, 12.5], "texture": "#0"}
			}
		},
		{
			"from": [-9, 12, 11],
			"to": [-1, 22, 12],
			"rotation": {"angle": 0, "axis": "y", "origin": [-1, 20, 19]},
			"faces": {
				"north": {"uv": [12, 10, 11, 12.5], "texture": "#0"},
				"east": {"uv": [13, 10, 13.125, 12.5], "texture": "#0"},
				"south": {"uv": [11, 10, 12, 12.5], "texture": "#0"},
				"west": {"uv": [10, 10, 10.125, 12.5], "texture": "#0"},
				"up": {"uv": [11, 8, 12, 8.25], "texture": "#0"},
				"down": {"uv": [11, 12.25, 12, 12.5], "texture": "#0"}
			}
		},
		{
			"from": [-9, 21, 5],
			"to": [-1, 22, 11],
			"rotation": {"angle": 0, "axis": "y", "origin": [-1, 20, 18]},
			"faces": {
				"east": {"uv": [12.125, 10, 12.875, 10.25], "texture": "#0"},
				"west": {"uv": [10.125, 10, 10.875, 10.25], "texture": "#0"},
				"up": {"uv": [11, 8.25, 12, 9.75], "texture": "#0"},
				"down": {"uv": [11, 8.25, 12, 9.75], "texture": "#0"}
			}
		},
		{
			"from": [-2, 16, 5],
			"to": [-1, 21, 11],
			"rotation": {"angle": 0, "axis": "y", "origin": [-1, 20, 18]},
			"faces": {
				"east": {"uv": [12.125, 10.25, 12.875, 11.5], "texture": "#0"},
				"west": {"uv": [12.125, 10.25, 12.875, 11.5], "texture": "#0"},
				"down": {"uv": [12.125, 11.25, 12.875, 11.5], "rotation": 90, "texture": "#0"}
			}
		},
		{
			"from": [-9, 12, 5],
			"to": [-8, 21, 11],
			"rotation": {"angle": 0, "axis": "y", "origin": [-1, 20, 18]},
			"faces": {
				"east": {"uv": [10.125, 10.25, 10.875, 12.5], "texture": "#0"},
				"west": {"uv": [10.125, 10.25, 10.875, 12.5], "texture": "#0"},
				"down": {"uv": [10.125, 12.25, 10.875, 12.5], "rotation": 90, "texture": "#0"}
			}
		},
		{
			"from": [17, 12, 11],
			"to": [25, 22, 12],
			"rotation": {"angle": 0, "axis": "y", "origin": [21, 22, 8]},
			"faces": {
				"north": {"uv": [14, 10, 13, 12.5], "texture": "#0"},
				"east": {"uv": [10, 10, 10.125, 12.5], "texture": "#0"},
				"south": {"uv": [13, 10, 14, 12.5], "texture": "#0"},
				"west": {"uv": [13, 10, 13.125, 12.5], "texture": "#0"},
				"up": {"uv": [11, 9.75, 12, 10], "rotation": 180, "texture": "#0"},
				"down": {"uv": [14, 12.25, 13, 12.5], "rotation": 180, "texture": "#0"}
			}
		},
		{
			"from": [17, 12, 4],
			"to": [25, 22, 5],
			"rotation": {"angle": 0, "axis": "y", "origin": [21, 22, 8]},
			"faces": {
				"north": {"uv": [11, 10, 12, 12.5], "texture": "#0"},
				"east": {"uv": [10, 10, 10.125, 12.5], "texture": "#0"},
				"south": {"uv": [12, 10, 11, 12.5], "texture": "#0"},
				"west": {"uv": [13, 10, 13.125, 12.5], "texture": "#0"},
				"up": {"uv": [11, 8, 12, 8.25], "rotation": 180, "texture": "#0"},
				"down": {"uv": [11, 12.25, 12, 12.5], "rotation": 180, "texture": "#0"}
			}
		},
		{
			"from": [17, 21, 5],
			"to": [25, 22, 11],
			"rotation": {"angle": 0, "axis": "y", "origin": [21, 22, 8]},
			"faces": {
				"east": {"uv": [10.125, 10, 10.875, 10.25], "texture": "#0"},
				"west": {"uv": [12.125, 10, 12.875, 10.25], "texture": "#0"},
				"up": {"uv": [11, 8.25, 12, 9.75], "rotation": 180, "texture": "#0"},
				"down": {"uv": [11, 8.25, 12, 9.75], "rotation": 180, "texture": "#0"}
			}
		},
		{
			"from": [17, 16, 5],
			"to": [18, 21, 11],
			"rotation": {"angle": 0, "axis": "y", "origin": [21, 22, 8]},
			"faces": {
				"east": {"uv": [12.125, 10.25, 12.875, 11.5], "texture": "#0"},
				"west": {"uv": [12.125, 10.25, 12.875, 11.5], "texture": "#0"},
				"down": {"uv": [12.125, 11.25, 12.875, 11.5], "rotation": 270, "texture": "#0"}
			}
		},
		{
			"from": [24, 12, 5],
			"to": [25, 21, 11],
			"rotation": {"angle": 0, "axis": "y", "origin": [21, 22, 8]},
			"faces": {
				"east": {"uv": [10.125, 10.25, 10.875, 12.5], "texture": "#0"},
				"west": {"uv": [10.125, 10.25, 10.875, 12.5], "texture": "#0"},
				"down": {"uv": [10.125, 12.25, 10.875, 12.5], "rotation": 270, "texture": "#0"}
			}
		}
	],
	"groups": [
		{
			"name": "chest",
			"origin": [8, 11, 19],
			"children": [0, 1, 2, 3, 4, 5, 6, 7, 8, 9, 10, 11, 12, 13, 14, 15]
		},
		{
			"name": "shoulder",
			"origin": [8, 8, 8],
			"children": [16, 17, 18, 19, 20]
		},
		{
			"name": "shoulder",
			"origin": [8, 8, 8],
			"children": [21, 22, 23, 24, 25]
		}
	]
}