{
	"credit": "Made with Blockbench by Juknum",
	"parent": "item/potion",
	"textures": {
		"2": "item/splash_potion",
		"particle": "item/splash_potion",
		"potion_overlay": "item/potion_overlay"
	},
	"elements": [
		{
			"name": "glass",
			"from": [6, 11.5, 7],
			"to": [6.5, 12, 9],
			"rotation": {"angle": 0, "axis": "y", "origin": [8, 7.8, 8]},
			"faces": {
				"north": {"uv": [9.525, 4.025, 9.975, 4.475], "texture": "#2"},
				"east": {"uv": [9.525, 4.025, 9.95, 4.45], "rotation": 180, "texture": "#2"},
				"south": {"uv": [9.525, 4.025, 9.95, 4.45], "texture": "#2"},
				"west": {"uv": [9.525, 4.025, 9.95, 4.45], "texture": "#2"},
				"up": {"uv": [9.525, 4.025, 9.95, 4.45], "rotation": 180, "texture": "#2"},
				"down": {"uv": [9.525, 4.025, 9.95, 4.45], "rotation": 180, "texture": "#2"}
			}
		},
		{
			"name": "glass",
			"from": [6, 1.5, 6],
			"to": [10, 2, 10],
			"faces": {
				"north": {"uv": [6.025, 14.025, 9.975, 14.475], "texture": "#2"},
				"east": {"uv": [6.025, 14.025, 9.975, 14.475], "texture": "#2"},
				"south": {"uv": [6.025, 14.025, 9.975, 14.475], "texture": "#2"},
				"west": {"uv": [6.025, 14.025, 9.975, 14.475], "texture": "#2"},
				"down": {"uv": [6, 14, 10, 14.5], "texture": "#2"}
			}
		},
		{
			"name": "glass",
			"from": [10, 2, 5],
			"to": [11, 2.5, 6],
			"faces": {
				"north": {"uv": [5, 13.5, 6, 14], "texture": "#2"},
				"east": {"uv": [5, 13.5, 6, 14], "texture": "#2"},
				"south": {"uv": [5, 13.5, 6, 14], "texture": "#2"},
				"west": {"uv": [5, 13.5, 6, 14], "texture": "#2"},
				"down": {"uv": [5, 13.5, 6, 14], "texture": "#2"}
			}
		},
		{
			"name": "glass",
			"from": [5, 2, 5],
			"to": [6, 2.5, 6],
			"rotation": {"angle": 0, "axis": "y", "origin": [3, 8, 8]},
			"faces": {
				"north": {"uv": [5, 13.5, 6, 14], "texture": "#2"},
				"east": {"uv": [5, 13.5, 6, 14], "texture": "#2"},
				"south": {"uv": [5, 13.5, 6, 14], "texture": "#2"},
				"west": {"uv": [5, 13.5, 6, 14], "texture": "#2"},
				"down": {"uv": [5, 13.5, 6, 14], "texture": "#2"}
			}
		},
		{
			"name": "glass",
			"from": [4.5, 2.5, 4.5],
			"to": [5, 3, 5],
			"rotation": {"angle": 0, "axis": "y", "origin": [2.5, 8.5, 7.5]},
			"faces": {
				"north": {"uv": [11, 13, 11.5, 13.5], "texture": "#2"},
				"east": {"uv": [11, 13, 11.5, 13.5], "texture": "#2"},
				"south": {"uv": [11, 13, 11.5, 13.5], "texture": "#2"},
				"west": {"uv": [11, 13, 11.5, 13.5], "texture": "#2"},
				"down": {"uv": [11, 13, 11.5, 13.5], "texture": "#2"}
			}
		},
		{
			"name": "glass",
			"from": [11, 2.5, 4.5],
			"to": [11.5, 3, 5],
			"rotation": {"angle": 0, "axis": "y", "origin": [9, 8.5, 7.5]},
			"faces": {
				"north": {"uv": [4.5, 13, 5, 13.5], "texture": "#2"},
				"east": {"uv": [4.5, 13, 5, 13.5], "texture": "#2"},
				"south": {"uv": [4.5, 13, 5, 13.5], "texture": "#2"},
				"west": {"uv": [4.5, 13, 5, 13.5], "texture": "#2"},
				"down": {"uv": [4.5, 13, 5, 13.5], "texture": "#2"}
			}
		},
		{
			"name": "glass",
			"from": [11, 2.5, 11],
			"to": [11.5, 3, 11.5],
			"rotation": {"angle": 0, "axis": "y", "origin": [9, 8.5, 14]},
			"faces": {
				"north": {"uv": [4.5, 13, 5, 13.5], "texture": "#2"},
				"east": {"uv": [4.5, 13, 5, 13.5], "texture": "#2"},
				"south": {"uv": [4.5, 13, 5, 13.5], "texture": "#2"},
				"west": {"uv": [4.5, 13, 5, 13.5], "texture": "#2"},
				"down": {"uv": [4.5, 13, 5, 13.5], "texture": "#2"}
			}
		},
		{
			"name": "glass",
			"from": [4.5, 2.5, 11],
			"to": [5, 3, 11.5],
			"rotation": {"angle": 0, "axis": "y", "origin": [2.5, 8.5, 14]},
			"faces": {
				"north": {"uv": [11, 13, 11.5, 13.5], "texture": "#2"},
				"east": {"uv": [11, 13, 11.5, 13.5], "texture": "#2"},
				"south": {"uv": [11, 13, 11.5, 13.5], "texture": "#2"},
				"west": {"uv": [11, 13, 11.5, 13.5], "texture": "#2"},
				"down": {"uv": [11, 13, 11.5, 13.5], "texture": "#2"}
			}
		},
		{
			"name": "glass",
			"from": [4, 3, 4],
			"to": [4.5, 6.5, 4.5],
			"rotation": {"angle": 0, "axis": "y", "origin": [2, 9, 7]},
			"faces": {
				"north": {"uv": [11.5, 9.5, 12, 13], "texture": "#2"},
				"east": {"uv": [11.5, 9.5, 12, 13], "texture": "#2"},
				"south": {"uv": [11.5, 9.5, 12, 13], "texture": "#2"},
				"west": {"uv": [11.5, 9.5, 12, 13], "texture": "#2"},
				"up": {"uv": [11.5, 9.5, 12, 10], "texture": "#2"},
				"down": {"uv": [11.5, 12.5, 12, 13], "texture": "#2"}
			}
		},
		{
			"name": "glass",
			"from": [4.5, 6.5, 4.5],
			"to": [5, 7.5, 5],
			"rotation": {"angle": 0, "axis": "y", "origin": [2.5, 12.5, 7.5]},
			"faces": {
				"north": {"uv": [11, 8.5, 11.5, 9.5], "texture": "#2"},
				"east": {"uv": [11, 8.5, 11.5, 9.5], "texture": "#2"},
				"south": {"uv": [11, 8.5, 11.5, 9.5], "texture": "#2"},
				"west": {"uv": [11, 8.5, 11.5, 9.5], "texture": "#2"},
				"up": {"uv": [11, 8.5, 11.5, 9], "texture": "#2"},
				"down": {"uv": [11, 8.5, 11.5, 9.5], "texture": "#2"}
			}
		},
		{
			"name": "glass",
			"from": [11, 6.5, 4.5],
			"to": [11.5, 7.5, 5],
			"rotation": {"angle": 0, "axis": "y", "origin": [9, 12.5, 7.5]},
			"faces": {
				"north": {"uv": [4.5, 8.5, 5, 9.5], "texture": "#2"},
				"east": {"uv": [4.5, 8.5, 5, 9.5], "texture": "#2"},
				"south": {"uv": [4.5, 8.5, 5, 9.5], "texture": "#2"},
				"west": {"uv": [4.5, 8.5, 5, 9.5], "texture": "#2"},
				"up": {"uv": [4.5, 8.5, 5, 9], "texture": "#2"},
				"down": {"uv": [4.5, 9, 5, 9.5], "texture": "#2"}
			}
		},
		{
			"name": "glass",
			"from": [11, 6.5, 11],
			"to": [11.5, 7.5, 11.5],
			"rotation": {"angle": 0, "axis": "y", "origin": [9, 12.5, 14]},
			"faces": {
				"north": {"uv": [4.5, 8.5, 5, 9.5], "texture": "#2"},
				"east": {"uv": [4.5, 8.5, 5, 9.5], "texture": "#2"},
				"south": {"uv": [4.5, 8.5, 5, 9.5], "texture": "#2"},
				"west": {"uv": [4.5, 8.5, 5, 9.5], "texture": "#2"},
				"up": {"uv": [4.5, 8.5, 5, 9], "texture": "#2"},
				"down": {"uv": [4.5, 9, 5, 9.5], "texture": "#2"}
			}
		},
		{
			"name": "glass",
			"from": [10.5, 7.5, 10.5],
			"to": [11, 8, 11],
			"rotation": {"angle": 0, "axis": "y", "origin": [8.5, 13.5, 13.5]},
			"faces": {
				"north": {"uv": [5, 8, 5.5, 8.5], "texture": "#2"},
				"east": {"uv": [5, 8, 5.5, 8.5], "texture": "#2"},
				"south": {"uv": [5, 8, 5.5, 8.5], "texture": "#2"},
				"west": {"uv": [5, 8, 5.5, 8.5], "texture": "#2"},
				"up": {"uv": [5, 8, 5.5, 8.5], "texture": "#2"},
				"down": {"uv": [5, 8, 5.5, 8.5], "texture": "#2"}
			}
		},
		{
			"name": "glass",
			"from": [10.5, 7.5, 5],
			"to": [11, 8, 5.5],
			"rotation": {"angle": 0, "axis": "y", "origin": [8.5, 13.5, 8]},
			"faces": {
				"north": {"uv": [5, 8, 5.5, 8.5], "texture": "#2"},
				"east": {"uv": [5, 8, 5.5, 8.5], "texture": "#2"},
				"south": {"uv": [5, 8, 5.5, 8.5], "texture": "#2"},
				"west": {"uv": [5, 8, 5.5, 8.5], "texture": "#2"},
				"up": {"uv": [5, 8, 5.5, 8.5], "texture": "#2"},
				"down": {"uv": [5, 8, 5.5, 8.5], "texture": "#2"}
			}
		},
		{
			"name": "glass",
			"from": [10, 8, 5.5],
			"to": [10.5, 8.5, 6],
			"rotation": {"angle": 0, "axis": "y", "origin": [8, 14, 8.5]},
			"faces": {
				"north": {"uv": [5, 8, 5.5, 8.5], "texture": "#2"},
				"east": {"uv": [5, 8, 5.5, 8.5], "texture": "#2"},
				"south": {"uv": [5, 8, 5.5, 8.5], "texture": "#2"},
				"west": {"uv": [5, 8, 5.5, 8.5], "texture": "#2"},
				"up": {"uv": [5, 8, 5.5, 8.5], "texture": "#2"},
				"down": {"uv": [5, 8, 5.5, 8.5], "texture": "#2"}
			}
		},
		{
			"name": "glass",
			"from": [9.5, 8.5, 6],
			"to": [10, 9, 6.5],
			"rotation": {"angle": 0, "axis": "y", "origin": [7.5, 14.5, 9]},
			"faces": {
				"north": {"uv": [5, 8, 5.5, 8.5], "texture": "#2"},
				"east": {"uv": [5, 8, 5.5, 8.5], "texture": "#2"},
				"south": {"uv": [5, 8, 5.5, 8.5], "texture": "#2"},
				"west": {"uv": [5, 8, 5.5, 8.5], "texture": "#2"},
				"up": {"uv": [5, 8, 5.5, 8.5], "texture": "#2"},
				"down": {"uv": [5, 8, 5.5, 8.5], "texture": "#2"}
			}
		},
		{
			"name": "glass",
			"from": [10, 8, 10],
			"to": [10.5, 8.5, 10.5],
			"rotation": {"angle": 0, "axis": "y", "origin": [8, 14, 13]},
			"faces": {
				"north": {"uv": [5, 8, 5.5, 8.5], "texture": "#2"},
				"east": {"uv": [5, 8, 5.5, 8.5], "texture": "#2"},
				"south": {"uv": [5, 8, 5.5, 8.5], "texture": "#2"},
				"west": {"uv": [5, 8, 5.5, 8.5], "texture": "#2"},
				"up": {"uv": [5, 8, 5.5, 8.5], "texture": "#2"},
				"down": {"uv": [5, 8, 5.5, 8.5], "texture": "#2"}
			}
		},
		{
			"name": "glass",
			"from": [9.5, 8.5, 9.5],
			"to": [10, 9, 10],
			"rotation": {"angle": 0, "axis": "y", "origin": [7.5, 14.5, 12.5]},
			"faces": {
				"north": {"uv": [5, 8, 5.5, 8.5], "texture": "#2"},
				"east": {"uv": [5, 8, 5.5, 8.5], "texture": "#2"},
				"south": {"uv": [5, 8, 5.5, 8.5], "texture": "#2"},
				"west": {"uv": [5, 8, 5.5, 8.5], "texture": "#2"},
				"up": {"uv": [5, 8, 5.5, 8.5], "texture": "#2"},
				"down": {"uv": [5, 8, 5.5, 8.5], "texture": "#2"}
			}
		},
		{
			"name": "glass",
			"from": [9, 9, 9],
			"to": [9.5, 9.5, 9.5],
			"rotation": {"angle": 0, "axis": "y", "origin": [7, 15, 12]},
			"faces": {
				"north": {"uv": [6.5, 6.5, 7, 7], "texture": "#2"},
				"east": {"uv": [6.5, 6.5, 7, 7], "texture": "#2"},
				"south": {"uv": [6.5, 6.5, 7, 7], "texture": "#2"},
				"west": {"uv": [6.5, 6.5, 7, 7], "texture": "#2"},
				"up": {"uv": [6.5, 6.5, 7, 7], "texture": "#2"},
				"down": {"uv": [6.5, 6.5, 7, 7], "texture": "#2"}
			}
		},
		{
			"name": "glass",
			"from": [9, 9, 6.5],
			"to": [9.5, 9.5, 7],
			"rotation": {"angle": 0, "axis": "y", "origin": [7, 15, 9.5]},
			"faces": {
				"north": {"uv": [6.5, 6.5, 7, 7], "texture": "#2"},
				"east": {"uv": [6.5, 6.5, 7, 7], "texture": "#2"},
				"south": {"uv": [6.5, 6.5, 7, 7], "texture": "#2"},
				"west": {"uv": [6.5, 6.5, 7, 7], "texture": "#2"},
				"up": {"uv": [6.5, 6.5, 7, 7], "texture": "#2"},
				"down": {"uv": [6.5, 6.5, 7, 7], "texture": "#2"}
			}
		},
		{
			"name": "glass",
			"from": [8.5, 9.5, 7],
			"to": [9, 10, 7.5],
			"rotation": {"angle": 0, "axis": "y", "origin": [6.5, 15.5, 10]},
			"faces": {
				"north": {"uv": [6.5, 6.5, 7, 7], "texture": "#2"},
				"east": {"uv": [6.5, 6.5, 7, 7], "texture": "#2"},
				"south": {"uv": [6.5, 6.5, 7, 7], "texture": "#2"},
				"west": {"uv": [6.5, 6.5, 7, 7], "texture": "#2"},
				"up": {"uv": [6.5, 6.5, 7, 7], "texture": "#2"},
				"down": {"uv": [6.5, 6.5, 7, 7], "texture": "#2"}
			}
		},
		{
			"name": "glass",
			"from": [8, 10, 8.5],
			"to": [8.5, 10.5, 9],
			"rotation": {"angle": 0, "axis": "y", "origin": [6, 16, 11.5]},
			"faces": {
				"north": {"uv": [6.5, 6.5, 7, 7], "texture": "#2"},
				"east": {"uv": [6.5, 6.5, 7, 7], "texture": "#2"},
				"south": {"uv": [6.5, 6.5, 7, 7], "texture": "#2"},
				"west": {"uv": [6.5, 6.5, 7, 7], "texture": "#2"},
				"up": {"uv": [6.5, 6.5, 7, 7], "texture": "#2"},
				"down": {"uv": [6.5, 6.5, 7, 7], "texture": "#2"}
			}
		},
		{
			"name": "glass",
			"from": [7.5, 10.5, 8.5],
			"to": [8, 11, 9],
			"rotation": {"angle": 0, "axis": "y", "origin": [5.5, 16.5, 11.5]},
			"faces": {
				"north": {"uv": [6.5, 6.5, 7, 7], "texture": "#2"},
				"east": {"uv": [6.5, 6.5, 7, 7], "texture": "#2"},
				"south": {"uv": [6.5, 6.5, 7, 7], "texture": "#2"},
				"west": {"uv": [6.5, 6.5, 7, 7], "texture": "#2"},
				"up": {"uv": [6.5, 6.5, 7, 7], "texture": "#2"},
				"down": {"uv": [6.5, 6.5, 7, 7], "texture": "#2"}
			}
		},
		{
			"name": "glass",
			"from": [7, 11, 8.5],
			"to": [7.5, 12, 9],
			"rotation": {"angle": 0, "axis": "y", "origin": [5, 17, 11.5]},
			"faces": {
				"north": {"uv": [6.5, 6.5, 7, 7], "texture": "#2"},
				"east": {"uv": [6.5, 6.5, 7, 7], "texture": "#2"},
				"south": {"uv": [6.5, 6.5, 7, 7], "texture": "#2"},
				"west": {"uv": [6.5, 6.5, 7, 7], "texture": "#2"},
				"up": {"uv": [6.5, 6.5, 7, 7], "texture": "#2"},
				"down": {"uv": [6.5, 6.5, 7, 7], "texture": "#2"}
			}
		},
		{
			"name": "glass",
			"from": [8, 10, 7],
			"to": [8.5, 10.5, 7.5],
			"rotation": {"angle": 0, "axis": "y", "origin": [6, 16, 10]},
			"faces": {
				"north": {"uv": [6.5, 6.5, 7, 7], "texture": "#2"},
				"east": {"uv": [6.5, 6.5, 7, 7], "texture": "#2"},
				"south": {"uv": [6.5, 6.5, 7, 7], "texture": "#2"},
				"west": {"uv": [6.5, 6.5, 7, 7], "texture": "#2"},
				"up": {"uv": [6.5, 6.5, 7, 7], "texture": "#2"},
				"down": {"uv": [6.5, 6.5, 7, 7], "texture": "#2"}
			}
		},
		{
			"name": "glass",
			"from": [7.5, 10.5, 7],
			"to": [8, 11, 7.5],
			"rotation": {"angle": 0, "axis": "y", "origin": [5.5, 16.5, 10]},
			"faces": {
				"north": {"uv": [6.5, 6.5, 7, 7], "texture": "#2"},
				"east": {"uv": [6.5, 6.5, 7, 7], "texture": "#2"},
				"south": {"uv": [6.5, 6.5, 7, 7], "texture": "#2"},
				"west": {"uv": [6.5, 6.5, 7, 7], "texture": "#2"},
				"up": {"uv": [6.5, 6.5, 7, 7], "texture": "#2"},
				"down": {"uv": [6.5, 6.5, 7, 7], "texture": "#2"}
			}
		},
		{
			"name": "glass",
			"from": [7, 11, 7],
			"to": [7.5, 12, 7.5],
			"rotation": {"angle": 0, "axis": "y", "origin": [5, 17, 10]},
			"faces": {
				"north": {"uv": [6.5, 6.5, 7, 7], "texture": "#2"},
				"east": {"uv": [6.5, 6.5, 7, 7], "texture": "#2"},
				"south": {"uv": [6.5, 6.5, 7, 7], "texture": "#2"},
				"west": {"uv": [6.5, 6.5, 7, 7], "texture": "#2"},
				"up": {"uv": [6.5, 6.5, 7, 7], "texture": "#2"},
				"down": {"uv": [6.5, 6.5, 7, 7], "texture": "#2"}
			}
		},
		{
			"name": "glass",
			"from": [8.5, 9.5, 8.5],
			"to": [9, 10, 9],
			"rotation": {"angle": 0, "axis": "y", "origin": [6.5, 15.5, 11.5]},
			"faces": {
				"north": {"uv": [6.5, 6.5, 7, 7], "texture": "#2"},
				"east": {"uv": [6.5, 6.5, 7, 7], "texture": "#2"},
				"south": {"uv": [6.5, 6.5, 7, 7], "texture": "#2"},
				"west": {"uv": [6.5, 6.5, 7, 7], "texture": "#2"},
				"up": {"uv": [6.5, 6.5, 7, 7], "texture": "#2"},
				"down": {"uv": [6.5, 6.5, 7, 7], "texture": "#2"}
			}
		},
		{
			"name": "glass",
			"from": [4.5, 6.5, 11],
			"to": [5, 7.5, 11.5],
			"rotation": {"angle": 0, "axis": "y", "origin": [2.5, 12.5, 14]},
			"faces": {
				"north": {"uv": [11, 8.5, 11.5, 9.5], "texture": "#2"},
				"east": {"uv": [11, 8.5, 11.5, 9.5], "texture": "#2"},
				"south": {"uv": [11, 8.5, 11.5, 9.5], "texture": "#2"},
				"west": {"uv": [11, 8.5, 11.5, 9.5], "texture": "#2"},
				"up": {"uv": [11, 8.5, 11.5, 9], "texture": "#2"},
				"down": {"uv": [11, 8.5, 11.5, 9.5], "texture": "#2"}
			}
		},
		{
			"name": "glass",
			"from": [5, 7.5, 10.5],
			"to": [5.5, 8, 11],
			"rotation": {"angle": 0, "axis": "y", "origin": [3, 13.5, 13.5]},
			"faces": {
				"north": {"uv": [10.5, 8, 11, 8.5], "texture": "#2"},
				"east": {"uv": [10.5, 8, 11, 8.5], "texture": "#2"},
				"south": {"uv": [10.5, 8, 11, 8.5], "texture": "#2"},
				"west": {"uv": [10.5, 8, 11, 8.5], "texture": "#2"},
				"up": {"uv": [10.5, 8, 11, 8.5], "texture": "#2"},
				"down": {"uv": [10.5, 8, 11, 8.5], "texture": "#2"}
			}
		},
		{
			"name": "glass",
			"from": [5, 7.5, 5],
			"to": [5.5, 8, 5.5],
			"rotation": {"angle": 0, "axis": "y", "origin": [3, 13.5, 8]},
			"faces": {
				"north": {"uv": [10.5, 8, 11, 8.5], "texture": "#2"},
				"east": {"uv": [10.5, 8, 11, 8.5], "texture": "#2"},
				"south": {"uv": [10.5, 8, 11, 8.5], "texture": "#2"},
				"west": {"uv": [10.5, 8, 11, 8.5], "texture": "#2"},
				"up": {"uv": [10.5, 8, 11, 8.5], "texture": "#2"},
				"down": {"uv": [10.5, 8, 11, 8.5], "texture": "#2"}
			}
		},
		{
			"name": "glass",
			"from": [5.5, 8, 5.5],
			"to": [6, 8.5, 6],
			"rotation": {"angle": 0, "axis": "y", "origin": [3.5, 14, 8.5]},
			"faces": {
				"north": {"uv": [10.5, 8, 11, 8.5], "texture": "#2"},
				"east": {"uv": [10.5, 8, 11, 8.5], "texture": "#2"},
				"south": {"uv": [10.5, 8, 11, 8.5], "texture": "#2"},
				"west": {"uv": [10.5, 8, 11, 8.5], "texture": "#2"},
				"up": {"uv": [10.5, 8, 11, 8.5], "texture": "#2"},
				"down": {"uv": [10.5, 8, 11, 8.5], "texture": "#2"}
			}
		},
		{
			"name": "glass",
			"from": [5.5, 8, 10],
			"to": [6, 8.5, 10.5],
			"rotation": {"angle": 0, "axis": "y", "origin": [3.5, 14, 13]},
			"faces": {
				"north": {"uv": [10.5, 8, 11, 8.5], "texture": "#2"},
				"east": {"uv": [10.5, 8, 11, 8.5], "texture": "#2"},
				"south": {"uv": [10.5, 8, 11, 8.5], "texture": "#2"},
				"west": {"uv": [10.5, 8, 11, 8.5], "texture": "#2"},
				"up": {"uv": [10.5, 8, 11, 8.5], "texture": "#2"},
				"down": {"uv": [10.5, 8, 11, 8.5], "texture": "#2"}
			}
		},
		{
			"name": "glass",
			"from": [6, 8.5, 9.5],
			"to": [6.5, 9, 10],
			"rotation": {"angle": 0, "axis": "y", "origin": [4, 14.5, 12.5]},
			"faces": {
				"north": {"uv": [10.5, 8, 11, 8.5], "texture": "#2"},
				"east": {"uv": [10.5, 8, 11, 8.5], "texture": "#2"},
				"south": {"uv": [10.5, 8, 11, 8.5], "texture": "#2"},
				"west": {"uv": [10.5, 8, 11, 8.5], "texture": "#2"},
				"up": {"uv": [10.5, 8, 11, 8.5], "texture": "#2"},
				"down": {"uv": [10.5, 8, 11, 8.5], "texture": "#2"}
			}
		},
		{
			"name": "glass",
			"from": [6, 9, 6.5],
			"to": [6.5, 9.5, 7],
			"rotation": {"angle": 0, "axis": "y", "origin": [4, 15, 9.5]},
			"faces": {
				"north": {"uv": [9.5, 6.5, 10, 7], "texture": "#2"},
				"east": {"uv": [9.5, 6.5, 10, 7], "texture": "#2"},
				"south": {"uv": [9.5, 6.5, 10, 7], "texture": "#2"},
				"west": {"uv": [9.5, 6.5, 10, 7], "texture": "#2"},
				"up": {"uv": [9.5, 6.5, 10, 7], "texture": "#2"},
				"down": {"uv": [9.5, 6.5, 10, 7], "texture": "#2"}
			}
		},
		{
			"name": "glass",
			"from": [6, 9, 9],
			"to": [6.5, 9.5, 9.5],
			"rotation": {"angle": 0, "axis": "y", "origin": [4, 15, 12]},
			"faces": {
				"north": {"uv": [9.5, 6.5, 10, 7], "texture": "#2"},
				"east": {"uv": [9.5, 6.5, 10, 7], "texture": "#2"},
				"south": {"uv": [9.5, 6.5, 10, 7], "texture": "#2"},
				"west": {"uv": [9.5, 6.5, 10, 7], "texture": "#2"},
				"up": {"uv": [9.5, 6.5, 10, 7], "texture": "#2"},
				"down": {"uv": [9.5, 6.5, 10, 7], "texture": "#2"}
			}
		},
		{
			"name": "glass",
			"from": [5, 9.5, 7],
			"to": [6, 10, 7.5],
			"rotation": {"angle": 0, "axis": "y", "origin": [3, 15.5, 10]},
			"faces": {
				"north": {"uv": [10, 6, 11, 6.5], "texture": "#2"},
				"east": {"uv": [10.5, 6, 11, 6.5], "texture": "#2"},
				"south": {"uv": [10, 6, 11, 6.5], "texture": "#2"},
				"west": {"uv": [10, 6, 10.5, 6.5], "texture": "#2"},
				"up": {"uv": [10, 6, 10.5, 6.5], "texture": "#2"},
				"down": {"uv": [10, 6, 11, 6.5], "texture": "#2"}
			}
		},
		{
			"name": "glass",
			"from": [5, 9.5, 8.5],
			"to": [6, 10, 9],
			"rotation": {"angle": 0, "axis": "y", "origin": [3, 15.5, 11.5]},
			"faces": {
				"north": {"uv": [10, 6, 11, 6.5], "texture": "#2"},
				"east": {"uv": [10.5, 6, 11, 6.5], "texture": "#2"},
				"south": {"uv": [10, 6, 11, 6.5], "texture": "#2"},
				"west": {"uv": [10, 6, 10.5, 6.5], "texture": "#2"},
				"up": {"uv": [10, 6, 10.5, 6.5], "texture": "#2"},
				"down": {"uv": [10, 6, 11, 6.5], "texture": "#2"}
			}
		},
		{
			"name": "glass",
			"from": [6, 8.5, 6],
			"to": [6.5, 9, 6.5],
			"rotation": {"angle": 0, "axis": "y", "origin": [4, 14.5, 9]},
			"faces": {
				"north": {"uv": [10.5, 8, 11, 8.5], "texture": "#2"},
				"east": {"uv": [10.5, 8, 11, 8.5], "texture": "#2"},
				"south": {"uv": [10.5, 8, 11, 8.5], "texture": "#2"},
				"west": {"uv": [10.5, 8, 11, 8.5], "texture": "#2"},
				"up": {"uv": [10.5, 8, 11, 8.5], "texture": "#2"},
				"down": {"uv": [10.5, 8, 11, 8.5], "texture": "#2"}
			}
		},
		{
			"name": "glass",
			"from": [4, 3, 11.5],
			"to": [4.5, 6.5, 12],
			"rotation": {"angle": 0, "axis": "y", "origin": [2, 9, 14.5]},
			"faces": {
				"north": {"uv": [11.5, 9.5, 12, 13], "texture": "#2"},
				"east": {"uv": [11.5, 9.5, 12, 13], "texture": "#2"},
				"south": {"uv": [11.5, 9.5, 12, 13], "texture": "#2"},
				"west": {"uv": [11.5, 9.5, 12, 13], "texture": "#2"},
				"up": {"uv": [11.5, 9.5, 12, 10], "texture": "#2"},
				"down": {"uv": [11.5, 12.5, 12, 13], "texture": "#2"}
			}
		},
		{
			"name": "glass",
			"from": [11.5, 3, 11.5],
			"to": [12, 6.5, 12],
			"rotation": {"angle": 0, "axis": "y", "origin": [9.5, 9, 14.5]},
			"faces": {
				"north": {"uv": [4, 9.5, 4.5, 13], "texture": "#2"},
				"east": {"uv": [4, 9.5, 4.5, 13], "texture": "#2"},
				"south": {"uv": [4, 9.5, 4.5, 13], "texture": "#2"},
				"west": {"uv": [4, 9.5, 4.5, 13], "texture": "#2"},
				"up": {"uv": [4, 9.5, 4.5, 10], "texture": "#2"},
				"down": {"uv": [4, 12.5, 4.5, 13], "texture": "#2"}
			}
		},
		{
			"name": "glass",
			"from": [11.5, 3, 4],
			"to": [12, 6.5, 4.5],
			"rotation": {"angle": 0, "axis": "y", "origin": [9.5, 9, 7]},
			"faces": {
				"north": {"uv": [4, 9.5, 4.5, 13], "texture": "#2"},
				"east": {"uv": [4, 9.5, 4.5, 13], "texture": "#2"},
				"south": {"uv": [4, 9.5, 4.5, 13], "texture": "#2"},
				"west": {"uv": [4, 9.5, 4.5, 13], "texture": "#2"},
				"up": {"uv": [4, 9.5, 4.5, 10], "texture": "#2"},
				"down": {"uv": [4, 12.5, 4.5, 13], "texture": "#2"}
			}
		},
		{
			"name": "glass",
			"from": [10, 2, 10],
			"to": [11, 2.5, 11],
			"rotation": {"angle": 0, "axis": "y", "origin": [8, 8, 13]},
			"faces": {
				"north": {"uv": [5, 13.5, 6, 14], "texture": "#2"},
				"east": {"uv": [5, 13.5, 6, 14], "texture": "#2"},
				"south": {"uv": [5, 13.5, 6, 14], "texture": "#2"},
				"west": {"uv": [5, 13.5, 6, 14], "texture": "#2"},
				"down": {"uv": [5, 13.5, 6, 14], "texture": "#2"}
			}
		},
		{
			"name": "glass",
			"from": [5, 2, 10],
			"to": [6, 2.5, 11],
			"rotation": {"angle": 0, "axis": "y", "origin": [3, 8, 13]},
			"faces": {
				"north": {"uv": [5, 13.5, 6, 14], "texture": "#2"},
				"east": {"uv": [5, 13.5, 6, 14], "texture": "#2"},
				"south": {"uv": [5, 13.5, 6, 14], "texture": "#2"},
				"west": {"uv": [5, 13.5, 6, 14], "texture": "#2"},
				"down": {"uv": [5, 13.5, 6, 14], "texture": "#2"}
			}
		},
		{
			"name": "glass",
			"from": [6.5, 12, 7],
			"to": [7, 12.5, 9],
			"rotation": {"angle": 0, "axis": "y", "origin": [8, 7.8, 8]},
			"faces": {
				"north": {"uv": [9.025, 3.525, 9.475, 3.975], "texture": "#2"},
				"east": {"uv": [9.025, 3.525, 9.475, 3.975], "texture": "#2"},
				"south": {"uv": [9.025, 3.525, 9.475, 3.975], "texture": "#2"},
				"west": {"uv": [9.025, 3.525, 9.475, 3.975], "texture": "#2"},
				"up": {"uv": [9.025, 3.525, 9.475, 3.975], "rotation": 180, "texture": "#2"},
				"down": {"uv": [9.025, 3.525, 9.475, 3.975], "rotation": 180, "texture": "#2"}
			}
		},
		{
			"name": "glass",
			"from": [4.5, 10, 7],
			"to": [5, 10.5, 9],
			"rotation": {"angle": 0, "axis": "y", "origin": [8, 7.8, 8]},
			"faces": {
				"north": {"uv": [11.025, 5.525, 11.475, 5.975], "texture": "#2"},
				"east": {"uv": [11.025, 5.525, 11.475, 5.975], "texture": "#2"},
				"south": {"uv": [11.025, 5.525, 11.475, 5.975], "texture": "#2"},
				"west": {"uv": [11.025, 5.525, 11.475, 5.975], "texture": "#2"},
				"up": {"uv": [11.025, 5.525, 11.475, 5.975], "rotation": 180, "texture": "#2"},
				"down": {"uv": [11.025, 5.525, 11.475, 5.975], "rotation": 180, "texture": "#2"}
			}
		},
		{
			"name": "glass",
			"from": [5, 10.5, 7],
			"to": [5.5, 11, 9],
			"rotation": {"angle": 0, "axis": "y", "origin": [8, 7.8, 8]},
			"faces": {
				"north": {"uv": [10.525, 5.025, 10.975, 5.475], "texture": "#2"},
				"east": {"uv": [9.525, 4.025, 9.95, 4.45], "rotation": 180, "texture": "#2"},
				"south": {"uv": [10.525, 5.025, 10.95, 5.45], "texture": "#2"},
				"west": {"uv": [10.525, 5.025, 10.95, 5.45], "texture": "#2"},
				"up": {"uv": [10.525, 5.025, 10.95, 5.45], "rotation": 180, "texture": "#2"},
				"down": {"uv": [9.525, 4.025, 9.95, 4.45], "rotation": 180, "texture": "#2"}
			}
		},
		{
			"name": "glass",
			"from": [5.5, 11, 7],
			"to": [6, 11.5, 9],
			"rotation": {"angle": 0, "axis": "y", "origin": [8, 7.8, 8]},
			"faces": {
				"north": {"uv": [10.025, 4.525, 10.475, 4.975], "texture": "#2"},
				"east": {"uv": [9.525, 4.025, 9.95, 4.45], "rotation": 180, "texture": "#2"},
				"south": {"uv": [10.025, 4.525, 10.45, 4.95], "texture": "#2"},
				"west": {"uv": [10.025, 4.525, 10.45, 4.95], "texture": "#2"},
				"up": {"uv": [10.025, 4.525, 10.45, 4.95], "rotation": 180, "texture": "#2"},
				"down": {"uv": [9.525, 4.025, 9.95, 4.45], "rotation": 180, "texture": "#2"}
			}
		},
		{
			"name": "cork",
			"from": [4.5, 10.5, 7.25],
			"to": [5, 12, 8.75],
			"rotation": {"angle": 0, "axis": "y", "origin": [8, 7.8, 8]},
			"faces": {
				"north": {"uv": [11.025, 4.025, 11.475, 5.475], "texture": "#2"},
				"south": {"uv": [11.025, 4.025, 11.475, 5.475], "texture": "#2"},
				"west": {"uv": [11.025, 4.025, 11.475, 5.475], "texture": "#2"},
				"up": {"uv": [11.025, 4.025, 11.475, 4.475], "rotation": 180, "texture": "#2"}
			}
		},
		{
			"name": "cork",
			"from": [5, 11, 7.25],
			"to": [5.5, 12.5, 8.75],
			"rotation": {"angle": 0, "axis": "y", "origin": [8, 7.8, 8]},
			"faces": {
				"north": {"uv": [10.525, 3.525, 10.975, 4.975], "texture": "#2"},
				"south": {"uv": [10.525, 3.525, 10.975, 4.975], "texture": "#2"},
				"west": {"uv": [10.525, 3.525, 10.975, 4.975], "texture": "#2"},
				"up": {"uv": [10.525, 3.525, 10.975, 3.975], "rotation": 180, "texture": "#2"}
			}
		},
		{
			"name": "cork",
			"from": [5.5, 11.5, 7.25],
			"to": [6, 13, 8.75],
			"rotation": {"angle": 0, "axis": "y", "origin": [8, 7.8, 8]},
			"faces": {
				"north": {"uv": [10.025, 3.025, 10.475, 4.475], "texture": "#2"},
				"east": {"uv": [10.025, 3.025, 10.475, 4.475], "texture": "#2"},
				"south": {"uv": [10.025, 3.025, 10.475, 4.475], "texture": "#2"},
				"west": {"uv": [10.025, 3.025, 10.475, 4.475], "texture": "#2"},
				"up": {"uv": [10.025, 3.025, 10.475, 3.475], "rotation": 180, "texture": "#2"}
			}
		},
		{
			"name": "cork",
			"from": [6, 12, 7.25],
			"to": [6.5, 12.5, 8.75],
			"rotation": {"angle": 0, "axis": "y", "origin": [8, 7.8, 8]},
			"faces": {
				"north": {"uv": [9.525, 3.525, 9.975, 3.975], "texture": "#2"},
				"south": {"uv": [9.525, 3.525, 9.975, 3.975], "texture": "#2"},
				"up": {"uv": [9.525, 3.525, 9.975, 3.975], "rotation": 180, "texture": "#2"}
			}
		},
		{
			"name": "cork",
			"from": [4, 11, 7.25],
			"to": [4.5, 11.5, 8.75],
			"rotation": {"angle": 0, "axis": "y", "origin": [8, 7.8, 8]},
			"faces": {
				"north": {"uv": [11.525, 4.525, 11.975, 4.975], "texture": "#2"},
				"south": {"uv": [11.525, 4.525, 11.975, 4.975], "texture": "#2"},
				"west": {"uv": [11.525, 4.525, 11.975, 4.975], "texture": "#2"},
				"up": {"uv": [11.525, 4.525, 11.975, 4.975], "rotation": 180, "texture": "#2"},
				"down": {"uv": [11.525, 4.525, 11.975, 4.975], "rotation": 180, "texture": "#2"}
			}
		},
		{
			"name": "cork",
			"from": [5, 10, 7.25],
			"to": [6, 10.5, 8.75],
			"rotation": {"angle": 0, "axis": "y", "origin": [8, 7.8, 8]},
			"faces": {
				"north": {"uv": [10.025, 5.525, 10.975, 5.975], "texture": "#2"},
				"east": {"uv": [10.025, 5.525, 10.475, 5.975], "texture": "#2"},
				"south": {"uv": [10.025, 5.525, 10.975, 5.975], "texture": "#2"},
				"down": {"uv": [10.025, 5.525, 10.975, 5.975], "rotation": 180, "texture": "#2"}
			}
		},
		{
			"name": "cork",
			"from": [5.5, 10.5, 7.25],
			"to": [6.5, 11, 8.75],
			"rotation": {"angle": 0, "axis": "y", "origin": [8, 7.8, 8]},
			"faces": {
				"north": {"uv": [9.525, 5.025, 10.475, 5.475], "texture": "#2"},
				"east": {"uv": [9.525, 5.025, 9.975, 5.475], "texture": "#2"},
				"south": {"uv": [9.525, 5.025, 10.475, 5.475], "texture": "#2"},
				"down": {"uv": [9.525, 5.025, 10.475, 5.475], "rotation": 180, "texture": "#2"}
			}
		},
		{
			"name": "cork",
			"from": [6, 11, 7.25],
			"to": [7, 11.5, 8.75],
			"rotation": {"angle": 0, "axis": "y", "origin": [8, 7.8, 8]},
			"faces": {
				"north": {"uv": [9.025, 4.525, 9.975, 4.975], "texture": "#2"},
				"east": {"uv": [9.025, 4.525, 9.475, 4.975], "texture": "#2"},
				"south": {"uv": [9.025, 4.525, 9.975, 4.975], "texture": "#2"},
				"down": {"uv": [9.025, 4.525, 9.975, 4.975], "rotation": 180, "texture": "#2"}
			}
		},
		{
			"name": "cork",
			"from": [6.5, 11.5, 7.25],
			"to": [7, 12, 8.75],
			"rotation": {"angle": 0, "axis": "y", "origin": [8, 7.8, 8]},
			"faces": {
				"north": {"uv": [9.025, 4.025, 9.475, 4.475], "texture": "#2"},
				"east": {"uv": [9.025, 4.025, 9.475, 4.475], "texture": "#2"},
				"south": {"uv": [9.025, 4.025, 9.475, 4.475], "texture": "#2"}
			}
		},
		{
			"name": "content",
			"from": [5.5, 7.5, 5.5],
			"to": [10.5, 7.99, 10.5],
			"faces": {
				"north": {"uv": [5.525, 8.025, 10.475, 8.475], "texture": "#potion_overlay", "tintindex": 0},
				"east": {"uv": [5.525, 8.025, 10.475, 8.475], "texture": "#potion_overlay", "tintindex": 0},
				"south": {"uv": [5.525, 8.025, 10.475, 8.475], "texture": "#potion_overlay", "tintindex": 0},
				"west": {"uv": [5.525, 8.025, 10.475, 8.475], "texture": "#potion_overlay", "tintindex": 0},
				"up": {"uv": [5.525, 8.525, 10.475, 13.475], "rotation": 180, "texture": "#potion_overlay", "tintindex": 0}
			}
		},
		{
			"name": "content",
			"from": [5, 6.5, 5],
			"to": [11, 7.49, 11],
			"faces": {
				"north": {"uv": [5.025, 8.525, 10.975, 9.475], "texture": "#potion_overlay", "tintindex": 0},
				"east": {"uv": [5.025, 8.525, 10.975, 9.475], "texture": "#potion_overlay", "tintindex": 0},
				"south": {"uv": [5.025, 8.525, 10.975, 9.475], "texture": "#potion_overlay", "tintindex": 0},
				"west": {"uv": [5.025, 8.525, 10.975, 9.475], "texture": "#potion_overlay", "tintindex": 0},
				"up": {"uv": [5.025, 8.525, 10.975, 8.975], "rotation": 180, "texture": "#potion_overlay", "tintindex": 0}
			}
		},
		{
			"name": "content",
			"from": [4.5, 3, 4.5],
			"to": [11.5, 6.48, 11.5],
			"faces": {
				"north": {"uv": [4.525, 9.525, 11.475, 12.975], "texture": "#potion_overlay", "tintindex": 0},
				"east": {"uv": [4.525, 9.525, 11.475, 12.975], "texture": "#potion_overlay", "tintindex": 0},
				"south": {"uv": [4.525, 9.525, 11.475, 12.975], "texture": "#potion_overlay", "tintindex": 0},
				"west": {"uv": [4.525, 9.525, 11.475, 12.975], "texture": "#potion_overlay", "tintindex": 0},
				"up": {"uv": [4.525, 9.525, 11.475, 9.975], "rotation": 180, "texture": "#potion_overlay", "tintindex": 0},
				"down": {"uv": [4.525, 12.525, 11.475, 12.975], "rotation": 180, "texture": "#potion_overlay", "tintindex": 0}
			}
		},
		{
			"name": "content",
			"from": [5, 2.5, 5],
			"to": [11, 2.99, 11],
			"faces": {
				"north": {"uv": [5.025, 13.025, 10.975, 13.475], "texture": "#potion_overlay", "tintindex": 0},
				"east": {"uv": [5.025, 13.025, 10.975, 13.475], "texture": "#potion_overlay", "tintindex": 0},
				"south": {"uv": [5.025, 13.025, 10.975, 13.475], "texture": "#potion_overlay", "tintindex": 0},
				"west": {"uv": [5.025, 13.025, 10.975, 13.475], "texture": "#potion_overlay", "tintindex": 0},
				"down": {"uv": [5.025, 13.025, 10.975, 13.475], "rotation": 180, "texture": "#potion_overlay", "tintindex": 0}
			}
		},
		{
			"name": "content",
			"from": [6, 2, 6],
			"to": [10, 2.49, 10],
			"faces": {
				"north": {"uv": [6.025, 13.525, 9.975, 13.975], "texture": "#potion_overlay", "tintindex": 0},
				"east": {"uv": [6.025, 13.525, 9.975, 13.975], "texture": "#potion_overlay", "tintindex": 0},
				"south": {"uv": [6.025, 13.525, 9.975, 13.975], "texture": "#potion_overlay", "tintindex": 0},
				"west": {"uv": [6.025, 13.525, 9.975, 13.975], "texture": "#potion_overlay", "tintindex": 0}
			}
		}
	],
	"display": {
		"gui": {
			"rotation": [0, -180, 0]
		},
		"fixed": {
			"__comment": "use default rotation (parent is 90° rotated on y axis)",
			"rotation": [0, 0, 0]
		}
	},
	"groups": [
		{
			"name": "model_splash_potion",
			"origin": [8, 8, 8],
			"children": [0, 1, 2, 3, 4, 5, 6, 7, 8, 9, 10, 11, 12, 13, 14, 15, 16, 17, 18, 19, 20, 21, 22, 23, 24, 25, 26, 27, 28, 29, 30, 31, 32, 33, 34, 35, 36, 37, 38, 39, 40, 41, 42, 43, 44, 45, 46, 47]
		},
		{
			"name": "model_cork",
			"origin": [8, 8, 8],
			"children": [48, 49, 50, 51, 52, 53, 54, 55, 56]
		},
		{
			"name": "contents",
			"origin": [8, 8, 8],
			"children": [57, 58, 59, 60, 61]
		}
	]
}