{
	"credit": "Made with Blockbench by Juknum",
	"gui_light": "front",
	"parent": "block/block",
	"texture_size": [64, 64],
	"textures": {
		"layer0": "item/spawn_egg",
		"layer1": "item/spawn_egg_overlay"
	},
	"elements": [
		{
			"from": [4, 0, 4],
			"to": [12, 1, 12],
			"rotation": {"angle": 0, "axis": "y", "origin": [12, 8, 12]},
			"faces": {
				"north": {"uv": [3, 7.25, 5, 7.5], "texture": "#layer0", "tintindex": 0},
				"east": {"uv": [3, 7.25, 5, 7.5], "texture": "#layer0", "tintindex": 0},
				"south": {"uv": [3, 7.25, 5, 7.5], "texture": "#layer0", "tintindex": 0},
				"west": {"uv": [3, 7.25, 5, 7.5], "texture": "#layer0", "tintindex": 0},
				"down": {"uv": [11, 3, 13, 5], "texture": "#layer0", "tintindex": 0}
			}
		},
		{
			"from": [2, 1, 2],
			"to": [14, 2, 14],
			"rotation": {"angle": 0, "axis": "y", "origin": [12, 9, 12]},
			"faces": {
				"north": {"uv": [2.5, 7, 5.5, 7.25], "texture": "#layer0", "tintindex": 0},
				"east": {"uv": [2.5, 7, 5.5, 7.25], "texture": "#layer0", "tintindex": 0},
				"south": {"uv": [2.5, 7, 5.5, 7.25], "texture": "#layer0", "tintindex": 0},
				"west": {"uv": [2.5, 7, 5.5, 7.25], "texture": "#layer0", "tintindex": 0},
				"down": {"uv": [10.5, 2.5, 13.5, 5.5], "texture": "#layer0", "tintindex": 0}
			}
		},
		{
			"from": [0, 2, 0],
			"to": [16, 3, 16],
			"rotation": {"angle": 0, "axis": "y", "origin": [12, 10, 12]},
			"faces": {
				"north": {"uv": [2, 6.75, 6, 7], "texture": "#layer0", "tintindex": 0},
				"east": {"uv": [2, 6.75, 6, 7], "texture": "#layer0", "tintindex": 0},
				"south": {"uv": [2, 6.75, 6, 7], "texture": "#layer0", "tintindex": 0},
				"west": {"uv": [2, 6.75, 6, 7], "texture": "#layer0", "tintindex": 0},
				"down": {"uv": [10, 2, 14, 6], "texture": "#layer0", "tintindex": 0}
			}
		},
		{
			"from": [-1, 3, -1],
			"to": [17, 4, 17],
			"rotation": {"angle": 0, "axis": "y", "origin": [12, 11, 12]},
			"faces": {
				"north": {"uv": [1.75, 6.5, 6.25, 6.75], "texture": "#layer0", "tintindex": 0},
				"east": {"uv": [1.75, 6.5, 6.25, 6.75], "texture": "#layer0", "tintindex": 0},
				"south": {"uv": [1.75, 6.5, 6.25, 6.75], "texture": "#layer0", "tintindex": 0},
				"west": {"uv": [1.75, 6.5, 6.25, 6.75], "texture": "#layer0", "tintindex": 0},
				"down": {"uv": [9.75, 1.75, 14.25, 6.25], "texture": "#layer0", "tintindex": 0}
			}
		},
		{
			"from": [-2, 4, -2],
			"to": [18, 6, 18],
			"rotation": {"angle": 0, "axis": "y", "origin": [12, 12, 12]},
			"faces": {
				"north": {"uv": [1.5, 6, 6.5, 6.5], "texture": "#layer0", "tintindex": 0},
				"east": {"uv": [1.5, 6, 6.5, 6.5], "texture": "#layer0", "tintindex": 0},
				"south": {"uv": [1.5, 6, 6.5, 6.5], "texture": "#layer0", "tintindex": 0},
				"west": {"uv": [1.5, 6, 6.5, 6.5], "texture": "#layer0", "tintindex": 0},
				"down": {"uv": [9.5, 1.5, 14.5, 6.5], "texture": "#layer0", "tintindex": 0}
			}
		},
		{
			"from": [-3, 6, -3],
			"to": [19, 8, 19],
			"rotation": {"angle": 0, "axis": "y", "origin": [12, 14, 12]},
			"faces": {
				"north": {"uv": [1.25, 5.5, 6.75, 6], "texture": "#layer0", "tintindex": 0},
				"east": {"uv": [1.25, 5.5, 6.75, 6], "texture": "#layer0", "tintindex": 0},
				"south": {"uv": [1.25, 5.5, 6.75, 6], "texture": "#layer0", "tintindex": 0},
				"west": {"uv": [1.25, 5.5, 6.75, 6], "texture": "#layer0", "tintindex": 0},
				"down": {"uv": [9.25, 1.25, 14.75, 6.75], "texture": "#layer0", "tintindex": 0}
			}
		},
		{
			"from": [-4, 8, -4],
			"to": [20, 14, 20],
			"rotation": {"angle": 0, "axis": "y", "origin": [12, 16, 12]},
			"faces": {
				"north": {"uv": [1, 4, 7, 5.5], "texture": "#layer0", "tintindex": 0},
				"east": {"uv": [1, 4, 7, 5.5], "texture": "#layer0", "tintindex": 0},
				"south": {"uv": [1, 4, 7, 5.5], "texture": "#layer0", "tintindex": 0},
				"west": {"uv": [1, 4, 7, 5.5], "texture": "#layer0", "tintindex": 0},
				"up": {"uv": [1, 9, 7, 15], "texture": "#layer0", "tintindex": 0},
				"down": {"uv": [9, 1, 15, 7], "texture": "#layer0", "tintindex": 0}
			}
		},
		{
			"from": [-3, 14, -3],
			"to": [19, 16, 19],
			"rotation": {"angle": 0, "axis": "y", "origin": [12, 22, 12]},
			"faces": {
				"north": {"uv": [1.25, 3.5, 6.75, 4], "texture": "#layer0", "tintindex": 0},
				"east": {"uv": [1.25, 3.5, 6.75, 4], "texture": "#layer0", "tintindex": 0},
				"south": {"uv": [1.25, 3.5, 6.75, 4], "texture": "#layer0", "tintindex": 0},
				"west": {"uv": [1.25, 3.5, 6.75, 4], "texture": "#layer0", "tintindex": 0},
				"up": {"uv": [1.25, 9.25, 6.75, 14.75], "texture": "#layer0", "tintindex": 0}
			}
		},
		{
			"from": [-2, 16, -2],
			"to": [18, 18, 18],
			"rotation": {"angle": 0, "axis": "y", "origin": [12, 24, 12]},
			"faces": {
				"north": {"uv": [1.5, 3, 6.5, 3.5], "texture": "#layer0", "tintindex": 0},
				"east": {"uv": [1.5, 3, 6.5, 3.5], "texture": "#layer0", "tintindex": 0},
				"south": {"uv": [1.5, 3, 6.5, 3.5], "texture": "#layer0", "tintindex": 0},
				"west": {"uv": [1.5, 3, 6.5, 3.5], "texture": "#layer0", "tintindex": 0},
				"up": {"uv": [1.5, 9.5, 6.5, 14.5], "texture": "#layer0", "tintindex": 0}
			}
		},
		{
			"from": [-1, 18, -1],
			"to": [17, 20, 17],
			"rotation": {"angle": 0, "axis": "y", "origin": [12, 26, 12]},
			"faces": {
				"north": {"uv": [1.75, 2.5, 6.25, 3], "texture": "#layer0", "tintindex": 0},
				"east": {"uv": [1.75, 2.5, 6.25, 3], "texture": "#layer0", "tintindex": 0},
				"south": {"uv": [1.75, 2.5, 6.25, 3], "texture": "#layer0", "tintindex": 0},
				"west": {"uv": [1.75, 2.5, 6.25, 3], "texture": "#layer0", "tintindex": 0},
				"up": {"uv": [1.75, 9.75, 6.25, 14.25], "texture": "#layer0", "tintindex": 0}
			}
		},
		{
			"from": [0, 20, 0],
			"to": [16, 21, 16],
			"rotation": {"angle": 0, "axis": "y", "origin": [12, 28, 12]},
			"faces": {
				"north": {"uv": [2, 2.25, 6, 2.5], "texture": "#layer0", "tintindex": 0},
				"east": {"uv": [2, 2.25, 6, 2.5], "texture": "#layer0", "tintindex": 0},
				"south": {"uv": [2, 2.25, 6, 2.5], "texture": "#layer0", "tintindex": 0},
				"west": {"uv": [2, 2.25, 6, 2.5], "texture": "#layer0", "tintindex": 0},
				"up": {"uv": [2, 10, 6, 14], "texture": "#layer0", "tintindex": 0}
			}
		},
		{
			"from": [1, 21, 1],
			"to": [15, 22, 15],
			"rotation": {"angle": 0, "axis": "y", "origin": [12, 29, 12]},
			"faces": {
				"north": {"uv": [2.25, 2, 5.75, 2.25], "texture": "#layer0", "tintindex": 0},
				"east": {"uv": [2.25, 2, 5.75, 2.25], "texture": "#layer0", "tintindex": 0},
				"south": {"uv": [2.25, 2, 5.75, 2.25], "texture": "#layer0", "tintindex": 0},
				"west": {"uv": [2.25, 2, 5.75, 2.25], "texture": "#layer0", "tintindex": 0},
				"up": {"uv": [2.25, 10.25, 5.75, 13.75], "texture": "#layer0", "tintindex": 0}
			}
		},
		{
			"from": [2, 22, 2],
			"to": [14, 23, 14],
			"rotation": {"angle": 0, "axis": "y", "origin": [12, 30, 12]},
			"faces": {
				"north": {"uv": [2.5, 1.75, 5.5, 2], "texture": "#layer0", "tintindex": 0},
				"east": {"uv": [2.5, 1.75, 5.5, 2], "texture": "#layer0", "tintindex": 0},
				"south": {"uv": [2.5, 1.75, 5.5, 2], "texture": "#layer0", "tintindex": 0},
				"west": {"uv": [2.5, 1.75, 5.5, 2], "texture": "#layer0", "tintindex": 0},
				"up": {"uv": [2.5, 10.49975, 5.5, 13.49975], "texture": "#layer0", "tintindex": 0}
			}
		},
		{
			"from": [3, 23, 3],
			"to": [13, 24, 13],
			"rotation": {"angle": 0, "axis": "y", "origin": [12, 31, 12]},
			"faces": {
				"north": {"uv": [2.75, 1.5, 5.25, 1.75], "texture": "#layer0", "tintindex": 0},
				"east": {"uv": [2.75, 1.5, 5.25, 1.75], "texture": "#layer0", "tintindex": 0},
				"south": {"uv": [2.75, 1.5, 5.25, 1.75], "texture": "#layer0", "tintindex": 0},
				"west": {"uv": [2.75, 1.5, 5.25, 1.75], "texture": "#layer0", "tintindex": 0},
				"up": {"uv": [2.75, 10.75, 5.25, 13.25], "texture": "#layer0", "tintindex": 0}
			}
		},
		{
			"from": [4, 24, 4],
			"to": [12, 25, 12],
			"rotation": {"angle": 0, "axis": "y", "origin": [12, 32, 12]},
			"faces": {
				"north": {"uv": [3, 1.25, 5, 1.5], "texture": "#layer0", "tintindex": 0},
				"east": {"uv": [3, 1.25, 5, 1.5], "texture": "#layer0", "tintindex": 0},
				"south": {"uv": [3, 1.25, 5, 1.5], "texture": "#layer0", "tintindex": 0},
				"west": {"uv": [3, 1.25, 5, 1.5], "texture": "#layer0", "tintindex": 0},
				"up": {"uv": [3, 11, 5, 13], "texture": "#layer0", "tintindex": 0}
			}
		},
		{
			"from": [6, 25, 6],
			"to": [10, 26, 10],
			"rotation": {"angle": 0, "axis": "y", "origin": [12, 33, 12]},
			"faces": {
				"north": {"uv": [3.5, 1, 4.5, 1.25], "texture": "#layer0", "tintindex": 0},
				"east": {"uv": [3.5, 1, 4.5, 1.25], "texture": "#layer0", "tintindex": 0},
				"south": {"uv": [3.5, 1, 4.5, 1.25], "texture": "#layer0", "tintindex": 0},
				"west": {"uv": [3.5, 1, 4.5, 1.25], "texture": "#layer0", "tintindex": 0},
				"up": {"uv": [3.5, 11.5, 4.5, 12.5], "texture": "#layer0", "tintindex": 0}
			}
		},
		{
			"from": [4, 0, 4],
			"to": [12, 1, 12],
			"rotation": {"angle": 0, "axis": "y", "origin": [12, 8, 12]},
			"faces": {
				"north": {"uv": [3, 7.25, 5, 7.5], "texture": "#layer1", "tintindex": 1},
				"east": {"uv": [3, 7.25, 5, 7.5], "texture": "#layer1", "tintindex": 1},
				"south": {"uv": [3, 7.25, 5, 7.5], "texture": "#layer1", "tintindex": 1},
				"west": {"uv": [3, 7.25, 5, 7.5], "texture": "#layer1", "tintindex": 1},
				"up": {"uv": [0, 0, 0, 0], "texture": "#layer1", "tintindex": 1},
				"down": {"uv": [11, 3, 13, 5], "texture": "#layer1", "tintindex": 1}
			}
		},
		{
			"from": [2, 1, 2],
			"to": [14, 2, 14],
			"rotation": {"angle": 0, "axis": "y", "origin": [12, 9, 12]},
			"faces": {
				"north": {"uv": [2.5, 7, 5.5, 7.25], "texture": "#layer1", "tintindex": 1},
				"east": {"uv": [2.5, 7, 5.5, 7.25], "texture": "#layer1", "tintindex": 1},
				"south": {"uv": [2.5, 7, 5.5, 7.25], "texture": "#layer1", "tintindex": 1},
				"west": {"uv": [2.5, 7, 5.5, 7.25], "texture": "#layer1", "tintindex": 1},
				"up": {"uv": [0, 0, 0, 0], "texture": "#layer1", "tintindex": 1},
				"down": {"uv": [10.5, 2.5, 13.5, 5.5], "texture": "#layer1", "tintindex": 1}
			}
		},
		{
			"from": [0, 2, 0],
			"to": [16, 3, 16],
			"rotation": {"angle": 0, "axis": "y", "origin": [12, 10, 12]},
			"faces": {
				"north": {"uv": [2, 6.75, 6, 7], "texture": "#layer1", "tintindex": 1},
				"east": {"uv": [2, 6.75, 6, 7], "texture": "#layer1", "tintindex": 1},
				"south": {"uv": [2, 6.75, 6, 7], "texture": "#layer1", "tintindex": 1},
				"west": {"uv": [2, 6.75, 6, 7], "texture": "#layer1", "tintindex": 1},
				"up": {"uv": [0, 0, 0, 0], "texture": "#layer1", "tintindex": 1},
				"down": {"uv": [10, 2, 14, 6], "texture": "#layer1", "tintindex": 1}
			}
		},
		{
			"from": [-1, 3, -1],
			"to": [17, 4, 17],
			"rotation": {"angle": 0, "axis": "y", "origin": [12, 11, 12]},
			"faces": {
				"north": {"uv": [1.75, 6.5, 6.25, 6.75], "texture": "#layer1", "tintindex": 1},
				"east": {"uv": [1.75, 6.5, 6.25, 6.75], "texture": "#layer1", "tintindex": 1},
				"south": {"uv": [1.75, 6.5, 6.25, 6.75], "texture": "#layer1", "tintindex": 1},
				"west": {"uv": [1.75, 6.5, 6.25, 6.75], "texture": "#layer1", "tintindex": 1},
				"up": {"uv": [0, 0, 0, 0], "texture": "#layer1", "tintindex": 1},
				"down": {"uv": [9.75, 1.75, 14.25, 6.25], "texture": "#layer1", "tintindex": 1}
			}
		},
		{
			"from": [-2, 4, -2],
			"to": [18, 6, 18],
			"rotation": {"angle": 0, "axis": "y", "origin": [12, 12, 12]},
			"faces": {
				"north": {"uv": [1.5, 6, 6.5, 6.5], "texture": "#layer1", "tintindex": 1},
				"east": {"uv": [1.5, 6, 6.5, 6.5], "texture": "#layer1", "tintindex": 1},
				"south": {"uv": [1.5, 6, 6.5, 6.5], "texture": "#layer1", "tintindex": 1},
				"west": {"uv": [1.5, 6, 6.5, 6.5], "texture": "#layer1", "tintindex": 1},
				"up": {"uv": [0, 0, 0, 0], "texture": "#layer1", "tintindex": 1},
				"down": {"uv": [9.5, 1.5, 14.5, 6.5], "texture": "#layer1", "tintindex": 1}
			}
		},
		{
			"from": [-3, 6, -3],
			"to": [19, 8, 19],
			"rotation": {"angle": 0, "axis": "y", "origin": [12, 14, 12]},
			"faces": {
				"north": {"uv": [1.25, 5.5, 6.75, 6], "texture": "#layer1", "tintindex": 1},
				"east": {"uv": [1.25, 5.5, 6.75, 6], "texture": "#layer1", "tintindex": 1},
				"south": {"uv": [1.25, 5.5, 6.75, 6], "texture": "#layer1", "tintindex": 1},
				"west": {"uv": [1.25, 5.5, 6.75, 6], "texture": "#layer1", "tintindex": 1},
				"up": {"uv": [0, 0, 0, 0], "texture": "#layer1", "tintindex": 1},
				"down": {"uv": [9.25, 1.25, 14.75, 6.75], "texture": "#layer1", "tintindex": 1}
			}
		},
		{
			"from": [-4, 8, -4],
			"to": [20, 14, 20],
			"rotation": {"angle": 0, "axis": "y", "origin": [12, 16, 12]},
			"faces": {
				"north": {"uv": [1, 4, 7, 5.5], "texture": "#layer1", "tintindex": 1},
				"east": {"uv": [1, 4, 7, 5.5], "texture": "#layer1", "tintindex": 1},
				"south": {"uv": [1, 4, 7, 5.5], "texture": "#layer1", "tintindex": 1},
				"west": {"uv": [1, 4, 7, 5.5], "texture": "#layer1", "tintindex": 1},
				"up": {"uv": [1, 9, 7, 15], "texture": "#layer1", "tintindex": 1},
				"down": {"uv": [9, 1, 15, 7], "texture": "#layer1", "tintindex": 1}
			}
		},
		{
			"from": [-3, 14, -3],
			"to": [19, 16, 19],
			"rotation": {"angle": 0, "axis": "y", "origin": [12, 22, 12]},
			"faces": {
				"north": {"uv": [1.25, 3.5, 6.75, 4], "texture": "#layer1", "tintindex": 1},
				"east": {"uv": [1.25, 3.5, 6.75, 4], "texture": "#layer1", "tintindex": 1},
				"south": {"uv": [1.25, 3.5, 6.75, 4], "texture": "#layer1", "tintindex": 1},
				"west": {"uv": [1.25, 3.5, 6.75, 4], "texture": "#layer1", "tintindex": 1},
				"up": {"uv": [1.25, 9.25, 6.75, 14.75], "texture": "#layer1", "tintindex": 1},
				"down": {"uv": [0, 0, 0, 0], "texture": "#layer1", "tintindex": 1}
			}
		},
		{
			"from": [-2, 16, -2],
			"to": [18, 18, 18],
			"rotation": {"angle": 0, "axis": "y", "origin": [12, 24, 12]},
			"faces": {
				"north": {"uv": [1.5, 3, 6.5, 3.5], "texture": "#layer1", "tintindex": 1},
				"east": {"uv": [1.5, 3, 6.5, 3.5], "texture": "#layer1", "tintindex": 1},
				"south": {"uv": [1.5, 3, 6.5, 3.5], "texture": "#layer1", "tintindex": 1},
				"west": {"uv": [1.5, 3, 6.5, 3.5], "texture": "#layer1", "tintindex": 1},
				"up": {"uv": [1.5, 9.5, 6.5, 14.5], "texture": "#layer1", "tintindex": 1},
				"down": {"uv": [0, 0, 0, 0], "texture": "#layer1", "tintindex": 1}
			}
		},
		{
			"from": [-1, 18, -1],
			"to": [17, 20, 17],
			"rotation": {"angle": 0, "axis": "y", "origin": [12, 26, 12]},
			"faces": {
				"north": {"uv": [1.75, 2.5, 6.25, 3], "texture": "#layer1", "tintindex": 1},
				"east": {"uv": [1.75, 2.5, 6.25, 3], "texture": "#layer1", "tintindex": 1},
				"south": {"uv": [1.75, 2.5, 6.25, 3], "texture": "#layer1", "tintindex": 1},
				"west": {"uv": [1.75, 2.5, 6.25, 3], "texture": "#layer1", "tintindex": 1},
				"up": {"uv": [1.75, 9.75, 6.25, 14.25], "texture": "#layer1", "tintindex": 1},
				"down": {"uv": [0, 0, 0, 0], "texture": "#layer1", "tintindex": 1}
			}
		},
		{
			"from": [0, 20, 0],
			"to": [16, 21, 16],
			"rotation": {"angle": 0, "axis": "y", "origin": [12, 28, 12]},
			"faces": {
				"north": {"uv": [2, 2.25, 6, 2.5], "texture": "#layer1", "tintindex": 1},
				"east": {"uv": [2, 2.25, 6, 2.5], "texture": "#layer1", "tintindex": 1},
				"south": {"uv": [2, 2.25, 6, 2.5], "texture": "#layer1", "tintindex": 1},
				"west": {"uv": [2, 2.25, 6, 2.5], "texture": "#layer1", "tintindex": 1},
				"up": {"uv": [2, 10, 6, 14], "texture": "#layer1", "tintindex": 1},
				"down": {"uv": [0, 0, 0, 0], "texture": "#layer1", "tintindex": 1}
			}
		},
		{
			"from": [1, 21, 1],
			"to": [15, 22, 15],
			"rotation": {"angle": 0, "axis": "y", "origin": [12, 29, 12]},
			"faces": {
				"north": {"uv": [2.25, 2, 5.75, 2.25], "texture": "#layer1", "tintindex": 1},
				"east": {"uv": [2.25, 2, 5.75, 2.25], "texture": "#layer1", "tintindex": 1},
				"south": {"uv": [2.25, 2, 5.75, 2.25], "texture": "#layer1", "tintindex": 1},
				"west": {"uv": [2.25, 2, 5.75, 2.25], "texture": "#layer1", "tintindex": 1},
				"up": {"uv": [2.25, 10.25, 5.75, 13.75], "texture": "#layer1", "tintindex": 1},
				"down": {"uv": [0, 0, 0, 0], "texture": "#layer1", "tintindex": 1}
			}
		},
		{
			"from": [2, 22, 2],
			"to": [14, 23, 14],
			"rotation": {"angle": 0, "axis": "y", "origin": [12, 30, 12]},
			"faces": {
				"north": {"uv": [2.5, 1.75, 5.5, 2], "texture": "#layer1", "tintindex": 1},
				"east": {"uv": [2.5, 1.75, 5.5, 2], "texture": "#layer1", "tintindex": 1},
				"south": {"uv": [2.5, 1.75, 5.5, 2], "texture": "#layer1", "tintindex": 1},
				"west": {"uv": [2.5, 1.75, 5.5, 2], "texture": "#layer1", "tintindex": 1},
				"up": {"uv": [2.5, 10.49975, 5.5, 13.49975], "texture": "#layer1", "tintindex": 1},
				"down": {"uv": [0, 0, 0, 0], "texture": "#layer1", "tintindex": 1}
			}
		},
		{
			"from": [3, 23, 3],
			"to": [13, 24, 13],
			"rotation": {"angle": 0, "axis": "y", "origin": [12, 31, 12]},
			"faces": {
				"north": {"uv": [2.75, 1.5, 5.25, 1.75], "texture": "#layer1", "tintindex": 1},
				"east": {"uv": [2.75, 1.5, 5.25, 1.75], "texture": "#layer1", "tintindex": 1},
				"south": {"uv": [2.75, 1.5, 5.25, 1.75], "texture": "#layer1", "tintindex": 1},
				"west": {"uv": [2.75, 1.5, 5.25, 1.75], "texture": "#layer1", "tintindex": 1},
				"up": {"uv": [2.75, 10.75, 5.25, 13.25], "texture": "#layer1", "tintindex": 1},
				"down": {"uv": [0, 0, 0, 0], "texture": "#layer1", "tintindex": 1}
			}
		},
		{
			"from": [4, 24, 4],
			"to": [12, 25, 12],
			"rotation": {"angle": 0, "axis": "y", "origin": [12, 32, 12]},
			"faces": {
				"north": {"uv": [3, 1.25, 5, 1.5], "texture": "#layer1", "tintindex": 1},
				"east": {"uv": [3, 1.25, 5, 1.5], "texture": "#layer1", "tintindex": 1},
				"south": {"uv": [3, 1.25, 5, 1.5], "texture": "#layer1", "tintindex": 1},
				"west": {"uv": [3, 1.25, 5, 1.5], "texture": "#layer1", "tintindex": 1},
				"up": {"uv": [3, 11, 5, 13], "texture": "#layer1", "tintindex": 1},
				"down": {"uv": [0, 0, 0, 0], "texture": "#layer1", "tintindex": 1}
			}
		},
		{
			"from": [6, 25, 6],
			"to": [10, 26, 10],
			"rotation": {"angle": 0, "axis": "y", "origin": [12, 33, 12]},
			"faces": {
				"north": {"uv": [3.5, 1, 4.5, 1.25], "texture": "#layer1", "tintindex": 1},
				"east": {"uv": [3.5, 1, 4.5, 1.25], "texture": "#layer1", "tintindex": 1},
				"south": {"uv": [3.5, 1, 4.5, 1.25], "texture": "#layer1", "tintindex": 1},
				"west": {"uv": [3.5, 1, 4.5, 1.25], "texture": "#layer1", "tintindex": 1},
				"up": {"uv": [3.5, 11.5, 4.5, 12.5], "texture": "#layer1", "tintindex": 1},
				"down": {"uv": [0, 0, 0, 0], "texture": "#layer1", "tintindex": 1}
			}
		}
	],
	"display": {
		"thirdperson_righthand": {
			"rotation": [50, -45, 0],
			"translation": [0, 0, -0.5],
			"scale": [0.15, 0.15, 0.15]
		},
		"thirdperson_lefthand": {
			"rotation": [50, -45, 0],
			"translation": [0, 0, -0.5],
			"scale": [0.15, 0.15, 0.15]
		},
		"firstperson_righthand": {
			"rotation": [0, 51, 0],
			"translation": [0, 1, 3],
			"scale": [0.25, 0.25, 0.25]
		},
		"firstperson_lefthand": {
			"rotation": [0, 51, 0],
			"translation": [0, 1, 3],
			"scale": [0.25, 0.25, 0.25]
		},
		"ground": {
			"translation": [0, 1.75, 0],
			"scale": [0.15, 0.15, 0.15]
		},
		"gui": {
			"translation": [0, -2.5, 0],
			"scale": [0.5, 0.5, 0.5]
		},
		"head": {
			"translation": [0, 11, 0],
			"scale": [0.61, 0.61, 0.61]
		},
		"fixed": {
			"translation": [0, -2.5, 0],
			"scale": [0.5, 0.5, 0.5]
		}
	},
	"groups": [
		{
			"name": "spawn_egg",
			"origin": [12, 33, 12],
			"children": [0, 1, 2, 3, 4, 5, 6, 7, 8, 9, 10, 11, 12, 13, 14, 15]
		},
		{
			"name": "spawn_egg_overlay",
			"origin": [12, 33, 12],
			"children": [16, 17, 18, 19, 20, 21, 22, 23, 24, 25, 26, 27, 28, 29, 30, 31]
		}
	]
}