{
	"credit": "Made with Blockbench by Juknum",
	"parent": "block/block",
	"textures": {
		"1": "block/tnt_side",
		"2": "block/tnt_side_overlay",
		"3": "block/tnt_top",
		"texture": "block/minecart",
		"particle": "block/tnt_side"
	},
	"elements": [
		{
			"name": "minecart bottom",
			"from": [-2, 0, 0],
			"to": [18, 2, 16],
			"faces": {
				"north": {"uv": [0.5, 2.5, 5.5, 3], "texture": "#texture"},
				"east": {"uv": [0, 3, 0.5, 7], "rotation": 90, "texture": "#texture"},
				"south": {"uv": [0.5, 2.5, 5.5, 3], "texture": "#texture"},
				"west": {"uv": [5.5, 3, 6, 7], "rotation": 90, "texture": "#texture"},
				"up": {"uv": [6, 3, 11, 7], "texture": "#texture"},
				"down": {"uv": [0.5, 3, 5.5, 7], "texture": "#texture"}
			}
		},
		{
			"name": "minecart side left",
			"from": [-2, 2, 0],
			"to": [18, 10, 2],
			"faces": {
				"north": {"uv": [4.5, 0.5, 9.5, 2.5], "texture": "#texture"},
				"south": {"uv": [0, 0.5, 5, 2.5], "texture": "#texture"},
				"up": {"uv": [0, 0, 5, 0.5], "texture": "#texture"}
			}
		},
		{
			"name": "minecart side bottom",
			"from": [-2, 2, 0],
			"to": [0, 10, 16],
			"faces": {
				"north": {"uv": [0, 0.5, 0.5, 2.5], "texture": "#texture"},
				"east": {"uv": [0.75, 0.5, 4.25, 2.5], "texture": "#texture"},
				"west": {"uv": [5.25, 0.5, 8.75, 2.5], "texture": "#texture"},
				"up": {"uv": [0, 0.5, 0.5, 2.5], "texture": "#texture"}
			}
		},
		{
			"name": "minecart side bottom",
			"from": [16, 2, 0],
			"to": [18, 10, 16],
			"faces": {
				"east": {"uv": [5.25, 0.5, 8.75, 2.5], "texture": "#texture"},
				"south": {"uv": [0, 0.5, 0.5, 2.5], "texture": "#texture"},
				"west": {"uv": [0.75, 0.5, 4.25, 2.5], "texture": "#texture"},
				"up": {"uv": [4.5, 0.5, 5, 2.5], "rotation": 180, "texture": "#texture"}
			}
		},
		{
			"name": "minecart side right",
			"from": [-2, 2, 14],
			"to": [18, 10, 16],
			"faces": {
				"north": {"uv": [0, 0.5, 5, 2.5], "texture": "#texture"},
				"south": {"uv": [4.5, 0.5, 9.5, 2.5], "texture": "#texture"},
				"up": {"uv": [0, 0, 5, 0.5], "rotation": 180, "texture": "#texture"}
			}
		},
		{
			"from": [2.4, 2.4, 2.4],
			"to": [13.6, 13.6, 13.6],
			"faces": {
				"north": {"uv": [0, 0, 16, 16], "texture": "#1", "cullface": "north"},
				"east": {"uv": [0, 0, 16, 16], "texture": "#1", "cullface": "east"},
				"south": {"uv": [0, 0, 16, 16], "texture": "#1", "cullface": "south"},
				"west": {"uv": [0, 0, 16, 16], "texture": "#1", "cullface": "west"},
				"up": {"uv": [0, 0, 16, 16], "texture": "#3", "cullface": "up"},
				"down": {"uv": [0, 0, 16, 16], "texture": "#missing", "cullface": "down"}
			}
		},
		{
			"name": "north",
			"from": [2.4, 5.9, 2.05],
			"to": [13.6, 10.1, 2.4],
			"faces": {
				"north": {"uv": [0, 3, 16, 9], "texture": "#2", "cullface": "north"},
				"east": {"uv": [0, 10, 0.5, 16], "texture": "#2", "cullface": "north"},
				"west": {"uv": [4, 10, 4.5, 16], "texture": "#2", "cullface": "north"},
				"up": {"uv": [0, 3, 16, 3.5], "texture": "#2", "cullface": "north"},
				"down": {"uv": [0, 8.5, 16, 9], "texture": "#2", "cullface": "north"}
			}
		},
		{
			"name": "west",
			"from": [2.05, 5.9, 2.4],
			"to": [2.4, 10.1, 13.6],
			"faces": {
				"north": {"uv": [0, 10, 0.5, 16], "texture": "#2", "cullface": "west"},
				"south": {"uv": [4, 10, 4.5, 16], "texture": "#2", "cullface": "west"},
				"west": {"uv": [0, 3, 16, 9], "texture": "#2", "cullface": "west"},
				"up": {"uv": [0, 3, 16, 3.5], "rotation": 270, "texture": "#2", "cullface": "west"},
				"down": {"uv": [0, 8.5, 16, 9], "rotation": 90, "texture": "#2", "cullface": "west"}
			}
		},
		{
			"name": "south",
			"from": [2.4, 5.9, 13.6],
			"to": [13.6, 10.1, 13.95],
			"faces": {
				"east": {"uv": [4, 10, 4.5, 16], "texture": "#2", "cullface": "south"},
				"south": {"uv": [0, 3, 16, 9], "texture": "#2", "cullface": "south"},
				"west": {"uv": [0, 10, 0.5, 16], "texture": "#2", "cullface": "south"},
				"up": {"uv": [0, 3, 16, 3.5], "rotation": 180, "texture": "#2", "cullface": "south"},
				"down": {"uv": [0, 8.5, 16, 9], "rotation": 180, "texture": "#2", "cullface": "south"}
			}
		},
		{
			"name": "east",
			"from": [13.6, 5.9, 2.4],
			"to": [13.95, 10.1, 13.6],
			"faces": {
				"north": {"uv": [4, 10, 4.5, 16], "texture": "#2", "cullface": "east"},
				"east": {"uv": [0, 3, 16, 9], "texture": "#2", "cullface": "east"},
				"south": {"uv": [0, 10, 0.5, 16], "texture": "#2", "cullface": "east"},
				"up": {"uv": [0, 3, 16, 3.5], "rotation": 90, "texture": "#2", "cullface": "east"},
				"down": {"uv": [0, 8.5, 16, 9], "rotation": 270, "texture": "#2", "cullface": "east"}
			}
		},
		{
			"from": [8.7, 13.6, 10.1],
			"to": [9.05, 13.95, 11.5],
			"faces": {
				"north": {"uv": [7, 7, 7.5, 7.5], "texture": "#3", "cullface": "up"},
				"east": {"uv": [8, 7.5, 8.5, 8], "texture": "#3", "cullface": "up"},
				"west": {"uv": [7.5, 8, 8, 8.5], "texture": "#3", "cullface": "up"},
				"up": {"uv": [7, 7.5, 7.5, 8], "texture": "#3", "cullface": "up"}
			}
		},
		{
			"from": [9.05, 13.6, 10.8],
			"to": [9.4, 13.95, 12.2],
			"rotation": {"angle": 0, "axis": "y", "origin": [8.35, 8, 8.7]},
			"faces": {
				"east": {"uv": [8, 7.5, 8.5, 8], "texture": "#3", "cullface": "up"},
				"south": {"uv": [7, 7.5, 7.5, 8], "texture": "#3", "cullface": "up"},
				"west": {"uv": [7.5, 8, 8, 8.5], "texture": "#3", "cullface": "up"},
				"up": {"uv": [7, 7.5, 7.5, 8], "texture": "#3", "cullface": "up"}
			}
		},
		{
			"from": [6.6, 13.6, 11.5],
			"to": [6.95, 13.95, 12.2],
			"rotation": {"angle": 0, "axis": "y", "origin": [5.9, 8, 8.7]},
			"faces": {
				"north": {"uv": [7, 7, 7.5, 7.5], "texture": "#3", "cullface": "up"},
				"east": {"uv": [8, 7.5, 8.5, 8], "texture": "#3", "cullface": "up"},
				"south": {"uv": [7, 7.5, 7.5, 8], "texture": "#3", "cullface": "up"},
				"west": {"uv": [7.5, 8, 8, 8.5], "texture": "#3", "cullface": "up"},
				"up": {"uv": [7, 7.5, 7.5, 8], "texture": "#3", "cullface": "up"}
			}
		},
		{
			"from": [6.95, 13.6, 10.1],
			"to": [7.3, 13.95, 10.8],
			"rotation": {"angle": 0, "axis": "y", "origin": [6.25, 8, 7.3]},
			"faces": {
				"north": {"uv": [7, 7, 7.5, 7.5], "texture": "#3", "cullface": "up"},
				"east": {"uv": [8, 7.5, 8.5, 8], "texture": "#3", "cullface": "up"},
				"south": {"uv": [7, 7.5, 7.5, 8], "texture": "#3", "cullface": "up"},
				"west": {"uv": [7.5, 8, 8, 8.5], "texture": "#3", "cullface": "up"},
				"up": {"uv": [7, 7.5, 7.5, 8], "texture": "#3", "cullface": "up"}
			}
		},
		{
			"from": [5.9, 13.6, 10.1],
			"to": [6.25, 13.95, 10.8],
			"rotation": {"angle": 0, "axis": "y", "origin": [5.55, 8, 7.3]},
			"faces": {
				"north": {"uv": [7, 7, 7.5, 7.5], "texture": "#3", "cullface": "up"},
				"east": {"uv": [8, 7.5, 8.5, 8], "texture": "#3", "cullface": "up"},
				"south": {"uv": [7, 7.5, 7.5, 8], "texture": "#3", "cullface": "up"},
				"west": {"uv": [7.5, 8, 8, 8.5], "texture": "#3", "cullface": "up"},
				"up": {"uv": [7, 7.5, 7.5, 8], "texture": "#3", "cullface": "up"}
			}
		},
		{
			"from": [6.25, 13.6, 10.8],
			"to": [6.88, 13.95, 11.15],
			"rotation": {"angle": 0, "axis": "y", "origin": [5.55, 8, 8]},
			"faces": {
				"north": {"uv": [7, 7, 7.5, 7.5], "texture": "#3", "cullface": "up"},
				"east": {"uv": [8, 7.5, 8.5, 8], "texture": "#3", "cullface": "up"},
				"south": {"uv": [7, 7.5, 7.5, 8], "texture": "#3", "cullface": "up"},
				"west": {"uv": [7.5, 8, 8, 8.5], "texture": "#3", "cullface": "up"},
				"up": {"uv": [7, 7.5, 7.5, 8], "texture": "#3", "cullface": "up"}
			}
		},
		{
			"from": [7.3, 13.6, 9.05],
			"to": [7.65, 13.95, 10.1],
			"rotation": {"angle": 0, "axis": "y", "origin": [6.6, 8, 6.6]},
			"faces": {
				"north": {"uv": [7, 7, 7.5, 7.5], "texture": "#3", "cullface": "up"},
				"east": {"uv": [8, 7.5, 8.5, 8], "texture": "#3", "cullface": "up"},
				"south": {"uv": [7, 7.5, 7.5, 8], "texture": "#3", "cullface": "up"},
				"west": {"uv": [7.5, 8, 8, 8.5], "texture": "#3", "cullface": "up"},
				"up": {"uv": [7, 7.5, 7.5, 8], "texture": "#3", "cullface": "up"}
			}
		},
		{
			"from": [7.65, 13.6, 8],
			"to": [8, 13.95, 9.05],
			"rotation": {"angle": 0, "axis": "y", "origin": [6.95, 8, 5.55]},
			"faces": {
				"east": {"uv": [8, 7.5, 8.5, 8], "texture": "#3", "cullface": "up"},
				"south": {"uv": [7, 7.5, 7.5, 8], "texture": "#3", "cullface": "up"},
				"west": {"uv": [7.5, 8, 8, 8.5], "texture": "#3", "cullface": "up"},
				"up": {"uv": [7, 7.5, 7.5, 8], "texture": "#3", "cullface": "up"}
			}
		},
		{
			"from": [6.95, 13.6, 6.95],
			"to": [7.3, 13.95, 9.05],
			"rotation": {"angle": 0, "axis": "y", "origin": [6.25, 8, 4.85]},
			"faces": {
				"north": {"uv": [7, 7, 7.5, 7.5], "texture": "#3", "cullface": "up"},
				"east": {"uv": [8, 7.5, 8.5, 8], "texture": "#3", "cullface": "up"},
				"south": {"uv": [7, 7.5, 7.5, 8], "texture": "#3", "cullface": "up"},
				"west": {"uv": [7.5, 8, 8, 8.5], "texture": "#3", "cullface": "up"},
				"up": {"uv": [7, 7.5, 7.5, 8], "texture": "#3", "cullface": "up"}
			}
		},
		{
			"from": [7.3, 13.6, 5.9],
			"to": [7.65, 13.95, 7.3],
			"rotation": {"angle": 0, "axis": "y", "origin": [6.6, 8, 3.8]},
			"faces": {
				"north": {"uv": [7, 7, 7.5, 7.5], "texture": "#3", "cullface": "up"},
				"east": {"uv": [8, 7.5, 8.5, 8], "texture": "#3", "cullface": "up"},
				"west": {"uv": [7.5, 8, 8, 8.5], "texture": "#3", "cullface": "up"},
				"up": {"uv": [7, 7.5, 7.5, 8], "texture": "#3", "cullface": "up"}
			}
		},
		{
			"from": [8.35, 13.6, 5.9],
			"to": [8.7, 13.95, 6.95],
			"rotation": {"angle": 0, "axis": "y", "origin": [7.65, 8, 3.8]},
			"faces": {
				"north": {"uv": [7, 7, 7.5, 7.5], "texture": "#3", "cullface": "up"},
				"east": {"uv": [8, 7.5, 8.5, 8], "texture": "#3", "cullface": "up"},
				"south": {"uv": [7, 7.5, 7.5, 8], "texture": "#3", "cullface": "up"},
				"west": {"uv": [7.5, 8, 8, 8.5], "texture": "#3", "cullface": "up"},
				"up": {"uv": [7, 7.5, 7.5, 8], "texture": "#3", "cullface": "up"}
			}
		},
		{
			"from": [8.35, 13.6, 8.7],
			"to": [8.7, 13.95, 10.1],
			"rotation": {"angle": 0, "axis": "y", "origin": [7.65, 8, 6.6]},
			"faces": {
				"east": {"uv": [8, 7.5, 8.5, 8], "texture": "#3", "cullface": "up"},
				"south": {"uv": [7, 7.5, 7.5, 8], "texture": "#3", "cullface": "up"},
				"west": {"uv": [7.5, 8, 8, 8.5], "texture": "#3", "cullface": "up"},
				"up": {"uv": [7, 7.5, 7.5, 8], "texture": "#3", "cullface": "up"}
			}
		},
		{
			"from": [8.7, 13.6, 4.5],
			"to": [9.05, 13.95, 5.9],
			"rotation": {"angle": 0, "axis": "y", "origin": [8, 8, 2.4]},
			"faces": {
				"north": {"uv": [7, 7, 7.5, 7.5], "texture": "#3", "cullface": "up"},
				"east": {"uv": [8, 7.5, 8.5, 8], "texture": "#3", "cullface": "up"},
				"south": {"uv": [7, 7.5, 7.5, 8], "texture": "#3", "cullface": "up"},
				"west": {"uv": [7.5, 8, 8, 8.5], "texture": "#3", "cullface": "up"},
				"up": {"uv": [7, 7.5, 7.5, 8], "texture": "#3", "cullface": "up"}
			}
		},
		{
			"from": [6.95, 13.6, 4.85],
			"to": [7.3, 13.95, 5.9],
			"rotation": {"angle": 0, "axis": "y", "origin": [6.25, 8, 2.4]},
			"faces": {
				"north": {"uv": [7, 7, 7.5, 7.5], "texture": "#3", "cullface": "up"},
				"east": {"uv": [8, 7.5, 8.5, 8], "texture": "#3", "cullface": "up"},
				"south": {"uv": [7, 7.5, 7.5, 8], "texture": "#3", "cullface": "up"},
				"west": {"uv": [7.5, 8, 8, 8.5], "texture": "#3", "cullface": "up"},
				"up": {"uv": [7, 7.5, 7.5, 8], "texture": "#3", "cullface": "up"}
			}
		},
		{
			"from": [4.85, 13.6, 4.85],
			"to": [6.25, 13.95, 5.2],
			"rotation": {"angle": 0, "axis": "y", "origin": [2.4, 8, 5.9]},
			"faces": {
				"north": {"uv": [8, 7.5, 8.5, 8], "texture": "#3", "cullface": "up"},
				"east": {"uv": [7, 7.5, 7.5, 8], "texture": "#3", "cullface": "up"},
				"south": {"uv": [7.5, 8, 8, 8.5], "texture": "#3", "cullface": "up"},
				"west": {"uv": [7, 7, 7.5, 7.5], "texture": "#3", "cullface": "up"},
				"up": {"uv": [7, 7.5, 7.5, 8], "rotation": 270, "texture": "#3", "cullface": "up"}
			}
		},
		{
			"from": [4.5, 13.6, 4.5],
			"to": [4.85, 13.95, 4.85],
			"rotation": {"angle": 0, "axis": "y", "origin": [2.05, 8, 5.55]},
			"faces": {
				"north": {"uv": [8, 7.5, 8.5, 8], "texture": "#3", "cullface": "up"},
				"east": {"uv": [7, 7.5, 7.5, 8], "texture": "#3", "cullface": "up"},
				"south": {"uv": [7.5, 8, 8, 8.5], "texture": "#3", "cullface": "up"},
				"west": {"uv": [7, 7, 7.5, 7.5], "texture": "#3", "cullface": "up"},
				"up": {"uv": [7, 7.5, 7.5, 8], "rotation": 270, "texture": "#3", "cullface": "up"}
			}
		},
		{
			"from": [6.6, 13.6, 3.8],
			"to": [6.95, 13.95, 4.15],
			"rotation": {"angle": 0, "axis": "y", "origin": [4.15, 8, 4.85]},
			"faces": {
				"north": {"uv": [8, 7.5, 8.5, 8], "texture": "#3", "cullface": "up"},
				"east": {"uv": [7, 7.5, 7.5, 8], "texture": "#3", "cullface": "up"},
				"west": {"uv": [7, 7, 7.5, 7.5], "texture": "#3", "cullface": "up"},
				"up": {"uv": [7, 7.5, 7.5, 8], "rotation": 270, "texture": "#3", "cullface": "up"}
			}
		},
		{
			"from": [3.8, 13.6, 6.6],
			"to": [4.5, 13.95, 6.95],
			"rotation": {"angle": 0, "axis": "y", "origin": [1.35, 8, 7.65]},
			"faces": {
				"north": {"uv": [8, 7.5, 8.5, 8], "texture": "#3", "cullface": "up"},
				"east": {"uv": [7, 7.5, 7.5, 8], "texture": "#3", "cullface": "up"},
				"south": {"uv": [7.5, 8, 8, 8.5], "texture": "#3", "cullface": "up"},
				"west": {"uv": [7, 7, 7.5, 7.5], "texture": "#3", "cullface": "up"},
				"up": {"uv": [7, 7.5, 7.5, 8], "rotation": 270, "texture": "#3", "cullface": "up"}
			}
		},
		{
			"from": [6.25, 13.6, 4.5],
			"to": [6.95, 13.95, 4.85],
			"rotation": {"angle": 0, "axis": "y", "origin": [4.15, 8, 5.55]},
			"faces": {
				"north": {"uv": [8, 7.5, 8.5, 8], "texture": "#3", "cullface": "up"},
				"east": {"uv": [7, 7.5, 7.5, 8], "texture": "#3", "cullface": "up"},
				"south": {"uv": [7.5, 8, 8, 8.5], "texture": "#3", "cullface": "up"},
				"west": {"uv": [7, 7, 7.5, 7.5], "texture": "#3", "cullface": "up"},
				"up": {"uv": [7, 7.5, 7.5, 8], "rotation": 270, "texture": "#3", "cullface": "up"}
			}
		},
		{
			"from": [6.6, 13.6, 4.15],
			"to": [7.3, 13.95, 4.5],
			"rotation": {"angle": 0, "axis": "y", "origin": [4.5, 8, 5.2]},
			"faces": {
				"north": {"uv": [8, 7.5, 8.5, 8], "texture": "#3", "cullface": "up"},
				"east": {"uv": [7, 7.5, 7.5, 8], "texture": "#3", "cullface": "up"},
				"south": {"uv": [7.5, 8, 8, 8.5], "texture": "#3", "cullface": "up"},
				"west": {"uv": [7, 7, 7.5, 7.5], "texture": "#3", "cullface": "up"},
				"up": {"uv": [7, 7.5, 7.5, 8], "rotation": 270, "texture": "#3", "cullface": "up"}
			}
		},
		{
			"from": [9.05, 13.6, 4.15],
			"to": [9.75, 13.95, 4.5],
			"rotation": {"angle": 0, "axis": "y", "origin": [6.95, 8, 5.2]},
			"faces": {
				"north": {"uv": [8, 7.5, 8.5, 8], "texture": "#3", "cullface": "up"},
				"east": {"uv": [7, 7.5, 7.5, 8], "texture": "#3", "cullface": "up"},
				"south": {"uv": [7.5, 8, 8, 8.5], "texture": "#3", "cullface": "up"},
				"west": {"uv": [7, 7, 7.5, 7.5], "texture": "#3", "cullface": "up"},
				"up": {"uv": [7, 7.5, 7.5, 8], "rotation": 270, "texture": "#3", "cullface": "up"}
			}
		},
		{
			"from": [5.2, 13.6, 5.2],
			"to": [5.55, 13.95, 5.55],
			"rotation": {"angle": 0, "axis": "y", "origin": [2.75, 8, 6.25]},
			"faces": {
				"east": {"uv": [7, 7.5, 7.5, 8], "texture": "#3", "cullface": "up"},
				"south": {"uv": [7.5, 8, 8, 8.5], "texture": "#3", "cullface": "up"},
				"west": {"uv": [7, 7, 7.5, 7.5], "texture": "#3", "cullface": "up"},
				"up": {"uv": [7, 7.5, 7.5, 8], "rotation": 270, "texture": "#3", "cullface": "up"}
			}
		},
		{
			"from": [5.55, 13.6, 5.55],
			"to": [5.9, 13.95, 5.9],
			"rotation": {"angle": 0, "axis": "y", "origin": [3.1, 8, 6.6]},
			"faces": {
				"north": {"uv": [8, 7.5, 8.5, 8], "texture": "#3", "cullface": "up"},
				"east": {"uv": [7, 7.5, 7.5, 8], "texture": "#3", "cullface": "up"},
				"south": {"uv": [7.5, 8, 8, 8.5], "texture": "#3", "cullface": "up"},
				"west": {"uv": [7, 7, 7.5, 7.5], "texture": "#3", "cullface": "up"},
				"up": {"uv": [7, 7.5, 7.5, 8], "rotation": 270, "texture": "#3", "cullface": "up"}
			}
		},
		{
			"from": [6.6, 13.6, 6.6],
			"to": [6.95, 13.95, 6.95],
			"rotation": {"angle": 0, "axis": "y", "origin": [4.15, 8, 7.65]},
			"faces": {
				"north": {"uv": [8, 7.5, 8.5, 8], "texture": "#3", "cullface": "up"},
				"east": {"uv": [7, 7.5, 7.5, 8], "texture": "#3", "cullface": "up"},
				"south": {"uv": [7.5, 8, 8, 8.5], "texture": "#3", "cullface": "up"},
				"west": {"uv": [7, 7, 7.5, 7.5], "texture": "#3", "cullface": "up"},
				"up": {"uv": [7, 7.5, 7.5, 8], "rotation": 270, "texture": "#3", "cullface": "up"}
			}
		},
		{
			"from": [10.1, 13.6, 10.1],
			"to": [10.45, 13.95, 10.45],
			"rotation": {"angle": 0, "axis": "y", "origin": [7.65, 8, 11.15]},
			"faces": {
				"north": {"uv": [8, 7.5, 8.5, 8], "texture": "#3", "cullface": "up"},
				"east": {"uv": [7, 7.5, 7.5, 8], "texture": "#3", "cullface": "up"},
				"south": {"uv": [7.5, 8, 8, 8.5], "texture": "#3", "cullface": "up"},
				"west": {"uv": [7, 7, 7.5, 7.5], "texture": "#3", "cullface": "up"},
				"up": {"uv": [7, 7.5, 7.5, 8], "rotation": 270, "texture": "#3", "cullface": "up"}
			}
		},
		{
			"from": [10.45, 13.6, 9.75],
			"to": [10.8, 13.95, 10.1],
			"rotation": {"angle": 0, "axis": "y", "origin": [8, 8, 10.8]},
			"faces": {
				"north": {"uv": [8, 7.5, 8.5, 8], "texture": "#3", "cullface": "up"},
				"east": {"uv": [7, 7.5, 7.5, 8], "texture": "#3", "cullface": "up"},
				"south": {"uv": [7.5, 8, 8, 8.5], "texture": "#3", "cullface": "up"},
				"west": {"uv": [7, 7, 7.5, 7.5], "texture": "#3", "cullface": "up"},
				"up": {"uv": [7, 7.5, 7.5, 8], "rotation": 270, "texture": "#3", "cullface": "up"}
			}
		},
		{
			"from": [10.8, 13.6, 9.05],
			"to": [11.15, 13.95, 9.75],
			"rotation": {"angle": 0, "axis": "y", "origin": [8.35, 8, 10.1]},
			"faces": {
				"east": {"uv": [7, 7.5, 7.5, 8], "texture": "#3", "cullface": "up"},
				"south": {"uv": [7.5, 8, 8, 8.5], "texture": "#3", "cullface": "up"},
				"west": {"uv": [7, 7, 7.5, 7.5], "texture": "#3", "cullface": "up"},
				"up": {"uv": [7, 7.5, 7.5, 8], "rotation": 270, "texture": "#3", "cullface": "up"}
			}
		},
		{
			"from": [9.75, 13.6, 10.45],
			"to": [10.1, 13.95, 10.8],
			"rotation": {"angle": 0, "axis": "y", "origin": [7.3, 8, 11.5]},
			"faces": {
				"north": {"uv": [8, 7.5, 8.5, 8], "texture": "#3", "cullface": "up"},
				"east": {"uv": [7, 7.5, 7.5, 8], "texture": "#3", "cullface": "up"},
				"south": {"uv": [7.5, 8, 8, 8.5], "texture": "#3", "cullface": "up"},
				"west": {"uv": [7, 7, 7.5, 7.5], "texture": "#3", "cullface": "up"},
				"up": {"uv": [7, 7.5, 7.5, 8], "rotation": 270, "texture": "#3", "cullface": "up"}
			}
		},
		{
			"from": [10.45, 13.6, 10.45],
			"to": [10.8, 13.95, 10.8],
			"rotation": {"angle": 0, "axis": "y", "origin": [8, 8, 11.5]},
			"faces": {
				"north": {"uv": [8, 7.5, 8.5, 8], "texture": "#3", "cullface": "up"},
				"east": {"uv": [7, 7.5, 7.5, 8], "texture": "#3", "cullface": "up"},
				"south": {"uv": [7.5, 8, 8, 8.5], "texture": "#3", "cullface": "up"},
				"west": {"uv": [7, 7, 7.5, 7.5], "texture": "#3", "cullface": "up"},
				"up": {"uv": [7, 7.5, 7.5, 8], "rotation": 270, "texture": "#3", "cullface": "up"}
			}
		},
		{
			"from": [10.8, 13.6, 10.8],
			"to": [11.15, 13.95, 11.15],
			"rotation": {"angle": 0, "axis": "y", "origin": [8.35, 8, 11.85]},
			"faces": {
				"north": {"uv": [8, 7.5, 8.5, 8], "texture": "#3", "cullface": "up"},
				"east": {"uv": [7, 7.5, 7.5, 8], "texture": "#3", "cullface": "up"},
				"south": {"uv": [7.5, 8, 8, 8.5], "texture": "#3", "cullface": "up"},
				"west": {"uv": [7, 7, 7.5, 7.5], "texture": "#3", "cullface": "up"},
				"up": {"uv": [7, 7.5, 7.5, 8], "rotation": 270, "texture": "#3", "cullface": "up"}
			}
		},
		{
			"from": [11.15, 13.6, 11.15],
			"to": [11.5, 13.95, 11.5],
			"rotation": {"angle": 0, "axis": "y", "origin": [8.7, 8, 12.2]},
			"faces": {
				"north": {"uv": [8, 7.5, 8.5, 8], "texture": "#3", "cullface": "up"},
				"east": {"uv": [7, 7.5, 7.5, 8], "texture": "#3", "cullface": "up"},
				"south": {"uv": [7.5, 8, 8, 8.5], "texture": "#3", "cullface": "up"},
				"west": {"uv": [7, 7, 7.5, 7.5], "texture": "#3", "cullface": "up"},
				"up": {"uv": [7, 7.5, 7.5, 8], "rotation": 270, "texture": "#3", "cullface": "up"}
			}
		},
		{
			"from": [11.5, 13.6, 11.5],
			"to": [11.85, 13.95, 11.85],
			"rotation": {"angle": 0, "axis": "y", "origin": [9.05, 8, 12.55]},
			"faces": {
				"north": {"uv": [8, 7.5, 8.5, 8], "texture": "#3", "cullface": "up"},
				"east": {"uv": [7, 7.5, 7.5, 8], "texture": "#3", "cullface": "up"},
				"south": {"uv": [7.5, 8, 8, 8.5], "texture": "#3", "cullface": "up"},
				"west": {"uv": [7, 7, 7.5, 7.5], "texture": "#3", "cullface": "up"},
				"up": {"uv": [7, 7.5, 7.5, 8], "rotation": 270, "texture": "#3", "cullface": "up"}
			}
		},
		{
			"from": [11.85, 13.6, 11.85],
			"to": [12.2, 13.95, 12.2],
			"rotation": {"angle": 0, "axis": "y", "origin": [9.4, 8, 12.9]},
			"faces": {
				"north": {"uv": [8, 7.5, 8.5, 8], "texture": "#3", "cullface": "up"},
				"east": {"uv": [7, 7.5, 7.5, 8], "texture": "#3", "cullface": "up"},
				"south": {"uv": [7.5, 8, 8, 8.5], "texture": "#3", "cullface": "up"},
				"west": {"uv": [7, 7, 7.5, 7.5], "texture": "#3", "cullface": "up"},
				"up": {"uv": [7, 7.5, 7.5, 8], "rotation": 270, "texture": "#3", "cullface": "up"}
			}
		},
		{
			"from": [9.75, 13.6, 9.75],
			"to": [10.1, 13.95, 10.1],
			"rotation": {"angle": 0, "axis": "y", "origin": [7.3, 8, 10.8]},
			"faces": {
				"north": {"uv": [8, 7.5, 8.5, 8], "texture": "#3", "cullface": "up"},
				"east": {"uv": [7, 7.5, 7.5, 8], "texture": "#3", "cullface": "up"},
				"south": {"uv": [7.5, 8, 8, 8.5], "texture": "#3", "cullface": "up"},
				"west": {"uv": [7, 7, 7.5, 7.5], "texture": "#3", "cullface": "up"},
				"up": {"uv": [7, 7.5, 7.5, 8], "rotation": 270, "texture": "#3", "cullface": "up"}
			}
		},
		{
			"from": [8.7, 13.6, 8.7],
			"to": [9.05, 13.95, 9.05],
			"rotation": {"angle": 0, "axis": "y", "origin": [6.25, 8, 9.75]},
			"faces": {
				"north": {"uv": [8, 7.5, 8.5, 8], "texture": "#3", "cullface": "up"},
				"east": {"uv": [7, 7.5, 7.5, 8], "texture": "#3", "cullface": "up"},
				"south": {"uv": [7.5, 8, 8, 8.5], "texture": "#3", "cullface": "up"},
				"up": {"uv": [7, 7.5, 7.5, 8], "rotation": 270, "texture": "#3", "cullface": "up"}
			}
		},
		{
			"from": [9.05, 13.6, 9.05],
			"to": [9.4, 13.95, 9.4],
			"rotation": {"angle": 0, "axis": "y", "origin": [6.6, 8, 10.1]},
			"faces": {
				"north": {"uv": [8, 7.5, 8.5, 8], "texture": "#3", "cullface": "up"},
				"east": {"uv": [7, 7.5, 7.5, 8], "texture": "#3", "cullface": "up"},
				"south": {"uv": [7.5, 8, 8, 8.5], "texture": "#3", "cullface": "up"},
				"west": {"uv": [7, 7, 7.5, 7.5], "texture": "#3", "cullface": "up"},
				"up": {"uv": [7, 7.5, 7.5, 8], "rotation": 270, "texture": "#3", "cullface": "up"}
			}
		},
		{
			"from": [9.4, 13.6, 9.4],
			"to": [9.75, 13.95, 9.75],
			"rotation": {"angle": 0, "axis": "y", "origin": [6.95, 8, 10.45]},
			"faces": {
				"north": {"uv": [8, 7.5, 8.5, 8], "texture": "#3", "cullface": "up"},
				"east": {"uv": [7, 7.5, 7.5, 8], "texture": "#3", "cullface": "up"},
				"south": {"uv": [7.5, 8, 8, 8.5], "texture": "#3", "cullface": "up"},
				"west": {"uv": [7, 7, 7.5, 7.5], "texture": "#3", "cullface": "up"},
				"up": {"uv": [7, 7.5, 7.5, 8], "rotation": 270, "texture": "#3", "cullface": "up"}
			}
		},
		{
			"from": [6.25, 13.6, 6.25],
			"to": [6.6, 13.95, 6.6],
			"rotation": {"angle": 0, "axis": "y", "origin": [3.8, 8, 7.3]},
			"faces": {
				"north": {"uv": [8, 7.5, 8.5, 8], "texture": "#3", "cullface": "up"},
				"east": {"uv": [7, 7.5, 7.5, 8], "texture": "#3", "cullface": "up"},
				"south": {"uv": [7.5, 8, 8, 8.5], "texture": "#3", "cullface": "up"},
				"west": {"uv": [7, 7, 7.5, 7.5], "texture": "#3", "cullface": "up"},
				"up": {"uv": [7, 7.5, 7.5, 8], "rotation": 270, "texture": "#3", "cullface": "up"}
			}
		},
		{
			"from": [5.9, 13.6, 5.9],
			"to": [6.25, 13.95, 6.25],
			"rotation": {"angle": 0, "axis": "y", "origin": [3.45, 8, 6.95]},
			"faces": {
				"north": {"uv": [8, 7.5, 8.5, 8], "texture": "#3", "cullface": "up"},
				"east": {"uv": [7, 7.5, 7.5, 8], "texture": "#3", "cullface": "up"},
				"south": {"uv": [7.5, 8, 8, 8.5], "texture": "#3", "cullface": "up"},
				"west": {"uv": [7, 7, 7.5, 7.5], "texture": "#3", "cullface": "up"},
				"up": {"uv": [7, 7.5, 7.5, 8], "rotation": 270, "texture": "#3", "cullface": "up"}
			}
		},
		{
			"from": [4.15, 13.6, 4.15],
			"to": [4.5, 13.95, 4.5],
			"rotation": {"angle": 0, "axis": "y", "origin": [1.7, 8, 5.2]},
			"faces": {
				"north": {"uv": [8, 7.5, 8.5, 8], "texture": "#3", "cullface": "up"},
				"east": {"uv": [7, 7.5, 7.5, 8], "texture": "#3", "cullface": "up"},
				"south": {"uv": [7.5, 8, 8, 8.5], "texture": "#3", "cullface": "up"},
				"west": {"uv": [7, 7, 7.5, 7.5], "texture": "#3", "cullface": "up"},
				"up": {"uv": [7, 7.5, 7.5, 8], "rotation": 270, "texture": "#3", "cullface": "up"}
			}
		},
		{
			"from": [3.8, 13.6, 3.8],
			"to": [4.15, 13.95, 4.15],
			"rotation": {"angle": 0, "axis": "y", "origin": [1.35, 8, 4.85]},
			"faces": {
				"north": {"uv": [8, 7.5, 8.5, 8], "texture": "#3", "cullface": "up"},
				"east": {"uv": [7, 7.5, 7.5, 8], "texture": "#3", "cullface": "up"},
				"south": {"uv": [7.5, 8, 8, 8.5], "texture": "#3", "cullface": "up"},
				"west": {"uv": [7, 7, 7.5, 7.5], "texture": "#3", "cullface": "up"},
				"up": {"uv": [7, 7.5, 7.5, 8], "rotation": 270, "texture": "#3", "cullface": "up"}
			}
		},
		{
			"from": [11.85, 13.6, 3.8],
			"to": [12.2, 13.95, 4.15],
			"rotation": {"angle": 0, "axis": "y", "origin": [9.4, 8, 4.85]},
			"faces": {
				"north": {"uv": [8, 7.5, 8.5, 8], "texture": "#3", "cullface": "up"},
				"east": {"uv": [7, 7.5, 7.5, 8], "texture": "#3", "cullface": "up"},
				"south": {"uv": [7.5, 8, 8, 8.5], "texture": "#3", "cullface": "up"},
				"west": {"uv": [7, 7, 7.5, 7.5], "texture": "#3", "cullface": "up"},
				"up": {"uv": [7, 7.5, 7.5, 8], "rotation": 270, "texture": "#3", "cullface": "up"}
			}
		},
		{
			"from": [11.5, 13.6, 4.15],
			"to": [11.85, 13.95, 4.5],
			"rotation": {"angle": 0, "axis": "y", "origin": [9.05, 8, 5.2]},
			"faces": {
				"north": {"uv": [8, 7.5, 8.5, 8], "texture": "#3", "cullface": "up"},
				"east": {"uv": [7, 7.5, 7.5, 8], "texture": "#3", "cullface": "up"},
				"south": {"uv": [7.5, 8, 8, 8.5], "texture": "#3", "cullface": "up"},
				"west": {"uv": [7, 7, 7.5, 7.5], "texture": "#3", "cullface": "up"},
				"up": {"uv": [7, 7.5, 7.5, 8], "rotation": 270, "texture": "#3", "cullface": "up"}
			}
		},
		{
			"from": [11.15, 13.6, 4.5],
			"to": [11.5, 13.95, 4.85],
			"rotation": {"angle": 0, "axis": "y", "origin": [8.7, 8, 5.55]},
			"faces": {
				"north": {"uv": [8, 7.5, 8.5, 8], "texture": "#3", "cullface": "up"},
				"east": {"uv": [7, 7.5, 7.5, 8], "texture": "#3", "cullface": "up"},
				"south": {"uv": [7.5, 8, 8, 8.5], "texture": "#3", "cullface": "up"},
				"west": {"uv": [7, 7, 7.5, 7.5], "texture": "#3", "cullface": "up"},
				"up": {"uv": [7, 7.5, 7.5, 8], "rotation": 270, "texture": "#3", "cullface": "up"}
			}
		},
		{
			"from": [10.8, 13.6, 4.85],
			"to": [11.15, 13.95, 5.2],
			"rotation": {"angle": 0, "axis": "y", "origin": [8.35, 8, 5.9]},
			"faces": {
				"north": {"uv": [8, 7.5, 8.5, 8], "texture": "#3", "cullface": "up"},
				"east": {"uv": [7, 7.5, 7.5, 8], "texture": "#3", "cullface": "up"},
				"south": {"uv": [7.5, 8, 8, 8.5], "texture": "#3", "cullface": "up"},
				"west": {"uv": [7, 7, 7.5, 7.5], "texture": "#3", "cullface": "up"},
				"up": {"uv": [7, 7.5, 7.5, 8], "rotation": 270, "texture": "#3", "cullface": "up"}
			}
		},
		{
			"from": [10.45, 13.6, 5.2],
			"to": [10.8, 13.95, 5.9],
			"rotation": {"angle": 0, "axis": "y", "origin": [8, 8, 6.25]},
			"faces": {
				"north": {"uv": [8, 7.5, 8.5, 8], "texture": "#3", "cullface": "up"},
				"east": {"uv": [7, 7.5, 7.5, 8], "texture": "#3", "cullface": "up"},
				"south": {"uv": [7.5, 8, 8, 8.5], "texture": "#3", "cullface": "up"},
				"west": {"uv": [7, 7, 7.5, 7.5], "texture": "#3", "cullface": "up"},
				"up": {"uv": [7, 7.5, 7.5, 8], "rotation": 270, "texture": "#3", "cullface": "up"}
			}
		},
		{
			"from": [10.8, 13.6, 5.9],
			"to": [11.15, 13.95, 6.6],
			"rotation": {"angle": 0, "axis": "y", "origin": [8.35, 8, 6.95]},
			"faces": {
				"north": {"uv": [8, 7.5, 8.5, 8], "texture": "#3", "cullface": "up"},
				"east": {"uv": [7, 7.5, 7.5, 8], "texture": "#3", "cullface": "up"},
				"south": {"uv": [7.5, 8, 8, 8.5], "texture": "#3", "cullface": "up"},
				"west": {"uv": [7, 7, 7.5, 7.5], "texture": "#3", "cullface": "up"},
				"up": {"uv": [7, 7.5, 7.5, 8], "rotation": 270, "texture": "#3", "cullface": "up"}
			}
		},
		{
			"from": [11.5, 13.6, 6.6],
			"to": [12.2, 13.95, 6.95],
			"rotation": {"angle": 0, "axis": "y", "origin": [12.55, 8, 9.4]},
			"faces": {
				"north": {"uv": [7, 7.5, 7.5, 8], "texture": "#3", "cullface": "up"},
				"east": {"uv": [7.5, 8, 8, 8.5], "texture": "#3", "cullface": "up"},
				"south": {"uv": [7, 7, 7.5, 7.5], "texture": "#3", "cullface": "up"},
				"up": {"uv": [7, 7.5, 7.5, 8], "rotation": 180, "texture": "#3", "cullface": "up"}
			}
		},
		{
			"from": [11.5, 13.6, 9.05],
			"to": [12.2, 13.95, 9.4],
			"rotation": {"angle": 0, "axis": "y", "origin": [12.55, 8, 11.85]},
			"faces": {
				"north": {"uv": [7, 7.5, 7.5, 8], "texture": "#3", "cullface": "up"},
				"east": {"uv": [7.5, 8, 8, 8.5], "texture": "#3", "cullface": "up"},
				"south": {"uv": [7, 7, 7.5, 7.5], "texture": "#3", "cullface": "up"},
				"west": {"uv": [8, 7.5, 8.5, 8], "texture": "#3", "cullface": "up"},
				"up": {"uv": [7, 7.5, 7.5, 8], "rotation": 180, "texture": "#3", "cullface": "up"}
			}
		},
		{
			"from": [9.05, 13.6, 10.8],
			"to": [9.75, 13.95, 11.15],
			"rotation": {"angle": 0, "axis": "y", "origin": [10.1, 8, 13.6]},
			"faces": {
				"north": {"uv": [7, 7.5, 7.5, 8], "texture": "#3", "cullface": "up"},
				"east": {"uv": [7.5, 8, 8, 8.5], "texture": "#3", "cullface": "up"},
				"south": {"uv": [7, 7, 7.5, 7.5], "texture": "#3", "cullface": "up"},
				"up": {"uv": [7, 7.5, 7.5, 8], "rotation": 180, "texture": "#3", "cullface": "up"}
			}
		},
		{
			"from": [10.1, 13.6, 4.85],
			"to": [10.45, 13.95, 5.2],
			"rotation": {"angle": 0, "axis": "y", "origin": [7.65, 8, 5.9]},
			"faces": {
				"north": {"uv": [8, 7.5, 8.5, 8], "texture": "#3", "cullface": "up"},
				"east": {"uv": [7, 7.5, 7.5, 8], "texture": "#3", "cullface": "up"},
				"south": {"uv": [7.5, 8, 8, 8.5], "texture": "#3", "cullface": "up"},
				"west": {"uv": [7, 7, 7.5, 7.5], "texture": "#3", "cullface": "up"},
				"up": {"uv": [7, 7.5, 7.5, 8], "rotation": 270, "texture": "#3", "cullface": "up"}
			}
		},
		{
			"from": [9.75, 13.6, 4.5],
			"to": [10.1, 13.95, 4.85],
			"rotation": {"angle": 0, "axis": "y", "origin": [7.3, 8, 5.55]},
			"faces": {
				"north": {"uv": [8, 7.5, 8.5, 8], "texture": "#3", "cullface": "up"},
				"east": {"uv": [7, 7.5, 7.5, 8], "texture": "#3", "cullface": "up"},
				"south": {"uv": [7.5, 8, 8, 8.5], "texture": "#3", "cullface": "up"},
				"west": {"uv": [7, 7, 7.5, 7.5], "texture": "#3", "cullface": "up"},
				"up": {"uv": [7, 7.5, 7.5, 8], "rotation": 270, "texture": "#3", "cullface": "up"}
			}
		},
		{
			"from": [10.1, 13.6, 5.55],
			"to": [10.45, 13.95, 5.9],
			"rotation": {"angle": 0, "axis": "y", "origin": [7.65, 8, 6.6]},
			"faces": {
				"north": {"uv": [8, 7.5, 8.5, 8], "texture": "#3", "cullface": "up"},
				"south": {"uv": [7.5, 8, 8, 8.5], "texture": "#3", "cullface": "up"},
				"west": {"uv": [7, 7, 7.5, 7.5], "texture": "#3", "cullface": "up"},
				"up": {"uv": [7, 7.5, 7.5, 8], "rotation": 270, "texture": "#3", "cullface": "up"}
			}
		},
		{
			"from": [9.75, 13.6, 5.9],
			"to": [10.1, 13.95, 6.25],
			"rotation": {"angle": 0, "axis": "y", "origin": [7.3, 8, 6.95]},
			"faces": {
				"north": {"uv": [8, 7.5, 8.5, 8], "texture": "#3", "cullface": "up"},
				"east": {"uv": [7, 7.5, 7.5, 8], "texture": "#3", "cullface": "up"},
				"south": {"uv": [7.5, 8, 8, 8.5], "texture": "#3", "cullface": "up"},
				"west": {"uv": [7, 7, 7.5, 7.5], "texture": "#3", "cullface": "up"},
				"up": {"uv": [7, 7.5, 7.5, 8], "rotation": 270, "texture": "#3", "cullface": "up"}
			}
		},
		{
			"from": [9.4, 13.6, 6.25],
			"to": [9.75, 13.95, 6.6],
			"rotation": {"angle": 0, "axis": "y", "origin": [6.95, 8, 7.3]},
			"faces": {
				"north": {"uv": [8, 7.5, 8.5, 8], "texture": "#3", "cullface": "up"},
				"east": {"uv": [7, 7.5, 7.5, 8], "texture": "#3", "cullface": "up"},
				"south": {"uv": [7.5, 8, 8, 8.5], "texture": "#3", "cullface": "up"},
				"west": {"uv": [7, 7, 7.5, 7.5], "texture": "#3", "cullface": "up"},
				"up": {"uv": [7, 7.5, 7.5, 8], "rotation": 270, "texture": "#3", "cullface": "up"}
			}
		},
		{
			"from": [8, 13.6, 6.95],
			"to": [8.35, 13.95, 7.3],
			"rotation": {"angle": 0, "axis": "y", "origin": [5.55, 8, 8]},
			"faces": {
				"north": {"uv": [8, 7.5, 8.5, 8], "texture": "#3", "cullface": "up"},
				"east": {"uv": [7, 7.5, 7.5, 8], "texture": "#3", "cullface": "up"},
				"west": {"uv": [7, 7, 7.5, 7.5], "texture": "#3", "cullface": "up"},
				"up": {"uv": [7, 7.5, 7.5, 8], "rotation": 270, "texture": "#3", "cullface": "up"}
			}
		},
		{
			"from": [6.6, 13.6, 9.05],
			"to": [6.95, 13.95, 9.4],
			"rotation": {"angle": 0, "axis": "y", "origin": [4.15, 8, 10.1]},
			"faces": {
				"north": {"uv": [8, 7.5, 8.5, 8], "texture": "#3", "cullface": "up"},
				"east": {"uv": [7, 7.5, 7.5, 8], "texture": "#3", "cullface": "up"},
				"south": {"uv": [7.5, 8, 8, 8.5], "texture": "#3", "cullface": "up"},
				"west": {"uv": [7, 7, 7.5, 7.5], "texture": "#3", "cullface": "up"},
				"up": {"uv": [7, 7.5, 7.5, 8], "rotation": 270, "texture": "#3", "cullface": "up"}
			}
		},
		{
			"from": [6.25, 13.6, 9.4],
			"to": [6.6, 13.95, 9.75],
			"rotation": {"angle": 0, "axis": "y", "origin": [3.8, 8, 10.45]},
			"faces": {
				"north": {"uv": [8, 7.5, 8.5, 8], "texture": "#3", "cullface": "up"},
				"east": {"uv": [7, 7.5, 7.5, 8], "texture": "#3", "cullface": "up"},
				"south": {"uv": [7.5, 8, 8, 8.5], "texture": "#3", "cullface": "up"},
				"west": {"uv": [7, 7, 7.5, 7.5], "texture": "#3", "cullface": "up"},
				"up": {"uv": [7, 7.5, 7.5, 8], "rotation": 270, "texture": "#3", "cullface": "up"}
			}
		},
		{
			"from": [5.2, 13.6, 10.45],
			"to": [5.55, 13.95, 10.8],
			"rotation": {"angle": 0, "axis": "y", "origin": [2.75, 8, 11.5]},
			"faces": {
				"north": {"uv": [8, 7.5, 8.5, 8], "texture": "#3", "cullface": "up"},
				"east": {"uv": [7, 7.5, 7.5, 8], "texture": "#3", "cullface": "up"},
				"south": {"uv": [7.5, 8, 8, 8.5], "texture": "#3", "cullface": "up"},
				"west": {"uv": [7, 7, 7.5, 7.5], "texture": "#3", "cullface": "up"},
				"up": {"uv": [7, 7.5, 7.5, 8], "rotation": 270, "texture": "#3", "cullface": "up"}
			}
		},
		{
			"from": [4.85, 13.6, 10.8],
			"to": [5.2, 13.95, 11.15],
			"rotation": {"angle": 0, "axis": "y", "origin": [2.4, 8, 11.85]},
			"faces": {
				"north": {"uv": [8, 7.5, 8.5, 8], "texture": "#3", "cullface": "up"},
				"east": {"uv": [7, 7.5, 7.5, 8], "texture": "#3", "cullface": "up"},
				"south": {"uv": [7.5, 8, 8, 8.5], "texture": "#3", "cullface": "up"},
				"west": {"uv": [7, 7, 7.5, 7.5], "texture": "#3", "cullface": "up"},
				"up": {"uv": [7, 7.5, 7.5, 8], "rotation": 270, "texture": "#3", "cullface": "up"}
			}
		},
		{
			"from": [4.5, 13.6, 11.15],
			"to": [4.85, 13.95, 11.5],
			"rotation": {"angle": 0, "axis": "y", "origin": [2.05, 8, 12.2]},
			"faces": {
				"north": {"uv": [8, 7.5, 8.5, 8], "texture": "#3", "cullface": "up"},
				"east": {"uv": [7, 7.5, 7.5, 8], "texture": "#3", "cullface": "up"},
				"south": {"uv": [7.5, 8, 8, 8.5], "texture": "#3", "cullface": "up"},
				"west": {"uv": [7, 7, 7.5, 7.5], "texture": "#3", "cullface": "up"},
				"up": {"uv": [7, 7.5, 7.5, 8], "rotation": 270, "texture": "#3", "cullface": "up"}
			}
		},
		{
			"from": [4.15, 13.6, 11.5],
			"to": [4.5, 13.95, 11.85],
			"rotation": {"angle": 0, "axis": "y", "origin": [1.7, 8, 12.55]},
			"faces": {
				"north": {"uv": [8, 7.5, 8.5, 8], "texture": "#3", "cullface": "up"},
				"east": {"uv": [7, 7.5, 7.5, 8], "texture": "#3", "cullface": "up"},
				"south": {"uv": [7.5, 8, 8, 8.5], "texture": "#3", "cullface": "up"},
				"west": {"uv": [7, 7, 7.5, 7.5], "texture": "#3", "cullface": "up"},
				"up": {"uv": [7, 7.5, 7.5, 8], "rotation": 270, "texture": "#3", "cullface": "up"}
			}
		},
		{
			"from": [3.8, 13.6, 11.85],
			"to": [4.15, 13.95, 12.2],
			"rotation": {"angle": 0, "axis": "y", "origin": [1.35, 8, 12.9]},
			"faces": {
				"north": {"uv": [8, 7.5, 8.5, 8], "texture": "#3", "cullface": "up"},
				"east": {"uv": [7, 7.5, 7.5, 8], "texture": "#3", "cullface": "up"},
				"south": {"uv": [7.5, 8, 8, 8.5], "texture": "#3", "cullface": "up"},
				"west": {"uv": [7, 7, 7.5, 7.5], "texture": "#3", "cullface": "up"},
				"up": {"uv": [7, 7.5, 7.5, 8], "rotation": 270, "texture": "#3", "cullface": "up"}
			}
		},
		{
			"from": [9.05, 13.6, 6.6],
			"to": [9.4, 13.95, 6.95],
			"rotation": {"angle": 0, "axis": "y", "origin": [6.6, 8, 7.65]},
			"faces": {
				"north": {"uv": [8, 7.5, 8.5, 8], "texture": "#3", "cullface": "up"},
				"east": {"uv": [7, 7.5, 7.5, 8], "texture": "#3", "cullface": "up"},
				"south": {"uv": [7.5, 8, 8, 8.5], "texture": "#3", "cullface": "up"},
				"west": {"uv": [7, 7, 7.5, 7.5], "texture": "#3", "cullface": "up"},
				"up": {"uv": [7, 7.5, 7.5, 8], "rotation": 270, "texture": "#3", "cullface": "up"}
			}
		},
		{
			"from": [8.7, 13.6, 6.88],
			"to": [9.05, 13.95, 7.23],
			"rotation": {"angle": 0, "axis": "y", "origin": [6.25, 8, 7.93]},
			"faces": {
				"north": {"uv": [8, 7.5, 8.5, 8], "texture": "#3", "cullface": "up"},
				"east": {"uv": [7, 7.5, 7.5, 8], "texture": "#3", "cullface": "up"},
				"south": {"uv": [0, 0, 0, 0], "texture": "#3"},
				"west": {"uv": [7, 7, 7.5, 7.5], "texture": "#3", "cullface": "up"},
				"up": {"uv": [7, 7.5, 7.5, 8], "rotation": 270, "texture": "#3", "cullface": "up"}
			}
		},
		{
			"from": [5.55, 13.6, 9.05],
			"to": [5.9, 13.95, 10.45],
			"faces": {
				"east": {"uv": [8, 7.5, 8.5, 8], "texture": "#3", "cullface": "up"},
				"south": {"uv": [7, 7.5, 7.5, 8], "texture": "#3", "cullface": "up"},
				"west": {"uv": [7.5, 8, 8, 8.5], "texture": "#3", "cullface": "up"},
				"up": {"uv": [7, 7.5, 7.5, 8], "texture": "#3", "cullface": "up"}
			}
		},
		{
			"from": [4.5, 13.6, 6.95],
			"to": [5.9, 13.95, 7.3],
			"faces": {
				"north": {"uv": [8, 7.5, 8.5, 8], "texture": "#3", "cullface": "up"},
				"east": {"uv": [7, 7.5, 7.5, 8], "texture": "#3", "cullface": "up"},
				"south": {"uv": [7.5, 8, 8, 8.5], "texture": "#3", "cullface": "up"},
				"west": {"uv": [7, 7, 7.5, 7.5], "texture": "#3", "cullface": "up"},
				"up": {"uv": [7, 7.5, 7.5, 8], "rotation": 270, "texture": "#3", "cullface": "up"}
			}
		},
		{
			"from": [4.85, 13.6, 8.7],
			"to": [6.25, 13.95, 9.05],
			"faces": {
				"north": {"uv": [8, 7.5, 8.5, 8], "texture": "#3", "cullface": "up"},
				"east": {"uv": [7, 7.5, 7.5, 8], "texture": "#3", "cullface": "up"},
				"south": {"uv": [7.5, 8, 8, 8.5], "texture": "#3", "cullface": "up"},
				"west": {"uv": [7, 7, 7.5, 7.5], "texture": "#3", "cullface": "up"},
				"up": {"uv": [7, 7.5, 7.5, 8], "rotation": 270, "texture": "#3", "cullface": "up"}
			}
		},
		{
			"from": [3.8, 13.6, 9.05],
			"to": [4.85, 13.95, 9.4],
			"rotation": {"angle": 0, "axis": "y", "origin": [8, 8, 8.35]},
			"faces": {
				"north": {"uv": [8, 7.5, 8.5, 8], "texture": "#3", "cullface": "up"},
				"east": {"uv": [7, 7.5, 7.5, 8], "texture": "#3", "cullface": "up"},
				"south": {"uv": [7.5, 8, 8, 8.5], "texture": "#3", "cullface": "up"},
				"west": {"uv": [7, 7, 7.5, 7.5], "texture": "#3", "cullface": "up"},
				"up": {"uv": [7, 7.5, 7.5, 8], "rotation": 270, "texture": "#3", "cullface": "up"}
			}
		},
		{
			"from": [6.25, 13.6, 8.35],
			"to": [7.3, 13.95, 8.7],
			"faces": {
				"north": {"uv": [8, 7.5, 8.5, 8], "texture": "#3", "cullface": "up"},
				"south": {"uv": [7.5, 8, 8, 8.5], "texture": "#3", "cullface": "up"},
				"west": {"uv": [7, 7, 7.5, 7.5], "texture": "#3", "cullface": "up"},
				"up": {"uv": [7, 7.5, 7.5, 8], "rotation": 270, "texture": "#3", "cullface": "up"}
			}
		},
		{
			"from": [9.05, 13.6, 8.35],
			"to": [10.1, 13.95, 8.7],
			"rotation": {"angle": 0, "axis": "y", "origin": [10.8, 8, 8]},
			"faces": {
				"north": {"uv": [8, 7.5, 8.5, 8], "texture": "#3", "cullface": "up"},
				"east": {"uv": [7, 7.5, 7.5, 8], "texture": "#3", "cullface": "up"},
				"south": {"uv": [7.5, 8, 8, 8.5], "texture": "#3", "cullface": "up"},
				"west": {"uv": [7, 7, 7.5, 7.5], "texture": "#3", "cullface": "up"},
				"up": {"uv": [7, 7.5, 7.5, 8], "rotation": 270, "texture": "#3", "cullface": "up"}
			}
		},
		{
			"from": [8, 13.6, 8],
			"to": [9.05, 13.95, 8.35],
			"rotation": {"angle": 0, "axis": "y", "origin": [9.75, 8, 7.65]},
			"faces": {
				"north": {"uv": [8, 7.5, 8.5, 8], "texture": "#3", "cullface": "up"},
				"east": {"uv": [7, 7.5, 7.5, 8], "texture": "#3", "cullface": "up"},
				"south": {"uv": [7.5, 8, 8, 8.5], "texture": "#3", "cullface": "up"},
				"up": {"uv": [7, 7.5, 7.5, 8], "rotation": 270, "texture": "#3", "cullface": "up"}
			}
		},
		{
			"from": [6.6, 13.6, 8],
			"to": [7.65, 13.95, 8.35],
			"rotation": {"angle": 0, "axis": "y", "origin": [8.28, 8, 7.65]},
			"faces": {
				"north": {"uv": [8, 7.5, 8.5, 8], "texture": "#3", "cullface": "up"},
				"west": {"uv": [7, 7, 7.5, 7.5], "texture": "#3", "cullface": "up"},
				"up": {"uv": [7, 7.5, 7.5, 8], "rotation": 270, "texture": "#3", "cullface": "up"}
			}
		},
		{
			"from": [10.1, 13.6, 8.7],
			"to": [11.15, 13.95, 9.05],
			"rotation": {"angle": 0, "axis": "y", "origin": [11.85, 8, 8.35]},
			"faces": {
				"north": {"uv": [8, 7.5, 8.5, 8], "texture": "#3", "cullface": "up"},
				"south": {"uv": [7.5, 8, 8, 8.5], "texture": "#3", "cullface": "up"},
				"west": {"uv": [7, 7, 7.5, 7.5], "texture": "#3", "cullface": "up"},
				"up": {"uv": [7, 7.5, 7.5, 8], "rotation": 270, "texture": "#3", "cullface": "up"}
			}
		},
		{
			"from": [8.7, 13.6, 7.3],
			"to": [10.1, 13.95, 7.65],
			"faces": {
				"north": {"uv": [8, 7.5, 8.5, 8], "texture": "#3", "cullface": "up"},
				"east": {"uv": [7, 7.5, 7.5, 8], "texture": "#3", "cullface": "up"},
				"south": {"uv": [7.5, 8, 8, 8.5], "texture": "#3", "cullface": "up"},
				"up": {"uv": [7, 7.5, 7.5, 8], "rotation": 270, "texture": "#3", "cullface": "up"}
			}
		},
		{
			"from": [5.9, 13.6, 7.3],
			"to": [8.7, 13.95, 7.65],
			"rotation": {"angle": 0, "axis": "y", "origin": [5.2, 8, 8]},
			"faces": {
				"north": {"uv": [8, 7.5, 8.5, 8], "texture": "#3", "cullface": "up"},
				"south": {"uv": [7.5, 8, 8, 8.5], "texture": "#3", "cullface": "up"},
				"west": {"uv": [7, 7, 7.5, 7.5], "texture": "#3", "cullface": "up"},
				"up": {"uv": [7, 7.5, 7.5, 8], "rotation": 270, "texture": "#3", "cullface": "up"}
			}
		},
		{
			"from": [10.1, 13.6, 6.95],
			"to": [11.5, 13.95, 7.3],
			"faces": {
				"north": {"uv": [8, 7.5, 8.5, 8], "texture": "#3", "cullface": "up"},
				"south": {"uv": [7.5, 8, 8, 8.5], "texture": "#3", "cullface": "up"},
				"west": {"uv": [7, 7, 7.5, 7.5], "texture": "#3", "cullface": "up"},
				"up": {"uv": [7, 7.5, 7.5, 8], "rotation": 270, "texture": "#3", "cullface": "up"}
			}
		},
		{
			"from": [7.3, 13.6, 7.3],
			"to": [8.7, 13.95, 8.7],
			"faces": {
				"east": {"uv": [7, 7.5, 7.5, 8], "texture": "#3", "cullface": "up"},
				"south": {"uv": [7.5, 8, 8, 8.5], "texture": "#3", "cullface": "up"},
				"up": {"uv": [7, 7.5, 7.5, 8], "rotation": 270, "texture": "#3", "cullface": "up"}
			}
		},
		{
			"from": [11.15, 13.6, 6.6],
			"to": [11.5, 13.95, 9.05],
			"faces": {
				"north": {"uv": [7, 7, 7.5, 7.5], "texture": "#3", "cullface": "up"},
				"east": {"uv": [8, 7.5, 8.5, 8], "texture": "#3", "cullface": "up"},
				"south": {"uv": [7, 7.5, 7.5, 8], "texture": "#3", "cullface": "up"},
				"west": {"uv": [7.5, 8, 8, 8.5], "texture": "#3", "cullface": "up"},
				"up": {"uv": [7, 7.5, 7.5, 8], "texture": "#3", "cullface": "up"}
			}
		},
		{
			"from": [7.3, 13.6, 3.8],
			"to": [9.4, 13.95, 4.15],
			"rotation": {"angle": 0, "axis": "y", "origin": [8.7, 8, 8]},
			"faces": {
				"north": {"uv": [7.5, 8, 8, 8.5], "texture": "#3", "cullface": "up"},
				"east": {"uv": [7, 7, 7.5, 7.5], "texture": "#3", "cullface": "up"},
				"south": {"uv": [8, 7.5, 8.5, 8], "texture": "#3", "cullface": "up"},
				"west": {"uv": [7, 7.5, 7.5, 8], "texture": "#3", "cullface": "up"},
				"up": {"uv": [7, 7.5, 7.5, 8], "rotation": 90, "texture": "#3", "cullface": "up"}
			}
		},
		{
			"from": [6.88, 13.6, 11.15],
			"to": [9.4, 13.95, 11.5],
			"faces": {
				"north": {"uv": [7.5, 8, 8, 8.5], "texture": "#3", "cullface": "up"},
				"south": {"uv": [8, 7.5, 8.5, 8], "texture": "#3", "cullface": "up"},
				"west": {"uv": [7, 7.5, 7.5, 8], "texture": "#3", "cullface": "up"},
				"up": {"uv": [7, 7.5, 7.5, 8], "rotation": 90, "texture": "#3", "cullface": "up"}
			}
		}
	],
	"display": {
		"thirdperson_righthand": {
			"rotation": [0, 90, 45],
			"translation": [0, 3, 1],
			"scale": [0.325, 0.325, 0.325]
		},
		"thirdperson_lefthand": {
			"rotation": [0, 90, 45],
			"translation": [0, 3, 1],
			"scale": [0.325, 0.325, 0.325]
		},
		"firstperson_righthand": {
			"rotation": [0, 45, 0],
			"translation": [0, 1, 0],
			"scale": [0.4, 0.4, 0.4]
		},
		"firstperson_lefthand": {
			"rotation": [0, 45, 0],
			"translation": [0, 1, 0],
			"scale": [0.4, 0.4, 0.4]
		},
		"ground": {
			"translation": [0, -1, 0],
			"scale": [0.25, 0.25, 0.25]
		},
		"gui": {
			"rotation": [30, 225, 0],
			"scale": [0.585, 0.585, 0.585]
		},
		"fixed": {
			"scale": [0.5, 0.5, 0.5]
		}
	},
	"groups": [0, 1, 2, 3, 4,
		{
			"name": "tnt",
			"origin": [8, 8, 8],
			"children": [5, 6, 7, 8, 9,
				{
					"name": "top",
					"origin": [8, 8, 8],
					"children": [10, 11, 12, 13, 14, 15, 16, 17, 18, 19, 20, 21, 22, 23, 24, 25, 26, 27, 28, 29, 30, 31, 32, 33, 34, 35, 36, 37, 38, 39, 40, 41, 42, 43, 44, 45, 46, 47, 48, 49, 50, 51, 52, 53, 54, 55, 56, 57, 58, 59, 60, 61, 62, 63, 64, 65, 66, 67, 68, 69, 70, 71, 72, 73, 74, 75, 76, 77, 78, 79, 80, 81, 82, 83, 84, 85, 86, 87, 88, 89, 90]
				}
			]
		}
	]
}