{
	"__comment": "Designed by XeKr with Cubik Studio - https://cubik.studio",
	"parent": "block/block",
	"textures": {
		"particle": "#all",
		"all": "blocks/e_texture"
	},
	"elements": [ 	 
		{
			"__comment": "Element",
			"from": [ 4, 4, -0.05 ],
			"to": [ 12, 10, -0.05 ],
			"faces": {
				"north": { "uv": [ 4, 6, 12, 12 ], "texture": "#all", "cullface": "north" }
			}
		},
		{
			"__comment": "Element",
			"from": [ 4, 4, 16.05 ],
			"to": [ 12, 10, 16.05 ],
			"faces": {
				"south": { "uv": [ 4, 6, 12, 12 ], "texture": "#all", "cullface": "south" }
			}
		},
		{
			"__comment": "Element",
			"from": [ -0.05, 4, 4 ],
			"to": [ -0.05, 10, 12 ],
			"faces": {
				"west": { "uv": [ 4, 6, 12, 12 ], "texture": "#all", "cullface": "west" }
			}
		},
		{
			"__comment": "Element",
			"from": [ 16.05, 4, 4 ],
			"to": [ 16.05, 10, 12 ],
			"faces": {
				"east": { "uv": [ 4, 6, 12, 12 ], "texture": "#all", "cullface": "east" }
			}
		},
		{
			"__comment": "Element",
			"from": [ 4, 16.05, 6 ],
			"to": [ 12, 16.05, 12 ],
			"faces": {
				"up": { "uv": [ 4, 6, 12, 12 ], "texture": "#all", "cullface": "up" }
			}
		},
		{
			"__comment": "Element",
			"from": [ 4, -0.05, 4 ],
			"to": [ 12, -0.05, 10 ],
			"faces": {
				"down": { "uv": [ 4, 6, 12, 12 ], "texture": "#all", "cullface": "down" }
			}
		}
	]
}