{
	"credit": "Made with Blockbench by Juknum",
	"parent": "block/block",
	"ambientocclusion": false,
	"textures": {
		"0": "block/beehive_end",
		"1": "block/hive/front/4",
		"3": "block/hive/side/4",
		"particle": "block/beehive_end"
	},
	"elements": [
		{
			"from": [0, 12, 0],
			"to": [16, 16, 16],
			"faces": {
				"north": {"uv": [0, 0, 16, 4], "texture": "#1"},
				"east": {"uv": [0, 0, 16, 4], "texture": "#3"},
				"south": {"uv": [0, 0, 16, 4], "texture": "#3"},
				"west": {"uv": [0, 0, 16, 4], "texture": "#3"},
				"up": {"uv": [0, 0, 16, 16], "texture": "#0"},
				"down": {"uv": [0, 0, 16, 16], "texture": "#0"}
			}
		},
		{
			"from": [0.5, 0.5, 0.5],
			"to": [15.5, 4.5, 15.5],
			"faces": {
				"north": {"uv": [0.5, 11.5, 15.5, 15.5], "texture": "#1"},
				"east": {"uv": [0.5, 11.5, 15.5, 15.5], "texture": "#3"},
				"south": {"uv": [0.5, 11.5, 15.5, 15.5], "texture": "#3"},
				"west": {"uv": [0.5, 11.5, 15.5, 15.5], "texture": "#3"}
			}
		},
		{
			"from": [0.5, 6.5, 0.5],
			"to": [15.5, 12, 15.5],
			"faces": {
				"north": {"uv": [0.5, 4, 15.5, 9.5], "texture": "#1"},
				"east": {"uv": [0.5, 4, 15.5, 9.5], "texture": "#3"},
				"south": {"uv": [0.5, 4, 15.5, 9.5], "texture": "#3"},
				"west": {"uv": [0.5, 4, 15.5, 9.5], "texture": "#3"},
				"down": {"uv": [0.5, 9, 15.5, 9.5], "texture": "#1"}
			}
		},
		{
			"from": [0.5, 4.5, 0.5],
			"to": [5, 6.5, 15.5],
			"faces": {
				"north": {"uv": [11, 9.5, 15.5, 11.5], "texture": "#1"},
				"south": {"uv": [0.5, 9.5, 5, 11.5], "texture": "#3"},
				"west": {"uv": [0.5, 9.5, 15.5, 11.5], "texture": "#3"}
			}
		},
		{
			"from": [11, 4.5, 0.5],
			"to": [15.5, 6.5, 15.5],
			"faces": {
				"north": {"uv": [0.5, 9.5, 5, 11.5], "texture": "#1"},
				"east": {"uv": [0.5, 9.5, 15.5, 11.5], "texture": "#3"},
				"south": {"uv": [11, 9.5, 15.5, 11.5], "texture": "#3"},
				"west": {"uv": [4.5, 9.5, 5, 11.5], "texture": "#1"}
			}
		},
		{
			"from": [5, 4.5, 1],
			"to": [11, 6.5, 15.5],
			"faces": {
				"south": {"uv": [5, 9.5, 11, 11.5], "texture": "#3"}
			}
		},
		{
			"from": [0, 0, 0],
			"to": [16, 0.5, 16],
			"faces": {
				"north": {"uv": [0, 15.5, 16, 16], "texture": "#1"},
				"east": {"uv": [0, 15.5, 16, 16], "texture": "#3"},
				"south": {"uv": [0, 15.5, 16, 16], "texture": "#3"},
				"west": {"uv": [0, 15.5, 16, 16], "texture": "#3"},
				"up": {"uv": [0, 0, 16, 16], "texture": "#0"},
				"down": {"uv": [0, 0, 16, 16], "texture": "#0"}
			}
		},
		{
			"from": [5, 4.5, 0.5],
			"to": [6, 5, 1],
			"faces": {
				"north": {"uv": [10, 11, 11, 11.5], "texture": "#1"}
			}
		},
		{
			"from": [5, 6, 0.5],
			"to": [6, 6.5, 1],
			"faces": {
				"north": {"uv": [10, 11, 11, 11.5], "texture": "#1"}
			}
		},
		{
			"from": [10, 5, 0.75],
			"to": [11, 6, 1],
			"faces": {
				"north": {"uv": [5, 10, 6, 11], "texture": "#1"}
			}
		},
		{
			"from": [5, 5, 0.5],
			"to": [6, 6, 1],
			"faces": {
				"north": {"uv": [10, 10, 11, 11], "texture": "#1"}
			}
		},
		{
			"from": [7, 6, 0.75],
			"to": [10, 6.5, 1],
			"faces": {
				"north": {"uv": [6, 9.5, 9, 10], "texture": "#1"}
			}
		},
		{
			"from": [6, 4.5, 0.5],
			"to": [10, 6, 1],
			"faces": {
				"north": {"uv": [6, 10, 10, 11.5], "texture": "#1"},
				"east": {"uv": [6, 10, 6.5, 11.5], "texture": "#1"},
				"up": {"uv": [6, 10, 10, 10.5], "texture": "#1"}
			}
		},
		{
			"from": [6, 6, 0.5],
			"to": [7, 6.5, 1],
			"faces": {
				"north": {"uv": [9, 9.5, 10, 10], "texture": "#1"},
				"east": {"uv": [9, 9.5, 9.5, 10], "texture": "#1"}
			}
		},
		{
			"from": [6, 4, 0.25],
			"to": [8, 5, 0.5],
			"faces": {
				"north": {"uv": [8, 11, 10, 12], "texture": "#1"},
				"east": {"uv": [8, 11, 8.25, 12], "texture": "#1"},
				"west": {"uv": [9.5, 11, 9.75, 12], "texture": "#1"},
				"up": {"uv": [8, 11.5, 10, 11.75], "rotation": 180, "texture": "#1"},
				"down": {"uv": [8, 11.5, 10, 11.75], "rotation": 180, "texture": "#1"}
			}
		},
		{
			"from": [6, 3, 0.25],
			"to": [7.5, 4, 0.5],
			"faces": {
				"north": {"uv": [8.5, 12, 10, 13], "texture": "#1"},
				"east": {"uv": [8.5, 12, 8.75, 13], "texture": "#1"},
				"west": {"uv": [9.5, 12, 9.75, 13], "texture": "#1"},
				"down": {"uv": [8.5, 12.5, 10, 12.75], "rotation": 180, "texture": "#1"}
			}
		},
		{
			"from": [10, 4.5, 0.5],
			"to": [11, 5, 1],
			"faces": {
				"north": {"uv": [10, 11, 11, 11.5], "texture": "#1"},
				"up": {"uv": [10, 11, 11, 11.5], "texture": "#1"}
			}
		},
		{
			"from": [10, 6, 0.5],
			"to": [11, 6.5, 1],
			"faces": {
				"north": {"uv": [10, 11, 11, 11.5], "texture": "#1"},
				"west": {"uv": [5.5, 11, 6, 11.5], "texture": "#1"},
				"down": {"uv": [5, 9.5, 6, 10], "texture": "#1"}
			}
		},
		{
			"from": [6.5, 2, 0.25],
			"to": [7, 3, 0.5],
			"faces": {
				"north": {"uv": [9, 13, 9.5, 14], "texture": "#1"},
				"east": {"uv": [9, 13, 9.25, 13.5], "texture": "#1"},
				"west": {"uv": [9, 13, 9.25, 13.5], "texture": "#1"},
				"down": {"uv": [9, 13.5, 9.5, 13.75], "rotation": 180, "texture": "#1"}
			}
		},
		{
			"from": [0, 0.5, 0],
			"to": [0.5, 12, 0.5],
			"faces": {
				"north": {"uv": [15.5, 4, 16, 15.5], "texture": "#1"},
				"east": {"uv": [15.5, 4, 16, 15.5], "texture": "#3"},
				"south": {"uv": [0, 4, 0.5, 15.5], "texture": "#3"},
				"west": {"uv": [0, 4, 0.5, 15.5], "texture": "#3"}
			}
		},
		{
			"from": [15.5, 0.5, 15.5],
			"to": [16, 12, 16],
			"faces": {
				"north": {"uv": [15.5, 4, 16, 15.5], "texture": "#1"},
				"east": {"uv": [15.5, 4, 16, 15.5], "texture": "#3"},
				"south": {"uv": [0, 4, 0.5, 15.5], "texture": "#3"},
				"west": {"uv": [0, 4, 0.5, 15.5], "texture": "#3"}
			}
		},
		{
			"from": [15.5, 0.5, 0],
			"to": [16, 12, 0.5],
			"faces": {
				"north": {"uv": [0, 4, 0.5, 15.5], "texture": "#1"},
				"east": {"uv": [0, 4, 0.5, 15.5], "texture": "#3"},
				"south": {"uv": [15.5, 4, 16, 15.5], "texture": "#3"},
				"west": {"uv": [15.5, 4, 16, 15.5], "texture": "#3"}
			}
		},
		{
			"from": [0, 0.5, 15.5],
			"to": [0.5, 12, 16],
			"faces": {
				"north": {"uv": [0, 4, 0.5, 15.5], "texture": "#1"},
				"east": {"uv": [0, 4, 0.5, 15.5], "texture": "#3"},
				"south": {"uv": [15.5, 4, 16, 15.5], "texture": "#3"},
				"west": {"uv": [15.5, 4, 16, 15.5], "texture": "#3"}
			}
		},
		{
			"from": [0, 1, 7],
			"to": [1, 11.5, 9],
			"rotation": {"angle": 0, "axis": "y", "origin": [8, 9, 15]},
			"faces": {
				"north": {"uv": [8.5, 4.5, 9, 15], "texture": "#3"},
				"south": {"uv": [7, 4.5, 7.5, 15], "texture": "#3"},
				"west": {"uv": [7, 4.5, 9, 15], "texture": "#3"},
				"up": {"uv": [7, 4.5, 9, 5], "texture": "#3"},
				"down": {"uv": [7, 14.5, 9, 15], "texture": "#3"}
			}
		},
		{
			"from": [15, 1, 7],
			"to": [16, 11.5, 9],
			"rotation": {"angle": 0, "axis": "y", "origin": [23, 9, 15]},
			"faces": {
				"north": {"uv": [7, 4.5, 7.5, 15], "texture": "#3"},
				"east": {"uv": [7, 4.5, 9, 15], "texture": "#3"},
				"south": {"uv": [8.5, 4.5, 9, 15], "texture": "#3"},
				"up": {"uv": [7, 4.5, 9, 5], "texture": "#3"},
				"down": {"uv": [7, 14.5, 9, 15], "texture": "#3"}
			}
		},
		{
			"from": [7, 1, 15],
			"to": [9, 11.5, 16],
			"rotation": {"angle": 0, "axis": "y", "origin": [1, 9, 23]},
			"faces": {
				"east": {"uv": [7, 4.5, 7.5, 15], "texture": "#3"},
				"south": {"uv": [7, 4.5, 9, 15], "texture": "#3"},
				"west": {"uv": [8.5, 4.5, 9, 15], "texture": "#3"},
				"up": {"uv": [7, 4.5, 9, 5], "rotation": 90, "texture": "#3"},
				"down": {"uv": [7, 14.5, 9, 15], "rotation": 270, "texture": "#3"}
			}
		},
		{
			"from": [1, 2, 0.35],
			"to": [1.5, 2.5, 0.5],
			"rotation": {"angle": 0, "axis": "y", "origin": [8, 9, -8]},
			"faces": {
				"north": {"uv": [14.5, 13.5, 14.75, 14], "texture": "#3"},
				"east": {"uv": [14.5, 13.5, 14.65, 14], "texture": "#3"},
				"west": {"uv": [14.5, 13.5, 15, 14], "texture": "#3"},
				"up": {"uv": [14.5, 13.5, 14.75, 14], "rotation": 270, "texture": "#3"},
				"down": {"uv": [14.5, 13.5, 14.65, 14], "rotation": 90, "texture": "#3"}
			}
		},
		{
			"from": [14.5, 8.5, 0.35],
			"to": [15, 9, 0.5],
			"rotation": {"angle": 0, "axis": "y", "origin": [21, 16, -8]},
			"faces": {
				"north": {"uv": [14.5, 13.5, 14.75, 14], "texture": "#3"},
				"east": {"uv": [14.5, 13.5, 14.65, 14], "texture": "#3"},
				"west": {"uv": [14.5, 13.5, 15, 14], "texture": "#3"},
				"up": {"uv": [14.5, 13.5, 14.75, 14], "rotation": 270, "texture": "#3"},
				"down": {"uv": [14.5, 13.5, 14.65, 14], "rotation": 90, "texture": "#3"}
			}
		},
		{
			"from": [1, 8.5, 0.35],
			"to": [1.5, 9, 0.5],
			"rotation": {"angle": 0, "axis": "y", "origin": [8, 16, -8]},
			"faces": {
				"north": {"uv": [14.5, 13.5, 14.75, 14], "texture": "#3"},
				"east": {"uv": [14.5, 13.5, 14.65, 14], "texture": "#3"},
				"west": {"uv": [14.5, 13.5, 15, 14], "texture": "#3"},
				"up": {"uv": [14.5, 13.5, 14.75, 14], "rotation": 270, "texture": "#3"},
				"down": {"uv": [14.5, 13.5, 14.65, 14], "rotation": 90, "texture": "#3"}
			}
		},
		{
			"from": [0.35, 2, 14.5],
			"to": [0.5, 2.5, 15],
			"rotation": {"angle": 0, "axis": "y", "origin": [-8, 9, 8]},
			"faces": {
				"north": {"uv": [14.5, 13.5, 14.65, 14], "texture": "#3"},
				"south": {"uv": [14.5, 13.5, 14.65, 14], "texture": "#3"},
				"west": {"uv": [14.5, 13.5, 15, 14], "texture": "#3"},
				"up": {"uv": [14.5, 13.5, 14.75, 14], "rotation": 180, "texture": "#3"},
				"down": {"uv": [14.5, 13.5, 14.65, 14], "rotation": 180, "texture": "#3"}
			}
		},
		{
			"from": [0.35, 6, 14.5],
			"to": [0.5, 6.5, 15],
			"rotation": {"angle": 0, "axis": "y", "origin": [-8, 13, 8]},
			"faces": {
				"north": {"uv": [14.5, 13.5, 14.65, 14], "texture": "#3"},
				"south": {"uv": [14.5, 13.5, 14.65, 14], "texture": "#3"},
				"west": {"uv": [14.5, 13.5, 15, 14], "texture": "#3"},
				"up": {"uv": [14.5, 13.5, 14.75, 14], "rotation": 180, "texture": "#3"},
				"down": {"uv": [14.5, 13.5, 14.65, 14], "rotation": 180, "texture": "#3"}
			}
		},
		{
			"from": [0.35, 2, 1],
			"to": [0.5, 2.5, 1.5],
			"rotation": {"angle": 0, "axis": "y", "origin": [-8, 9, -5]},
			"faces": {
				"north": {"uv": [14.5, 13.5, 14.65, 14], "texture": "#3"},
				"south": {"uv": [14.5, 13.5, 14.65, 14], "texture": "#3"},
				"west": {"uv": [14.5, 13.5, 15, 14], "texture": "#3"},
				"up": {"uv": [14.5, 13.5, 14.75, 14], "rotation": 180, "texture": "#3"},
				"down": {"uv": [14.5, 13.5, 14.65, 14], "rotation": 180, "texture": "#3"}
			}
		},
		{
			"from": [1, 9.5, 15.5],
			"to": [1.5, 10, 15.65],
			"rotation": {"angle": 0, "axis": "y", "origin": [-4, 16, 24]},
			"faces": {
				"east": {"uv": [14.5, 13.5, 14.65, 14], "texture": "#3"},
				"south": {"uv": [14.5, 13.5, 14.75, 14], "texture": "#3"},
				"west": {"uv": [14.5, 13.5, 15, 14], "texture": "#3"},
				"up": {"uv": [14.5, 13.5, 14.75, 14], "rotation": 90, "texture": "#3"},
				"down": {"uv": [14.5, 13.5, 14.65, 14], "rotation": 270, "texture": "#3"}
			}
		},
		{
			"from": [1, 6, 15.5],
			"to": [1.5, 6.5, 15.65],
			"rotation": {"angle": 0, "axis": "y", "origin": [-4, 13, 24]},
			"faces": {
				"east": {"uv": [14.5, 13.5, 14.65, 14], "texture": "#3"},
				"south": {"uv": [14.5, 13.5, 14.75, 14], "texture": "#3"},
				"west": {"uv": [14.5, 13.5, 15, 14], "texture": "#3"},
				"up": {"uv": [14.5, 13.5, 14.75, 14], "rotation": 90, "texture": "#3"},
				"down": {"uv": [14.5, 13.5, 14.65, 14], "rotation": 270, "texture": "#3"}
			}
		},
		{
			"from": [1, 2, 15.5],
			"to": [1.5, 2.5, 15.65],
			"rotation": {"angle": 0, "axis": "y", "origin": [-4, 9, 24]},
			"faces": {
				"east": {"uv": [14.5, 13.5, 14.65, 14], "texture": "#3"},
				"south": {"uv": [14.5, 13.5, 14.75, 14], "texture": "#3"},
				"west": {"uv": [14.5, 13.5, 15, 14], "texture": "#3"},
				"up": {"uv": [14.5, 13.5, 14.75, 14], "rotation": 90, "texture": "#3"},
				"down": {"uv": [14.5, 13.5, 14.65, 14], "rotation": 270, "texture": "#3"}
			}
		},
		{
			"from": [14.5, 2, 15.5],
			"to": [15, 2.5, 15.65],
			"rotation": {"angle": 0, "axis": "y", "origin": [9, 9, 24]},
			"faces": {
				"east": {"uv": [14.5, 13.5, 14.65, 14], "texture": "#3"},
				"south": {"uv": [14.5, 13.5, 14.75, 14], "texture": "#3"},
				"west": {"uv": [14.5, 13.5, 15, 14], "texture": "#3"},
				"up": {"uv": [14.5, 13.5, 14.75, 14], "rotation": 90, "texture": "#3"},
				"down": {"uv": [14.5, 13.5, 14.65, 14], "rotation": 270, "texture": "#3"}
			}
		},
		{
			"from": [14.5, 6, 15.5],
			"to": [15, 6.5, 15.65],
			"rotation": {"angle": 0, "axis": "y", "origin": [9, 13, 24]},
			"faces": {
				"east": {"uv": [14.5, 13.5, 14.65, 14], "texture": "#3"},
				"south": {"uv": [14.5, 13.5, 14.75, 14], "texture": "#3"},
				"west": {"uv": [14.5, 13.5, 15, 14], "texture": "#3"},
				"up": {"uv": [14.5, 13.5, 14.75, 14], "rotation": 90, "texture": "#3"},
				"down": {"uv": [14.5, 13.5, 14.65, 14], "rotation": 270, "texture": "#3"}
			}
		},
		{
			"from": [14.5, 9.5, 15.5],
			"to": [15, 10, 15.65],
			"rotation": {"angle": 0, "axis": "y", "origin": [9, 16, 24]},
			"faces": {
				"east": {"uv": [14.5, 13.5, 14.65, 14], "texture": "#3"},
				"south": {"uv": [14.5, 13.5, 14.75, 14], "texture": "#3"},
				"west": {"uv": [14.5, 13.5, 15, 14], "texture": "#3"},
				"up": {"uv": [14.5, 13.5, 14.75, 14], "rotation": 90, "texture": "#3"},
				"down": {"uv": [14.5, 13.5, 14.65, 14], "rotation": 270, "texture": "#3"}
			}
		},
		{
			"from": [0.35, 9.5, 14.5],
			"to": [0.5, 10, 15],
			"rotation": {"angle": 0, "axis": "y", "origin": [-8, 16, 9]},
			"faces": {
				"north": {"uv": [14.5, 13.5, 14.65, 14], "texture": "#3"},
				"south": {"uv": [14.5, 13.5, 14.65, 14], "texture": "#3"},
				"west": {"uv": [14.5, 13.5, 15, 14], "texture": "#3"},
				"up": {"uv": [14.5, 13.5, 14.75, 14], "rotation": 180, "texture": "#3"},
				"down": {"uv": [14.5, 13.5, 14.65, 14], "rotation": 180, "texture": "#3"}
			}
		},
		{
			"from": [0.35, 9.5, 1],
			"to": [0.5, 10, 1.5],
			"rotation": {"angle": 0, "axis": "y", "origin": [-8, 16, -5]},
			"faces": {
				"north": {"uv": [14.5, 13.5, 14.65, 14], "texture": "#3"},
				"south": {"uv": [14.5, 13.5, 14.65, 14], "texture": "#3"},
				"west": {"uv": [14.5, 13.5, 15, 14], "texture": "#3"},
				"up": {"uv": [14.5, 13.5, 14.75, 14], "rotation": 180, "texture": "#3"},
				"down": {"uv": [14.5, 13.5, 14.65, 14], "rotation": 180, "texture": "#3"}
			}
		},
		{
			"from": [0.35, 6, 1],
			"to": [0.5, 6.5, 1.5],
			"rotation": {"angle": 0, "axis": "y", "origin": [-8, 13, -5]},
			"faces": {
				"north": {"uv": [14.5, 13.5, 14.65, 14], "texture": "#3"},
				"south": {"uv": [14.5, 13.5, 14.65, 14], "texture": "#3"},
				"west": {"uv": [14.5, 13.5, 15, 14], "texture": "#3"},
				"up": {"uv": [14.5, 13.5, 14.75, 14], "rotation": 180, "texture": "#3"},
				"down": {"uv": [14.5, 13.5, 14.65, 14], "rotation": 180, "texture": "#3"}
			}
		},
		{
			"from": [1, 6, 0.35],
			"to": [1.5, 6.5, 0.5],
			"rotation": {"angle": 0, "axis": "y", "origin": [8, 13, -8]},
			"faces": {
				"north": {"uv": [14.5, 13.5, 14.75, 14], "texture": "#3"},
				"east": {"uv": [14.5, 13.5, 14.65, 14], "texture": "#3"},
				"west": {"uv": [14.5, 13.5, 15, 14], "texture": "#3"},
				"up": {"uv": [14.5, 13.5, 14.75, 14], "rotation": 270, "texture": "#3"},
				"down": {"uv": [14.5, 13.5, 14.65, 14], "rotation": 90, "texture": "#3"}
			}
		},
		{
			"from": [14.5, 6, 0.35],
			"to": [15, 6.5, 0.5],
			"rotation": {"angle": 0, "axis": "y", "origin": [22, 13, -8]},
			"faces": {
				"north": {"uv": [14.5, 13.5, 14.75, 14], "texture": "#3"},
				"east": {"uv": [14.5, 13.5, 14.65, 14], "texture": "#3"},
				"west": {"uv": [14.5, 13.5, 15, 14], "texture": "#3"},
				"up": {"uv": [14.5, 13.5, 14.75, 14], "rotation": 270, "texture": "#3"},
				"down": {"uv": [14.5, 13.5, 14.65, 14], "rotation": 90, "texture": "#3"}
			}
		},
		{
			"from": [14.5, 2, 0.35],
			"to": [15, 2.5, 0.5],
			"rotation": {"angle": 0, "axis": "y", "origin": [22, 9, -8]},
			"faces": {
				"north": {"uv": [14.5, 13.5, 14.75, 14], "texture": "#3"},
				"east": {"uv": [14.5, 13.5, 14.65, 14], "texture": "#3"},
				"west": {"uv": [14.5, 13.5, 15, 14], "texture": "#3"},
				"up": {"uv": [14.5, 13.5, 14.75, 14], "rotation": 270, "texture": "#3"},
				"down": {"uv": [14.5, 13.5, 14.65, 14], "rotation": 90, "texture": "#3"}
			}
		},
		{
			"from": [15.5, 2, 14.5],
			"to": [15.65, 2.5, 15],
			"rotation": {"angle": 0, "axis": "y", "origin": [24, 9, 22]},
			"faces": {
				"north": {"uv": [14.5, 13.5, 14.65, 14], "texture": "#3"},
				"east": {"uv": [14.5, 13.5, 14.75, 14], "texture": "#3"},
				"south": {"uv": [14.5, 13.5, 14.65, 14], "texture": "#3"},
				"up": {"uv": [14.5, 13.5, 14.75, 14], "texture": "#3"},
				"down": {"uv": [14.5, 13.5, 14.65, 14], "texture": "#3"}
			}
		},
		{
			"from": [15.5, 6, 14.5],
			"to": [15.65, 6.5, 15],
			"rotation": {"angle": 0, "axis": "y", "origin": [24, 13, 22]},
			"faces": {
				"north": {"uv": [14.5, 13.5, 14.65, 14], "texture": "#3"},
				"east": {"uv": [14.5, 13.5, 14.75, 14], "texture": "#3"},
				"south": {"uv": [14.5, 13.5, 14.65, 14], "texture": "#3"},
				"up": {"uv": [14.5, 13.5, 14.75, 14], "texture": "#3"},
				"down": {"uv": [14.5, 13.5, 14.65, 14], "texture": "#3"}
			}
		},
		{
			"from": [15.5, 9.5, 14.5],
			"to": [15.65, 10, 15],
			"rotation": {"angle": 0, "axis": "y", "origin": [24, 17, 22]},
			"faces": {
				"north": {"uv": [14.5, 13.5, 14.65, 14], "texture": "#3"},
				"east": {"uv": [14.5, 13.5, 14.75, 14], "texture": "#3"},
				"south": {"uv": [14.5, 13.5, 14.65, 14], "texture": "#3"},
				"up": {"uv": [14.5, 13.5, 14.75, 14], "texture": "#3"},
				"down": {"uv": [14.5, 13.5, 14.65, 14], "texture": "#3"}
			}
		},
		{
			"from": [15.5, 9.5, 1],
			"to": [15.65, 10, 1.5],
			"rotation": {"angle": 0, "axis": "y", "origin": [24, 17, 9]},
			"faces": {
				"north": {"uv": [14.5, 13.5, 14.65, 14], "texture": "#3"},
				"east": {"uv": [14.5, 13.5, 14.75, 14], "texture": "#3"},
				"south": {"uv": [14.5, 13.5, 14.65, 14], "texture": "#3"},
				"up": {"uv": [14.5, 13.5, 14.75, 14], "texture": "#3"},
				"down": {"uv": [14.5, 13.5, 14.65, 14], "texture": "#3"}
			}
		},
		{
			"from": [15.5, 6, 1],
			"to": [15.65, 6.5, 1.5],
			"rotation": {"angle": 0, "axis": "y", "origin": [24, 14, 9]},
			"faces": {
				"north": {"uv": [14.5, 13.5, 14.65, 14], "texture": "#3"},
				"east": {"uv": [14.5, 13.5, 14.75, 14], "texture": "#3"},
				"south": {"uv": [14.5, 13.5, 14.65, 14], "texture": "#3"},
				"up": {"uv": [14.5, 13.5, 14.75, 14], "texture": "#3"},
				"down": {"uv": [14.5, 13.5, 14.65, 14], "texture": "#3"}
			}
		},
		{
			"from": [15.5, 2, 1],
			"to": [15.65, 2.5, 1.5],
			"rotation": {"angle": 0, "axis": "y", "origin": [24, 10, 9]},
			"faces": {
				"north": {"uv": [14.5, 13.5, 14.65, 14], "texture": "#3"},
				"east": {"uv": [14.5, 13.5, 14.75, 14], "texture": "#3"},
				"south": {"uv": [14.5, 13.5, 14.65, 14], "texture": "#3"},
				"up": {"uv": [14.5, 13.5, 14.75, 14], "texture": "#3"},
				"down": {"uv": [14.5, 13.5, 14.65, 14], "texture": "#3"}
			}
		}
	]
}