{
	"credit": "Made by XeKr with Blockbench",
	"parent": "block/rail_flat",
	"textures": {
		"3": "create:block/controller_rail_raised_3d",
		"particle": "create:block/controller_rail_raised_3d",
		"wood": "block/oak_planks",
		"tint": "create:block/controller_rail_tint_3d"
	},
	"elements": [
		{
			"name": "r1",
			"from": [6, 16.5, 1],
			"to": [7, 18, 24],
			"rotation": {"angle": 45, "axis": "x", "origin": [8, 18, 1]},
			"faces": {
				"north": {"uv": [2, 0, 2.5, 0.5], "texture": "#3"},
				"east": {"uv": [2, 0, 2.5, 11.5], "rotation": 90, "texture": "#3"},
				"south": {"uv": [2, 11.5, 2.5, 12], "texture": "#3"},
				"west": {"uv": [2, 0, 2.5, 11.5], "rotation": 270, "texture": "#3"},
				"up": {"uv": [2, 0, 2.5, 11.5], "texture": "#3"},
				"down": {"uv": [2, 0, 2.5, 11.5], "rotation": 180, "texture": "#3"}
			}
		},
		{
			"name": "r2",
			"from": [9, 16.5, 1],
			"to": [10, 18, 24],
			"rotation": {"angle": 45, "axis": "x", "origin": [11, 18, 1]},
			"faces": {
				"north": {"uv": [3.5, 0, 4, 0.5], "texture": "#3"},
				"east": {"uv": [3.5, 0, 4, 11.5], "rotation": 90, "texture": "#3"},
				"south": {"uv": [3.5, 11.5, 4, 12], "texture": "#3"},
				"west": {"uv": [3.5, 0, 4, 11.5], "rotation": 270, "texture": "#3"},
				"up": {"uv": [3.5, 0, 4, 11.5], "texture": "#3"},
				"down": {"uv": [3.5, 0, 4, 11.5], "rotation": 180, "texture": "#3"}
			}
		},
		{
			"name": "r3",
			"from": [7, 17, 1.25],
			"to": [9, 17.5, 24],
			"rotation": {"angle": 45, "axis": "x", "origin": [8, 18, 1]},
			"faces": {
				"north": {"uv": [2.5, 0, 3.5, 0.5], "texture": "#3"},
				"south": {"uv": [2.5, 11.5, 3.5, 12], "texture": "#3"},
				"up": {"uv": [2.5, 0, 3.5, 11.5], "texture": "#3"},
				"down": {"uv": [2.5, 0, 3.5, 11.5], "texture": "#3"}
			}
		},
		{
			"name": "r4",
			"from": [6, 16.5, 0],
			"to": [7, 18, 1],
			"faces": {
				"north": {"uv": [2, 0, 2.5, 0.5], "rotation": 270, "texture": "#3"},
				"east": {"uv": [2, 0, 2.5, 0.5], "rotation": 270, "texture": "#3"},
				"south": {"uv": [2, 0, 2.5, 0.5], "rotation": 270, "texture": "#3"},
				"west": {"uv": [2, 0, 2.5, 0.5], "rotation": 270, "texture": "#3"},
				"up": {"uv": [2, 0, 2.5, 0.5], "rotation": 270, "texture": "#3"},
				"down": {"uv": [2, 0, 2.5, 0.5], "rotation": 270, "texture": "#3"}
			}
		},
		{
			"name": "r5",
			"from": [7, 17, 0],
			"to": [9, 17.5, 0.75],
			"faces": {
				"north": {"uv": [2.5, 0, 3.5, 0.5], "rotation": 180, "texture": "#3"},
				"south": {"uv": [2.5, 0, 3.5, 0.5], "rotation": 180, "texture": "#3"},
				"up": {"uv": [2.5, 0, 3.5, 0.5], "rotation": 180, "texture": "#3"},
				"down": {"uv": [2.5, 0, 3.5, 0.5], "rotation": 180, "texture": "#3"}
			}
		},
		{
			"name": "r6",
			"from": [9, 16.5, 0],
			"to": [10, 18, 1],
			"faces": {
				"north": {"uv": [3.5, 0, 4, 0.5], "rotation": 270, "texture": "#3"},
				"east": {"uv": [3.5, 0, 4, 0.5], "rotation": 270, "texture": "#3"},
				"south": {"uv": [3.5, 0, 4, 0.5], "rotation": 270, "texture": "#3"},
				"west": {"uv": [3.5, 0, 4, 0.5], "rotation": 270, "texture": "#3"},
				"up": {"uv": [3.5, 0, 4, 0.5], "rotation": 270, "texture": "#3"},
				"down": {"uv": [3.5, 0, 4, 0.5], "rotation": 270, "texture": "#3"}
			}
		},
		{
			"name": "Box15",
			"from": [6, 1, 1],
			"to": [7, 2, 15],
			"faces": {
				"north": {"uv": [9, 14, 10, 15], "texture": "#wood"},
				"east": {"uv": [1, 14, 15, 15], "texture": "#wood"},
				"south": {"uv": [6, 14, 7, 15], "texture": "#wood"},
				"west": {"uv": [1, 14, 15, 15], "texture": "#wood"},
				"up": {"uv": [1, 1, 15, 2], "rotation": 90, "texture": "#wood"},
				"down": {"uv": [1, 1, 15, 2], "rotation": 90, "texture": "#wood"}
			}
		},
		{
			"name": "Box15",
			"from": [9, 1, 1],
			"to": [10, 2, 15],
			"faces": {
				"north": {"uv": [6, 14, 7, 15], "texture": "#wood"},
				"east": {"uv": [1, 14, 15, 15], "texture": "#wood"},
				"south": {"uv": [9, 14, 10, 15], "texture": "#wood"},
				"west": {"uv": [1, 14, 15, 15], "texture": "#wood"},
				"up": {"uv": [1, 1, 15, 2], "rotation": 90, "texture": "#wood"},
				"down": {"uv": [1, 1, 15, 2], "rotation": 90, "texture": "#wood"}
			}
		},
		{
			"name": "Box2",
			"from": [3, 0, 1],
			"to": [13, 1, 3],
			"faces": {
				"north": {"uv": [3, 15, 13, 16], "texture": "#wood"},
				"east": {"uv": [13, 15, 15, 16], "texture": "#wood"},
				"south": {"uv": [3, 15, 13, 16], "texture": "#wood"},
				"west": {"uv": [1, 15, 3, 16], "texture": "#wood"},
				"up": {"uv": [3, 1, 13, 3], "texture": "#wood"},
				"down": {"uv": [3, 13, 13, 15], "texture": "#wood"}
			}
		},
		{
			"name": "Box2",
			"from": [3, 0, 5],
			"to": [13, 1, 7],
			"faces": {
				"north": {"uv": [3, 15, 13, 16], "texture": "#wood"},
				"east": {"uv": [9, 15, 11, 16], "texture": "#wood"},
				"south": {"uv": [3, 15, 13, 16], "texture": "#wood"},
				"west": {"uv": [5, 15, 7, 16], "texture": "#wood"},
				"up": {"uv": [3, 5, 13, 7], "texture": "#wood"},
				"down": {"uv": [3, 9, 13, 11], "texture": "#wood"}
			}
		},
		{
			"name": "Box2",
			"from": [3, 0, 9],
			"to": [13, 1, 11],
			"faces": {
				"north": {"uv": [3, 15, 13, 16], "texture": "#wood"},
				"east": {"uv": [5, 15, 7, 16], "texture": "#wood"},
				"south": {"uv": [3, 15, 13, 16], "texture": "#wood"},
				"west": {"uv": [9, 15, 11, 16], "texture": "#wood"},
				"up": {"uv": [3, 9, 13, 11], "texture": "#wood"},
				"down": {"uv": [3, 5, 13, 7], "texture": "#wood"}
			}
		},
		{
			"name": "Box2",
			"from": [3, 0, 13],
			"to": [13, 1, 15],
			"faces": {
				"north": {"uv": [3, 15, 13, 16], "texture": "#wood"},
				"east": {"uv": [1, 15, 3, 16], "texture": "#wood"},
				"south": {"uv": [3, 15, 13, 16], "texture": "#wood"},
				"west": {"uv": [13, 15, 15, 16], "texture": "#wood"},
				"up": {"uv": [3, 13, 13, 15], "texture": "#wood"},
				"down": {"uv": [3, 1, 13, 3], "texture": "#wood"}
			}
		},
		{
			"from": [6.5, 1, 1.5],
			"to": [9.5, 16, 14.5],
			"rotation": {"angle": 0, "axis": "y", "origin": [14, 9, 9]},
			"faces": {
				"north": {"uv": [8, 8.5, 10, 16], "texture": "#3"},
				"east": {"uv": [16, 8.5, 9.5, 16], "texture": "#3"},
				"west": {"uv": [9.5, 8.5, 16, 16], "texture": "#3"}
			}
		},
		{
			"name": "Box7",
			"from": [5, 1, 13],
			"to": [6, 1.5, 15],
			"rotation": {"angle": 0, "axis": "y", "origin": [5, 9, 20]},
			"faces": {
				"north": {"uv": [0, 0, 0.5, 0.5], "texture": "#tint", "tintindex": 0},
				"east": {"uv": [0, 0, 0, 0], "texture": "#tint", "tintindex": 0},
				"south": {"uv": [0, 0, 0.5, 0.5], "texture": "#tint", "tintindex": 0},
				"west": {"uv": [0, 0, 0.5, 1], "rotation": 270, "texture": "#tint", "tintindex": 0},
				"up": {"uv": [0, 0, 0.5, 1], "texture": "#tint", "tintindex": 0},
				"down": {"uv": [0, 0, 0, 0], "texture": "#tint", "tintindex": 0}
			}
		},
		{
			"name": "Box6",
			"from": [5, 1, 9],
			"to": [6, 1.5, 11],
			"rotation": {"angle": 0, "axis": "y", "origin": [5, 9, 16]},
			"faces": {
				"north": {"uv": [0, 0, 0.5, 0.5], "texture": "#tint", "tintindex": 0},
				"east": {"uv": [0, 0, 0, 0], "texture": "#tint", "tintindex": 0},
				"south": {"uv": [0, 0, 0.5, 0.5], "texture": "#tint", "tintindex": 0},
				"west": {"uv": [0, 0, 0.5, 1], "rotation": 270, "texture": "#tint", "tintindex": 0},
				"up": {"uv": [0, 0, 0.5, 1], "texture": "#tint", "tintindex": 0},
				"down": {"uv": [0, 0, 0, 0], "texture": "#tint", "tintindex": 0}
			}
		},
		{
			"name": "Box5",
			"from": [5, 1, 5],
			"to": [6, 1.5, 7],
			"rotation": {"angle": 0, "axis": "y", "origin": [5, 9, 12]},
			"faces": {
				"north": {"uv": [0, 0, 0.5, 0.5], "texture": "#tint", "tintindex": 0},
				"east": {"uv": [0, 0, 0, 0], "texture": "#tint", "tintindex": 0},
				"south": {"uv": [0, 0, 0.5, 0.5], "texture": "#tint", "tintindex": 0},
				"west": {"uv": [0, 0, 0.5, 1], "rotation": 270, "texture": "#tint", "tintindex": 0},
				"up": {"uv": [0, 0, 0.5, 1], "texture": "#tint", "tintindex": 0},
				"down": {"uv": [0, 0, 0, 0], "texture": "#tint", "tintindex": 0}
			}
		},
		{
			"name": "Box4",
			"from": [5, 1, 1],
			"to": [6, 1.5, 3],
			"rotation": {"angle": 0, "axis": "y", "origin": [5, 9, 8]},
			"faces": {
				"north": {"uv": [0, 0, 0.5, 0.5], "texture": "#tint", "tintindex": 0},
				"east": {"uv": [0, 0, 0, 0], "texture": "#tint", "tintindex": 0},
				"south": {"uv": [0, 0, 0.5, 0.5], "texture": "#tint", "tintindex": 0},
				"west": {"uv": [0, 0, 0.5, 1], "rotation": 270, "texture": "#tint", "tintindex": 0},
				"up": {"uv": [0, 0, 0.5, 1], "texture": "#tint", "tintindex": 0},
				"down": {"uv": [0, 0, 0, 0], "texture": "#tint", "tintindex": 0}
			}
		},
		{
			"name": "Box6",
			"from": [10, 1, 13],
			"to": [11, 1.5, 15],
			"rotation": {"angle": 0, "axis": "y", "origin": [10, 9, 20]},
			"faces": {
				"north": {"uv": [0, 0, 0.5, 0.5], "texture": "#tint", "tintindex": 0},
				"east": {"uv": [0, 0, 0.5, 1], "rotation": 90, "texture": "#tint", "tintindex": 0},
				"south": {"uv": [0, 0, 0.5, 0.5], "texture": "#tint", "tintindex": 0},
				"west": {"uv": [0, 0, 0, 0], "texture": "#tint", "tintindex": 0},
				"up": {"uv": [0, 0, 0.5, 1], "texture": "#tint", "tintindex": 0},
				"down": {"uv": [0, 0, 0, 0], "texture": "#tint", "tintindex": 0}
			}
		},
		{
			"name": "Box5",
			"from": [10, 1, 9],
			"to": [11, 1.5, 11],
			"rotation": {"angle": 0, "axis": "y", "origin": [10, 9, 16]},
			"faces": {
				"north": {"uv": [0, 0, 0.5, 0.5], "texture": "#tint", "tintindex": 0},
				"east": {"uv": [0, 0, 0.5, 1], "rotation": 90, "texture": "#tint", "tintindex": 0},
				"south": {"uv": [0, 0, 0.5, 0.5], "texture": "#tint", "tintindex": 0},
				"west": {"uv": [0, 0, 0, 0], "texture": "#tint", "tintindex": 0},
				"up": {"uv": [0, 0, 0.5, 1], "texture": "#tint", "tintindex": 0},
				"down": {"uv": [0, 0, 0, 0], "texture": "#tint", "tintindex": 0}
			}
		},
		{
			"name": "Box4",
			"from": [10, 1, 5],
			"to": [11, 1.5, 7],
			"rotation": {"angle": 0, "axis": "y", "origin": [10, 9, 12]},
			"faces": {
				"north": {"uv": [0, 0, 0.5, 0.5], "texture": "#tint", "tintindex": 0},
				"east": {"uv": [0, 0, 0.5, 1], "rotation": 90, "texture": "#tint", "tintindex": 0},
				"south": {"uv": [0, 0, 0.5, 0.5], "texture": "#tint", "tintindex": 0},
				"west": {"uv": [0, 0, 0, 0], "texture": "#tint", "tintindex": 0},
				"up": {"uv": [0, 0, 0.5, 1], "texture": "#tint", "tintindex": 0},
				"down": {"uv": [0, 0, 0, 0], "texture": "#tint", "tintindex": 0}
			}
		},
		{
			"name": "Box3",
			"from": [10, 1, 1],
			"to": [11, 1.5, 3],
			"rotation": {"angle": 0, "axis": "y", "origin": [10, 9, 8]},
			"faces": {
				"north": {"uv": [0, 0, 0.5, 0.5], "texture": "#tint", "tintindex": 0},
				"east": {"uv": [0, 0, 0.5, 1], "rotation": 90, "texture": "#tint", "tintindex": 0},
				"south": {"uv": [0, 0, 0.5, 0.5], "texture": "#tint", "tintindex": 0},
				"west": {"uv": [0, 0, 0, 0], "texture": "#tint", "tintindex": 0},
				"up": {"uv": [0, 0, 0.5, 1], "texture": "#tint", "tintindex": 0},
				"down": {"uv": [0, 0, 0, 0], "texture": "#tint", "tintindex": 0}
			}
		},
		{
			"from": [9.625, 8, 8],
			"to": [10.375, 12, 10],
			"rotation": {"angle": 0, "axis": "x", "origin": [10, 10, 8]},
			"faces": {
				"north": {"uv": [0, 0, 4, 0.75], "rotation": 270, "texture": "#tint", "tintindex": 0},
				"east": {"uv": [0, 0, 4, 2], "rotation": 270, "texture": "#tint", "tintindex": 0},
				"south": {"uv": [0, 0, 4, 0.75], "rotation": 90, "texture": "#tint", "tintindex": 0},
				"west": {"uv": [0, 0, 4, 2], "rotation": 270, "texture": "#tint", "tintindex": 0},
				"up": {"uv": [0, 0, 2, 0.75], "rotation": 90, "texture": "#tint", "tintindex": 0},
				"down": {"uv": [0, 0, 2, 0.75], "rotation": 90, "texture": "#tint", "tintindex": 0}
			}
		},
		{
			"from": [5.625, 8, 8],
			"to": [6.375, 12, 10],
			"rotation": {"angle": 0, "axis": "x", "origin": [6, 10, 8]},
			"faces": {
				"north": {"uv": [0, 0, 4, 0.75], "rotation": 270, "texture": "#tint", "tintindex": 0},
				"east": {"uv": [0, 0, 4, 2], "rotation": 270, "texture": "#tint", "tintindex": 0},
				"south": {"uv": [0, 0, 4, 0.75], "rotation": 90, "texture": "#tint", "tintindex": 0},
				"west": {"uv": [0, 0, 4, 2], "rotation": 270, "texture": "#tint", "tintindex": 0},
				"up": {"uv": [0, 0, 2, 0.75], "rotation": 90, "texture": "#tint", "tintindex": 0},
				"down": {"uv": [0, 0, 2, 0.75], "rotation": 90, "texture": "#tint", "tintindex": 0}
			}
		},
		{
			"from": [9.625, 8, 6],
			"to": [10.375, 10, 8],
			"rotation": {"angle": 0, "axis": "x", "origin": [10, 10, 8]},
			"faces": {
				"north": {"uv": [0, 0, 2, 0.75], "rotation": 270, "texture": "#tint", "tintindex": 0},
				"east": {"uv": [0, 0, 2, 2], "texture": "#tint", "tintindex": 0},
				"west": {"uv": [0, 0, 2, 2], "rotation": 180, "texture": "#tint", "tintindex": 0},
				"up": {"uv": [0, 0, 2, 0.75], "rotation": 90, "texture": "#tint", "tintindex": 0},
				"down": {"uv": [0, 0, 2, 0.75], "rotation": 90, "texture": "#tint", "tintindex": 0}
			}
		},
		{
			"from": [5.625, 8, 6],
			"to": [6.375, 10, 8],
			"rotation": {"angle": 0, "axis": "x", "origin": [6, 10, 8]},
			"faces": {
				"north": {"uv": [0, 0, 2, 0.75], "rotation": 270, "texture": "#tint", "tintindex": 0},
				"east": {"uv": [0, 0, 2, 2], "texture": "#tint", "tintindex": 0},
				"west": {"uv": [0, 0, 2, 2], "rotation": 180, "texture": "#tint", "tintindex": 0},
				"up": {"uv": [0, 0, 2, 0.75], "rotation": 90, "texture": "#tint", "tintindex": 0},
				"down": {"uv": [0, 0, 2, 0.75], "rotation": 90, "texture": "#tint", "tintindex": 0}
			}
		}
	]
}