{
	"credit": "Made by XeKr with Blockbench",
	"parent": "block/rail_flat",
	"textures": {
		"rail": "create:block/controller_rail_3d",
		"wood": "block/oak_planks",
		"particle": "create:block/controller_rail_tint_3d",
		"tint": "create:block/controller_rail_tint_3d"
	},
	"elements": [
		{
			"name": "Box2",
			"from": [3, 0, 1],
			"to": [13, 1, 3],
			"faces": {
				"north": {"uv": [3, 15, 13, 16], "texture": "#wood"},
				"east": {"uv": [13, 15, 15, 16], "texture": "#wood"},
				"south": {"uv": [3, 15, 13, 16], "texture": "#wood"},
				"west": {"uv": [1, 15, 3, 16], "texture": "#wood"},
				"up": {"uv": [3, 1, 13, 3], "texture": "#wood"},
				"down": {"uv": [3, 13, 13, 15], "texture": "#wood"}
			}
		},
		{
			"name": "Box2",
			"from": [3, 0, 5],
			"to": [13, 1, 7],
			"faces": {
				"north": {"uv": [3, 15, 13, 16], "texture": "#wood"},
				"east": {"uv": [9, 15, 11, 16], "texture": "#wood"},
				"south": {"uv": [3, 15, 13, 16], "texture": "#wood"},
				"west": {"uv": [5, 15, 7, 16], "texture": "#wood"},
				"up": {"uv": [3, 5, 13, 7], "texture": "#wood"},
				"down": {"uv": [3, 9, 13, 11], "texture": "#wood"}
			}
		},
		{
			"name": "Box2",
			"from": [3, 0, 9],
			"to": [13, 1, 11],
			"faces": {
				"north": {"uv": [3, 15, 13, 16], "texture": "#wood"},
				"east": {"uv": [5, 15, 7, 16], "texture": "#wood"},
				"south": {"uv": [3, 15, 13, 16], "texture": "#wood"},
				"west": {"uv": [9, 15, 11, 16], "texture": "#wood"},
				"up": {"uv": [3, 9, 13, 11], "texture": "#wood"},
				"down": {"uv": [3, 5, 13, 7], "texture": "#wood"}
			}
		},
		{
			"name": "Box2",
			"from": [3, 0, 13],
			"to": [13, 1, 15],
			"faces": {
				"north": {"uv": [3, 15, 13, 16], "texture": "#wood"},
				"east": {"uv": [1, 15, 3, 16], "texture": "#wood"},
				"south": {"uv": [3, 15, 13, 16], "texture": "#wood"},
				"west": {"uv": [13, 15, 15, 16], "texture": "#wood"},
				"up": {"uv": [3, 13, 13, 15], "texture": "#wood"},
				"down": {"uv": [3, 1, 13, 3], "texture": "#wood"}
			}
		},
		{
			"name": "Box6",
			"from": [6, 0.5, 0],
			"to": [7, 2, 16],
			"faces": {
				"north": {"uv": [6, 15, 7, 16], "texture": "#rail"},
				"east": {"uv": [6, 16, 7, 0], "rotation": 270, "texture": "#rail"},
				"south": {"uv": [9, 15, 10, 16], "texture": "#rail"},
				"west": {"uv": [6, 0, 7, 16], "rotation": 270, "texture": "#rail"},
				"up": {"uv": [6, 0, 7, 16], "texture": "#rail"},
				"down": {"uv": [6, 0, 7, 16], "texture": "#rail"}
			}
		},
		{
			"name": "Box6",
			"from": [9, 0.5, 0],
			"to": [10, 2, 16],
			"faces": {
				"north": {"uv": [6, 15, 7, 16], "texture": "#rail"},
				"east": {"uv": [9, 16, 10, 0], "rotation": 270, "texture": "#rail"},
				"south": {"uv": [9, 15, 10, 16], "texture": "#rail"},
				"west": {"uv": [9, 0, 10, 16], "rotation": 270, "texture": "#rail"},
				"up": {"uv": [9, 0, 10, 16], "texture": "#rail"},
				"down": {"uv": [9, 0, 10, 16], "texture": "#rail"}
			}
		},
		{
			"name": "Box6",
			"from": [7, 1, 0],
			"to": [9, 1.5, 16],
			"faces": {
				"north": {"uv": [7, 15, 9, 16], "texture": "#rail"},
				"south": {"uv": [7, 0, 9, 1], "texture": "#rail"},
				"up": {"uv": [7, 0, 9, 16], "texture": "#rail"},
				"down": {"uv": [7, 0, 9, 16], "texture": "#rail"}
			}
		},
		{
			"name": "Box8",
			"from": [5, 1, 1],
			"to": [6, 1.5, 3],
			"faces": {
				"north": {"uv": [10, 13, 11, 13.5], "texture": "#tint", "tintindex": 0},
				"east": {"uv": [5, 15, 6, 13], "rotation": 270, "texture": "#tint", "tintindex": 0},
				"south": {"uv": [5, 14, 6, 14.5], "texture": "#tint", "tintindex": 0},
				"west": {"uv": [5, 13, 6, 15], "rotation": 270, "texture": "#tint", "tintindex": 0},
				"up": {"uv": [5, 1, 6, 3], "texture": "#tint", "tintindex": 0},
				"down": {"uv": [5, 1, 6, 3], "texture": "#tint", "tintindex": 0}
			}
		},
		{
			"name": "Box8",
			"from": [10, 1, 1],
			"to": [11, 1.5, 3],
			"faces": {
				"north": {"uv": [10, 13, 11, 13.5], "texture": "#tint", "tintindex": 0},
				"east": {"uv": [5, 15, 6, 13], "rotation": 270, "texture": "#tint", "tintindex": 0},
				"south": {"uv": [5, 14, 6, 14.5], "texture": "#tint", "tintindex": 0},
				"west": {"uv": [5, 13, 6, 15], "rotation": 270, "texture": "#tint", "tintindex": 0},
				"up": {"uv": [5, 1, 6, 3], "texture": "#tint", "tintindex": 0},
				"down": {"uv": [5, 1, 6, 3], "texture": "#tint", "tintindex": 0}
			}
		},
		{
			"name": "Box8",
			"from": [10, 1, 5],
			"to": [11, 1.5, 7],
			"faces": {
				"north": {"uv": [10, 13, 11, 13.5], "texture": "#tint", "tintindex": 0},
				"east": {"uv": [5, 15, 6, 13], "rotation": 270, "texture": "#tint", "tintindex": 0},
				"south": {"uv": [5, 14, 6, 14.5], "texture": "#tint", "tintindex": 0},
				"west": {"uv": [5, 13, 6, 15], "rotation": 270, "texture": "#tint", "tintindex": 0},
				"up": {"uv": [5, 1, 6, 3], "texture": "#tint", "tintindex": 0},
				"down": {"uv": [5, 1, 6, 3], "texture": "#tint", "tintindex": 0}
			}
		},
		{
			"name": "Box8",
			"from": [5, 1, 5],
			"to": [6, 1.5, 7],
			"faces": {
				"north": {"uv": [10, 13, 11, 13.5], "texture": "#tint", "tintindex": 0},
				"east": {"uv": [5, 15, 6, 13], "rotation": 270, "texture": "#tint", "tintindex": 0},
				"south": {"uv": [5, 14, 6, 14.5], "texture": "#tint", "tintindex": 0},
				"west": {"uv": [5, 13, 6, 15], "rotation": 270, "texture": "#tint", "tintindex": 0},
				"up": {"uv": [5, 1, 6, 3], "texture": "#tint", "tintindex": 0},
				"down": {"uv": [5, 1, 6, 3], "texture": "#tint", "tintindex": 0}
			}
		},
		{
			"name": "Box8",
			"from": [10, 1, 9],
			"to": [11, 1.5, 11],
			"faces": {
				"north": {"uv": [10, 13, 11, 13.5], "texture": "#tint", "tintindex": 0},
				"east": {"uv": [5, 15, 6, 13], "rotation": 270, "texture": "#tint", "tintindex": 0},
				"south": {"uv": [5, 14, 6, 14.5], "texture": "#tint", "tintindex": 0},
				"west": {"uv": [5, 13, 6, 15], "rotation": 270, "texture": "#tint", "tintindex": 0},
				"up": {"uv": [5, 1, 6, 3], "texture": "#tint", "tintindex": 0},
				"down": {"uv": [5, 1, 6, 3], "texture": "#tint", "tintindex": 0}
			}
		},
		{
			"name": "Box8",
			"from": [5, 1, 9],
			"to": [6, 1.5, 11],
			"faces": {
				"north": {"uv": [10, 13, 11, 13.5], "texture": "#tint", "tintindex": 0},
				"east": {"uv": [5, 15, 6, 13], "rotation": 270, "texture": "#tint", "tintindex": 0},
				"south": {"uv": [5, 14, 6, 14.5], "texture": "#tint", "tintindex": 0},
				"west": {"uv": [5, 13, 6, 15], "rotation": 270, "texture": "#tint", "tintindex": 0},
				"up": {"uv": [5, 1, 6, 3], "texture": "#tint", "tintindex": 0},
				"down": {"uv": [5, 1, 6, 3], "texture": "#tint", "tintindex": 0}
			}
		},
		{
			"name": "Box8",
			"from": [10, 1, 13],
			"to": [11, 1.5, 15],
			"faces": {
				"north": {"uv": [10, 13, 11, 13.5], "texture": "#tint", "tintindex": 0},
				"east": {"uv": [5, 15, 6, 13], "rotation": 270, "texture": "#tint", "tintindex": 0},
				"south": {"uv": [5, 14, 6, 14.5], "texture": "#tint", "tintindex": 0},
				"west": {"uv": [5, 13, 6, 15], "rotation": 270, "texture": "#tint", "tintindex": 0},
				"up": {"uv": [5, 1, 6, 3], "texture": "#tint", "tintindex": 0},
				"down": {"uv": [5, 1, 6, 3], "texture": "#tint", "tintindex": 0}
			}
		},
		{
			"name": "Box8",
			"from": [5, 1, 13],
			"to": [6, 1.5, 15],
			"faces": {
				"north": {"uv": [10, 13, 11, 13.5], "texture": "#tint", "tintindex": 0},
				"east": {"uv": [5, 15, 6, 13], "rotation": 270, "texture": "#tint", "tintindex": 0},
				"south": {"uv": [5, 14, 6, 14.5], "texture": "#tint", "tintindex": 0},
				"west": {"uv": [5, 13, 6, 15], "rotation": 270, "texture": "#tint", "tintindex": 0},
				"up": {"uv": [5, 1, 6, 3], "texture": "#tint", "tintindex": 0},
				"down": {"uv": [5, 1, 6, 3], "texture": "#tint", "tintindex": 0}
			}
		},
		{
			"from": [8, 1.5, 2],
			"to": [10, 2.25, 6],
			"rotation": {"angle": 45, "axis": "y", "origin": [8, 1.75, 4]},
			"faces": {
				"north": {"uv": [0, 0, 2, 0.75], "texture": "#tint", "tintindex": 0},
				"east": {"uv": [0, 0, 4, 0.75], "texture": "#tint", "tintindex": 0},
				"south": {"uv": [0, 0, 2, 0.75], "texture": "#tint", "tintindex": 0},
				"west": {"uv": [0, 0, 4, 0.75], "texture": "#tint", "tintindex": 0},
				"up": {"uv": [0, 0, 4, 2], "rotation": 90, "texture": "#tint", "tintindex": 0},
				"down": {"uv": [0, 0, 4, 2], "rotation": 270, "texture": "#tint", "tintindex": 0}
			}
		},
		{
			"from": [8, 1.5, 10],
			"to": [10, 2.25, 14],
			"rotation": {"angle": 45, "axis": "y", "origin": [8, 1.75, 12]},
			"faces": {
				"north": {"uv": [0, 0, 2, 0.75], "texture": "#tint", "tintindex": 0},
				"east": {"uv": [0, 0, 4, 0.75], "texture": "#tint", "tintindex": 0},
				"south": {"uv": [0, 0, 2, 0.75], "texture": "#tint", "tintindex": 0},
				"west": {"uv": [0, 0, 4, 0.75], "texture": "#tint", "tintindex": 0},
				"up": {"uv": [0, 0, 4, 2], "rotation": 90, "texture": "#tint", "tintindex": 0},
				"down": {"uv": [0, 0, 4, 2], "rotation": 270, "texture": "#tint", "tintindex": 0}
			}
		},
		{
			"from": [6, 1.5, 2],
			"to": [8, 2.25, 4],
			"rotation": {"angle": 45, "axis": "y", "origin": [8, 1.75, 4]},
			"faces": {
				"north": {"uv": [0, 0, 2, 0.75], "texture": "#tint", "tintindex": 0},
				"south": {"uv": [0, 0, 2, 0.75], "texture": "#tint", "tintindex": 0},
				"west": {"uv": [0, 0, 2, 0.75], "texture": "#tint", "tintindex": 0},
				"up": {"uv": [0, 0, 2, 2], "rotation": 180, "texture": "#tint", "tintindex": 0},
				"down": {"uv": [0, 0, 2, 2], "rotation": 180, "texture": "#tint", "tintindex": 0}
			}
		},
		{
			"from": [6, 1.5, 10],
			"to": [8, 2.25, 12],
			"rotation": {"angle": 45, "axis": "y", "origin": [8, 1.75, 12]},
			"faces": {
				"north": {"uv": [0, 0, 2, 0.75], "texture": "#tint", "tintindex": 0},
				"south": {"uv": [0, 0, 2, 0.75], "texture": "#tint", "tintindex": 0},
				"west": {"uv": [0, 0, 2, 0.75], "texture": "#tint", "tintindex": 0},
				"up": {"uv": [0, 0, 2, 2], "rotation": 180, "texture": "#tint", "tintindex": 0},
				"down": {"uv": [0, 0, 2, 2], "rotation": 180, "texture": "#tint", "tintindex": 0}
			}
		}
	]
}