{
  "name": "Charging Rune",
  "icon": "bloodmagic:chargingrune",
  "category": "bloodmagic:altar/blood_rune",
  "pages": [
    {
      "type": "text",
      "text": "The $(item)Charging Rune$() is a unique Rune upgrade. When the $(l:bloodmagic:altar/blood_altar)Blood Altar$() is not crafting nor filling a $(l:bloodmagic:altar/soul_network)Blood Orb$(), it will syphon LP to charge an internal buffer. When next an item is placed inside of the Blood Altar, it will instantaneously consume the stored charge and apply it to the crafting of the item at a 1:1 ratio."
    },
    {
      "type": "text",
      "text": "  The Blood Altar does a charging tick once per 20 in-game ticks, which is reduced by 1 per $(l:bloodmagic:altar/blood_rune/acceleration_rune)Acceleration Rune.$(/l)$(br)  The speed that the Blood Altar charges at per charging tick is: [10LP x $(l:bloodmagic:altar/blood_rune/charging_rune)Charging Runes$() x (1 + $(l:bloodmagic:altar/blood_rune/speed_rune)Speed Runes$()/10)] $(br)The maximum charge that a Blood Altar can hold is 1000LP per $(item)Charging Rune$(), which is then multiplied by: [(capacity of the main Blood Altar tank)/20000] if that value is above 1."
    },
    {
      "type": "crafting",
      "recipe": "bloodmagic:blood_rune_charging"
    }
  ]
}