{
	"credit": "Made with Blockbench by Howler",
	"ambientocclusion": false,
	"textures": {
		"particle": "block/dark_oak_door_bottom",
		"texture": "block/dark_oak_door_bottom",
		"texture1": "block/dark_oak_door_special"
	},
	"elements": [
		{
			"from": [0, 0, 0],
			"to": [3, 16, 2.5],
			"faces": {
				"north": {"uv": [0, 6.5, 8, 8], "rotation": 270, "texture": "#texture1", "cullface": "north"},
				"east": {"uv": [2.5, 0, 0, 16], "texture": "#texture"},
				"south": {"uv": [2, 0, 2.5, 16], "texture": "#texture"},
				"west": {"uv": [0, 0, 2.5, 16], "texture": "#texture", "cullface": "west"},
				"up": {"uv": [0, 0, 1.25, 1.5], "rotation": 90, "texture": "#texture1", "cullface": "up"},
				"down": {"uv": [0, 13.25, 1.25, 14.75], "rotation": 270, "texture": "#texture1", "cullface": "down"}
			}
		},
		{
			"from": [0, 0, 2.5],
			"to": [3, 2.5, 13.5],
			"faces": {
				"east": {"uv": [13.5, 13.5, 2.5, 16], "texture": "#texture"},
				"west": {"uv": [2.5, 13.5, 13.5, 16], "texture": "#texture", "cullface": "west"},
				"up": {"uv": [2.5, 13.5, 13.5, 14], "rotation": 90, "texture": "#texture"},
				"down": {"uv": [1.25, 13.25, 6.75, 14.75], "rotation": 270, "texture": "#texture1", "cullface": "down"}
			}
		},
		{
			"from": [0, 14.5, 2.5],
			"to": [3, 16, 13.5],
			"faces": {
				"east": {"uv": [13.5, 0, 2.5, 1.5], "texture": "#texture"},
				"west": {"uv": [2.5, 0, 13.5, 1.5], "texture": "#texture", "cullface": "west"},
				"up": {"uv": [1.25, 0, 6.75, 1.5], "rotation": 90, "texture": "#texture1", "cullface": "up"},
				"down": {"uv": [2.5, 1, 13.5, 1.5], "rotation": 270, "texture": "#texture"}
			}
		},
		{
			"from": [0, 2.5, 6.5],
			"to": [3, 14.5, 9.5],
			"faces": {
				"north": {"uv": [6.5, 1.5, 7, 13.5], "texture": "#texture"},
				"east": {"uv": [9.5, 1.5, 6.5, 13.5], "texture": "#texture"},
				"south": {"uv": [9, 1.5, 9.5, 13.5], "texture": "#texture"},
				"west": {"uv": [6.5, 1.5, 9.5, 13.5], "texture": "#texture", "cullface": "west"}
			}
		},
		{
			"from": [0.5, 2.5, 2.5],
			"to": [2.5, 14.5, 13.5],
			"faces": {
				"east": {"uv": [13.5, 1.5, 2.5, 13.5], "texture": "#texture"},
				"west": {"uv": [2.5, 1.5, 13.5, 13.5], "texture": "#texture", "cullface": "west"}
			}
		},
		{
			"from": [0, 0, 13.5],
			"to": [3, 16, 16],
			"faces": {
				"north": {"uv": [13.5, 0, 14, 16], "texture": "#texture"},
				"east": {"uv": [16, 0, 13.5, 16], "texture": "#texture"},
				"south": {"uv": [0, 3.25, 8, 4.75], "rotation": 270, "texture": "#texture1", "cullface": "south"},
				"west": {"uv": [13.5, 0, 16, 16], "texture": "#texture", "cullface": "west"},
				"up": {"uv": [0, 0, 1.25, 1.5], "rotation": 270, "texture": "#texture1", "cullface": "up"},
				"down": {"uv": [6.75, 13.25, 8, 14.75], "rotation": 270, "texture": "#texture1", "cullface": "down"}
			}
		},
		{
			"from": [-0.25, 4.5, -0.25],
			"to": [0.5, 5.5, 0.5],
			"faces": {
				"north": {"uv": [0, 10.5, 0.5, 11.5], "texture": "#texture"},
				"east": {"uv": [0, 10.5, 0.5, 11.5], "texture": "#texture"},
				"south": {"uv": [0.5, 10.5, 0, 11.5], "texture": "#texture"},
				"west": {"uv": [0, 10.5, 0.5, 11.5], "texture": "#texture"},
				"up": {"uv": [0, 10.5, 0.5, 11], "texture": "#texture"},
				"down": {"uv": [0, 11, 0.5, 11.5], "texture": "#texture"}
			}
		},
		{
			"from": [2.5, 4.5, -0.25],
			"to": [3.25, 5.5, 0.5],
			"faces": {
				"north": {"uv": [0, 10.5, 0.5, 11.5], "texture": "#texture"},
				"east": {"uv": [0, 10.5, 0.5, 11.5], "texture": "#texture"},
				"south": {"uv": [0.5, 10.5, 0, 11.5], "texture": "#texture"},
				"west": {"uv": [0, 10.5, 0.5, 11.5], "texture": "#texture"},
				"up": {"uv": [0, 10.5, 0.5, 11], "texture": "#texture"},
				"down": {"uv": [0, 11, 0.5, 11.5], "texture": "#texture"}
			}
		},
		{
			"from": [2.5, 15.5, -0.25],
			"to": [3.25, 16.5, 0.5],
			"faces": {
				"north": {"uv": [0, 10.5, 0.5, 11.5], "texture": "#texture"},
				"east": {"uv": [0, 10.5, 0.5, 11.5], "texture": "#texture"},
				"south": {"uv": [0.5, 10.5, 0, 11.5], "texture": "#texture"},
				"west": {"uv": [0, 10.5, 0.5, 11.5], "texture": "#texture"},
				"up": {"uv": [0, 10.5, 0.5, 11], "texture": "#texture"},
				"down": {"uv": [0, 11, 0.5, 11.5], "texture": "#texture"}
			}
		},
		{
			"from": [-0.25, 15.5, -0.25],
			"to": [0.5, 16.5, 0.5],
			"faces": {
				"north": {"uv": [0, 10.5, 0.5, 11.5], "texture": "#texture"},
				"east": {"uv": [0, 10.5, 0.5, 11.5], "texture": "#texture"},
				"south": {"uv": [0.5, 10.5, 0, 11.5], "texture": "#texture"},
				"west": {"uv": [0, 10.5, 0.5, 11.5], "texture": "#texture"},
				"up": {"uv": [0, 10.5, 0.5, 11], "texture": "#texture"},
				"down": {"uv": [0, 11, 0.5, 11.5], "texture": "#texture"}
			}
		},
		{
			"from": [-0.5, 15, 11],
			"to": [0, 16, 11.5],
			"faces": {
				"north": {"uv": [11, 0, 11.5, 1], "texture": "#texture", "cullface": "west"},
				"south": {"uv": [11, 0, 11.5, 1], "texture": "#texture", "cullface": "west"},
				"west": {"uv": [11, 0, 11.5, 1], "texture": "#texture", "cullface": "west"},
				"up": {"uv": [11, 0, 11.5, 0.5], "texture": "#texture", "cullface": "up"},
				"down": {"uv": [11, 0, 11.5, 0.5], "texture": "#texture", "cullface": "west"}
			}
		},
		{
			"from": [-0.5, 15.5, 11.5],
			"to": [0, 16, 12],
			"faces": {
				"south": {"uv": [11.5, 0, 12, 0.5], "texture": "#texture", "cullface": "west"},
				"west": {"uv": [11.5, 0, 12, 0.5], "texture": "#texture", "cullface": "west"},
				"up": {"uv": [11.5, 0, 12, 0.5], "texture": "#texture", "cullface": "up"},
				"down": {"uv": [11.5, 0, 12, 0.5], "texture": "#texture", "cullface": "west"}
			}
		},
		{
			"from": [3, 15, 11],
			"to": [3.5, 16, 11.5],
			"faces": {
				"north": {"uv": [11, 0, 11.5, 1], "texture": "#texture"},
				"east": {"uv": [11, 0, 11.5, 1], "texture": "#texture"},
				"south": {"uv": [11, 0, 11.5, 1], "texture": "#texture"},
				"up": {"uv": [11, 0, 11.5, 0.5], "texture": "#texture", "cullface": "up"},
				"down": {"uv": [11, 0, 11.5, 0.5], "texture": "#texture"}
			}
		},
		{
			"from": [3, 15.5, 11.5],
			"to": [3.5, 16, 12],
			"faces": {
				"east": {"uv": [11.5, 0, 12, 0.5], "texture": "#texture"},
				"south": {"uv": [11.5, 0, 12, 0.5], "texture": "#texture"},
				"up": {"uv": [11.5, 0, 12, 0.5], "texture": "#texture", "cullface": "up"},
				"down": {"uv": [11.5, 0, 12, 0.5], "texture": "#texture"}
			}
		}
	],
	"groups": [0, 1, 2, 3, 4, 5, 6, 7, 8, 9,
		{
			"name": "group",
			"origin": [8, 8, 8],
			"children": [10, 11, 12, 13]
		}
	]
}