{
  "name": "Gift of Ignis",
  "icon": "minecraft:blaze_powder",
  "category": "bloodmagic:alchemy_array/living_equipment/armor_upgrades",
  "pages": [
    {
      "type": "text",
      "text": "Effect: Provides Fire Resistance. Higher levels last longer and recharge faster. $(br2)Trained by: Being on Fire. ($(item)Potions of Fire Resistance$() may be your friend here.) $(br2)Maximum level: 5"
    },
    {
      "type": "bloodmagic:living_armour_upgrade_table",
      "upgrade": "bloodmagic:fire_resist"
    }
  ]
}