{
  "name": "Healthy",
  "icon": "minecraft:golden_apple",
  "category": "bloodmagic:alchemy_array/living_equipment/armor_upgrades",
  "pages": [
    {
      "type": "text",
      "text": "Effect: Grants additional health, up to 50 half-hearts. $(br2)Trained by: Restoring health (Ordinary healing, or via $(item)Potions of Healing$() or $(item)Potions of Regeneration$().) $(br2)Maximum level: 10"
    },
    {
      "type": "bloodmagic:living_armour_upgrade_table",
      "upgrade": "bloodmagic:health"
    }
  ]
}