{
	"credit": "Made with Blockbench by Howler",
	"ambientocclusion": false,
	"textures": {
		"particle": "block/jungle_door_bottom",
		"texture": "block/jungle_door_bottom",
		"texture1": "block/jungle_door_special"
	},
	"elements": [
		{
			"from": [0, 0, 0],
			"to": [3, 16, 16],
			"faces": {
				"north": {"uv": [0, 6.5, 8, 8], "rotation": 270, "texture": "#texture1", "cullface": "north"},
				"east": {"uv": [16, 0, 0, 16], "texture": "#texture"},
				"south": {"uv": [0, 3.25, 8, 4.75], "rotation": 270, "texture": "#texture1", "cullface": "south"},
				"west": {"uv": [0, 0, 16, 16], "texture": "#texture", "cullface": "west"},
				"up": {"uv": [0, 0, 8, 1.5], "rotation": 90, "texture": "#texture1", "cullface": "up"},
				"down": {"uv": [0, 13.25, 8, 14.75], "rotation": 270, "texture": "#texture1", "cullface": "down"}
			}
		},
		{
			"from": [-0.25, 4.5, -0.25],
			"to": [0.5, 5.5, 0.5],
			"faces": {
				"north": {"uv": [0, 10.5, 0.5, 11.5], "texture": "#texture"},
				"east": {"uv": [0, 10.5, 0.5, 11.5], "texture": "#texture"},
				"south": {"uv": [0.5, 10.5, 0, 11.5], "texture": "#texture"},
				"west": {"uv": [0, 10.5, 0.5, 11.5], "texture": "#texture"},
				"up": {"uv": [0, 10.5, 0.5, 11], "texture": "#texture"},
				"down": {"uv": [0, 11, 0.5, 11.5], "texture": "#texture"}
			}
		},
		{
			"from": [2.5, 4.5, -0.25],
			"to": [3.25, 5.5, 0.5],
			"faces": {
				"north": {"uv": [0, 10.5, 0.5, 11.5], "texture": "#texture"},
				"east": {"uv": [0, 10.5, 0.5, 11.5], "texture": "#texture"},
				"south": {"uv": [0.5, 10.5, 0, 11.5], "texture": "#texture"},
				"west": {"uv": [0, 10.5, 0.5, 11.5], "texture": "#texture"},
				"up": {"uv": [0, 10.5, 0.5, 11], "texture": "#texture"},
				"down": {"uv": [0, 11, 0.5, 11.5], "texture": "#texture"}
			}
		},
		{
			"from": [2.5, 15.5, -0.25],
			"to": [3.25, 16.5, 0.5],
			"faces": {
				"north": {"uv": [0, 10.5, 0.5, 11.5], "texture": "#texture"},
				"east": {"uv": [0, 10.5, 0.5, 11.5], "texture": "#texture"},
				"south": {"uv": [0.5, 10.5, 0, 11.5], "texture": "#texture"},
				"west": {"uv": [0, 10.5, 0.5, 11.5], "texture": "#texture"},
				"up": {"uv": [0, 10.5, 0.5, 11], "texture": "#texture"},
				"down": {"uv": [0, 11, 0.5, 11.5], "texture": "#texture"}
			}
		},
		{
			"from": [-0.25, 15.5, -0.25],
			"to": [0.5, 16.5, 0.5],
			"faces": {
				"north": {"uv": [0, 10.5, 0.5, 11.5], "texture": "#texture"},
				"east": {"uv": [0, 10.5, 0.5, 11.5], "texture": "#texture"},
				"south": {"uv": [0.5, 10.5, 0, 11.5], "texture": "#texture"},
				"west": {"uv": [0, 10.5, 0.5, 11.5], "texture": "#texture"},
				"up": {"uv": [0, 10.5, 0.5, 11], "texture": "#texture"},
				"down": {"uv": [0, 11, 0.5, 11.5], "texture": "#texture"}
			}
		}
	]
}