{
  "name": "Dwarven Might",
  "icon": "minecraft:diamond_pickaxe",
  "category": "bloodmagic:alchemy_array/living_equipment/armor_upgrades",
  "pages": [
    {
      "type": "text",
      "text": "Effect: Increases mining speed while mining identical blocks. After a certain level, gives a Haste buff after breaking blocks. $(br2)Trained by: Mining. $(br2)Maximum level: 10"
    },
    {
      "type": "bloodmagic:living_armour_upgrade_table",
      "upgrade": "bloodmagic:digging"
    }
  ]
}