{
  "name": "Your First Will",
  "icon": "bloodmagic:soulsnare",
  "category": "bloodmagic:demon_will",
  "priority": "true",
  "pages": [
    {
      "type": "crafting_altar",
      "heading": "Soul Snare",
      "recipe": "bloodmagic:altar/soul_snare",
      "text": "$(item)Soul Snares$() are your gateway into the $(l:bloodmagic:demon_will/demon_will)Demon Will$() portion of $(6)Blood Magic$()."
    },
    {
      "type": "text",
      "text": "Using the Snare is simple enough - craft a good quantity of them and throw them at hostile mobs. White particle effects will appear around them; then it's time to go in for the kill. On death, they will drop a $(l:bloodmagic:demon_will/demon_will)Demon Will$(). Before you ask, yes, the Looting enchantment will improve your odds. Once you've gathered a couple, you can get to work on crafting yourself a $(l:bloodmagic:demon_will/sentient_sword)Sentient Sword$() and a $(l:bloodmagic:demon_will/soul_gem)Tartaric Gem$() - these will make collecting $(l:bloodmagic:demon_will/demon_will)Demon Will$() much easier."
    },
    {
      "type": "image",
      "images": [
        "bloodmagic:images/entries/demon_will/snare_particles.png"
      ],
      "title": "被网住的骷髅",
      "border": true,
      "text": "被投网击中后的骷髅，身上冒着白色的粒子效果。"
   }
  ]
}



