{
	"credit": "Made with Blockbench",
	"parent": "item/bow",
	"textures": {
		"layer0": "item/bow_pulling_0",
		"particle": "item/bow_pulling_0"
	},
	"elements": [
		{
			"name": "bow_pulling_0_0",
			"from": [0.5, 15.5, 7.75],
			"to": [1, 16, 8.25],
			"faces": {
				"north": {"uv": [0.525, 0.475, 0.975, 0.025], "rotation": 180, "texture": "#layer0"},
				"south": {"uv": [0.525, 0.025, 0.975, 0.475], "texture": "#layer0"},
				"west": {"uv": [0.525, 0.025, 0.975, 0.475], "texture": "#layer0"},
				"up": {"uv": [0.975, 0.025, 0.525, 0.475], "rotation": 180, "texture": "#layer0"}
			}
		},
		{
			"name": "bow_pulling_0_1",
			"from": [1, 15.5, 7.75],
			"to": [1.5, 16, 8.25],
			"faces": {
				"north": {"uv": [1.025, 0.475, 1.475, 0.025], "rotation": 180, "texture": "#layer0"},
				"south": {"uv": [1.025, 0.025, 1.475, 0.475], "texture": "#layer0"},
				"up": {"uv": [1.475, 0.025, 1.025, 0.475], "rotation": 180, "texture": "#layer0"}
			}
		},
		{
			"name": "bow_pulling_0_2",
			"from": [1.5, 15.5, 7.75],
			"to": [2, 16, 8.25],
			"faces": {
				"north": {"uv": [1.525, 0.475, 1.975, 0.025], "rotation": 180, "texture": "#layer0"},
				"east": {"uv": [1.525, 0.025, 1.975, 0.475], "texture": "#layer0"},
				"south": {"uv": [1.525, 0.025, 1.975, 0.475], "texture": "#layer0"},
				"up": {"uv": [1.975, 0.025, 1.525, 0.475], "rotation": 180, "texture": "#layer0"}
			}
		},
		{
			"name": "bow_pulling_0_3",
			"from": [0.5, 15, 7.75],
			"to": [1, 15.5, 8.25],
			"faces": {
				"north": {"uv": [0.525, 0.975, 0.975, 0.525], "rotation": 180, "texture": "#layer0"},
				"south": {"uv": [0.525, 0.525, 0.975, 0.975], "texture": "#layer0"},
				"west": {"uv": [0.525, 0.525, 0.975, 0.975], "texture": "#layer0"}
			}
		},
		{
			"name": "bow_pulling_0_4",
			"from": [1, 15, 7.55],
			"to": [1.5, 15.5, 8.45],
			"faces": {
				"north": {"uv": [1.025, 0.975, 1.475, 0.525], "rotation": 180, "texture": "#layer0"},
				"south": {"uv": [1.025, 0.525, 1.475, 0.975], "texture": "#layer0"},
				"west": {"uv": [1.025, 0.525, 1.475, 0.975], "texture": "#layer0"},
				"up": {"uv": [1.475, 0.525, 1.025, 0.975], "rotation": 180, "texture": "#layer0"}
			}
		},
		{
			"name": "bow_pulling_0_5",
			"from": [1.5, 15, 7.55],
			"to": [2, 15.5, 8.45],
			"faces": {
				"north": {"uv": [1.525, 0.975, 1.975, 0.525], "rotation": 180, "texture": "#layer0"},
				"east": {"uv": [1.525, 0.525, 1.975, 0.975], "texture": "#layer0"},
				"south": {"uv": [1.525, 0.525, 1.975, 0.975], "texture": "#layer0"},
				"up": {"uv": [1.975, 0.525, 1.525, 0.975], "rotation": 180, "texture": "#layer0"}
			}
		},
		{
			"name": "bow_pulling_0_6",
			"from": [2, 15, 7.75],
			"to": [2.5, 15.5, 8.25],
			"faces": {
				"north": {"uv": [2.025, 0.975, 2.475, 0.525], "rotation": 180, "texture": "#layer0"},
				"south": {"uv": [2.025, 0.525, 2.475, 0.975], "texture": "#layer0"},
				"up": {"uv": [2.475, 0.525, 2.025, 0.975], "rotation": 180, "texture": "#layer0"}
			}
		},
		{
			"name": "bow_pulling_0_7",
			"from": [2.5, 15, 7.75],
			"to": [3, 15.5, 8.25],
			"faces": {
				"north": {"uv": [2.525, 0.975, 2.975, 0.525], "rotation": 180, "texture": "#layer0"},
				"east": {"uv": [2.525, 0.525, 2.975, 0.975], "texture": "#layer0"},
				"south": {"uv": [2.525, 0.525, 2.975, 0.975], "texture": "#layer0"},
				"up": {"uv": [2.975, 0.525, 2.525, 0.975], "rotation": 180, "texture": "#layer0"},
				"down": {"uv": [2.525, 0.525, 2.975, 0.975], "texture": "#layer0"}
			}
		},
		{
			"name": "bow_pulling_0_8",
			"from": [0.5, 14.5, 7.75],
			"to": [1, 15, 8.25],
			"faces": {
				"north": {"uv": [0.525, 1.475, 0.975, 1.025], "rotation": 180, "texture": "#layer0"},
				"south": {"uv": [0.525, 1.025, 0.975, 1.475], "texture": "#layer0"},
				"west": {"uv": [0.525, 1.025, 0.975, 1.475], "texture": "#layer0"},
				"down": {"uv": [0.525, 1.025, 0.975, 1.475], "texture": "#layer0"}
			}
		},
		{
			"name": "bow_pulling_0_9",
			"from": [1, 14.5, 7.55],
			"to": [1.5, 15, 8.45],
			"faces": {
				"north": {"uv": [1.025, 1.475, 1.475, 1.025], "rotation": 180, "texture": "#layer0"},
				"south": {"uv": [1.025, 1.025, 1.475, 1.475], "texture": "#layer0"},
				"west": {"uv": [1.025, 1.025, 1.475, 1.475], "texture": "#layer0"},
				"down": {"uv": [1.025, 1.025, 1.475, 1.475], "texture": "#layer0"}
			}
		},
		{
			"name": "bow_pulling_0_10",
			"from": [1.5, 14.5, 7.55],
			"to": [2, 15, 8.45],
			"faces": {
				"north": {"uv": [1.525, 1.475, 1.975, 1.025], "rotation": 180, "texture": "#layer0"},
				"south": {"uv": [1.525, 1.025, 1.975, 1.475], "texture": "#layer0"}
			}
		},
		{
			"name": "bow_pulling_0_11",
			"from": [2, 14.5, 7.55],
			"to": [2.5, 15, 8.45],
			"faces": {
				"north": {"uv": [2.025, 1.475, 2.475, 1.025], "rotation": 180, "texture": "#layer0"},
				"east": {"uv": [2.025, 1.025, 2.475, 1.475], "texture": "#layer0"},
				"south": {"uv": [2.025, 1.025, 2.475, 1.475], "texture": "#layer0"},
				"up": {"uv": [2.475, 1.025, 2.025, 1.475], "rotation": 180, "texture": "#layer0"},
				"down": {"uv": [2.025, 1.025, 2.475, 1.475], "texture": "#layer0"}
			}
		},
		{
			"name": "bow_pulling_0_12",
			"from": [1, 14, 7.75],
			"to": [1.5, 14.5, 8.25],
			"faces": {
				"north": {"uv": [1.025, 1.975, 1.475, 1.525], "rotation": 180, "texture": "#layer0"},
				"south": {"uv": [1.025, 1.525, 1.475, 1.975], "texture": "#layer0"},
				"west": {"uv": [1.025, 1.525, 1.475, 1.975], "texture": "#layer0"}
			}
		},
		{
			"name": "bow_pulling_0_13",
			"from": [1.5, 14, 7.55],
			"to": [2, 14.5, 8.45],
			"faces": {
				"north": {"uv": [1.525, 1.975, 1.975, 1.525], "rotation": 180, "texture": "#layer0"},
				"east": {"uv": [1.525, 1.525, 1.975, 1.975], "texture": "#layer0"},
				"south": {"uv": [1.525, 1.525, 1.975, 1.975], "texture": "#layer0"},
				"west": {"uv": [1.525, 1.525, 1.975, 1.975], "texture": "#layer0"},
				"down": {"uv": [1.525, 1.525, 1.975, 1.975], "texture": "#layer0"}
			}
		},
		{
			"name": "bow_pulling_0_14",
			"from": [2, 14, 7.75],
			"to": [2.5, 14.5, 8.25],
			"faces": {
				"north": {"uv": [2.025, 1.975, 2.475, 1.525], "rotation": 180, "texture": "#layer0"},
				"south": {"uv": [2.025, 1.525, 2.475, 1.975], "texture": "#layer0"}
			}
		},
		{
			"name": "bow_pulling_0_15",
			"from": [2.5, 14, 7.75],
			"to": [3, 14.5, 8.25],
			"faces": {
				"north": {"uv": [2.525, 1.975, 2.975, 1.525], "rotation": 180, "texture": "#layer0"},
				"east": {"uv": [2.525, 1.525, 2.975, 1.975], "texture": "#layer0"},
				"south": {"uv": [2.525, 1.525, 2.975, 1.975], "texture": "#layer0"},
				"up": {"uv": [2.975, 1.525, 2.525, 1.975], "rotation": 180, "texture": "#layer0"}
			}
		},
		{
			"name": "bow_pulling_0_16",
			"from": [11, 14, 7.55],
			"to": [11.5, 14.5, 8.45],
			"faces": {
				"north": {"uv": [11.025, 1.975, 11.475, 1.525], "rotation": 180, "texture": "#layer0"},
				"south": {"uv": [11.025, 1.525, 11.475, 1.975], "texture": "#layer0"},
				"west": {"uv": [11.025, 1.525, 11.475, 1.975], "texture": "#layer0"},
				"up": {"uv": [11.475, 1.525, 11.025, 1.975], "rotation": 180, "texture": "#layer0"}
			}
		},
		{
			"name": "bow_pulling_0_17",
			"from": [11.5, 14, 7.55],
			"to": [12, 14.5, 8.45],
			"faces": {
				"north": {"uv": [11.525, 1.975, 11.975, 1.525], "rotation": 180, "texture": "#layer0"},
				"south": {"uv": [11.525, 1.525, 11.975, 1.975], "texture": "#layer0"},
				"up": {"uv": [11.975, 1.525, 11.525, 1.975], "rotation": 180, "texture": "#layer0"}
			}
		},
		{
			"name": "bow_pulling_0_18",
			"from": [12, 14, 7.55],
			"to": [12.5, 14.5, 8.45],
			"faces": {
				"north": {"uv": [12.025, 1.975, 12.475, 1.525], "rotation": 180, "texture": "#layer0"},
				"south": {"uv": [12.025, 1.525, 12.475, 1.975], "texture": "#layer0"},
				"up": {"uv": [12.475, 1.525, 12.025, 1.975], "rotation": 180, "texture": "#layer0"}
			}
		},
		{
			"name": "bow_pulling_0_19",
			"from": [12.5, 14, 7.55],
			"to": [13, 14.5, 8.45],
			"faces": {
				"north": {"uv": [12.525, 1.975, 12.975, 1.525], "rotation": 180, "texture": "#layer0"},
				"south": {"uv": [12.525, 1.525, 12.975, 1.975], "texture": "#layer0"},
				"up": {"uv": [12.975, 1.525, 12.525, 1.975], "rotation": 180, "texture": "#layer0"}
			}
		},
		{
			"name": "bow_pulling_0_20",
			"from": [13, 14, 7.55],
			"to": [13.5, 14.5, 8.45],
			"faces": {
				"north": {"uv": [13.025, 1.975, 13.475, 1.525], "rotation": 180, "texture": "#layer0"},
				"south": {"uv": [13.025, 1.525, 13.475, 1.975], "texture": "#layer0"},
				"up": {"uv": [13.475, 1.525, 13.025, 1.975], "rotation": 180, "texture": "#layer0"}
			}
		},
		{
			"name": "bow_pulling_0_21",
			"from": [13.5, 14, 7.55],
			"to": [14, 14.5, 8.45],
			"faces": {
				"north": {"uv": [13.525, 1.975, 13.975, 1.525], "rotation": 180, "texture": "#layer0"},
				"south": {"uv": [13.525, 1.525, 13.975, 1.975], "texture": "#layer0"},
				"up": {"uv": [13.975, 1.525, 13.525, 1.975], "rotation": 180, "texture": "#layer0"}
			}
		},
		{
			"name": "bow_pulling_0_22",
			"from": [14, 14, 7.55],
			"to": [14.5, 14.5, 8.45],
			"faces": {
				"north": {"uv": [14.025, 1.975, 14.475, 1.525], "rotation": 180, "texture": "#layer0"},
				"south": {"uv": [14.025, 1.525, 14.475, 1.975], "texture": "#layer0"},
				"up": {"uv": [14.475, 1.525, 14.025, 1.975], "rotation": 180, "texture": "#layer0"}
			}
		},
		{
			"name": "bow_pulling_0_23",
			"from": [14.5, 14, 7.55],
			"to": [15, 14.5, 8.45],
			"faces": {
				"north": {"uv": [14.525, 1.975, 14.975, 1.525], "rotation": 180, "texture": "#layer0"},
				"south": {"uv": [14.525, 1.525, 14.975, 1.975], "texture": "#layer0"},
				"up": {"uv": [14.975, 1.525, 14.525, 1.975], "rotation": 180, "texture": "#layer0"}
			}
		},
		{
			"name": "bow_pulling_0_24",
			"from": [15, 14, 7.55],
			"to": [15.5, 14.5, 8.45],
			"faces": {
				"north": {"uv": [15.025, 1.975, 15.475, 1.525], "rotation": 180, "texture": "#layer0"},
				"south": {"uv": [15.025, 1.525, 15.475, 1.975], "texture": "#layer0"},
				"up": {"uv": [15.475, 1.525, 15.025, 1.975], "rotation": 180, "texture": "#layer0"}
			}
		},
		{
			"name": "bow_pulling_0_25",
			"from": [15.5, 14, 7.55],
			"to": [16, 14.5, 8.45],
			"faces": {
				"north": {"uv": [15.525, 1.975, 15.975, 1.525], "rotation": 180, "texture": "#layer0"},
				"east": {"uv": [15.525, 1.525, 15.975, 1.975], "texture": "#layer0"},
				"south": {"uv": [15.525, 1.525, 15.975, 1.975], "texture": "#layer0"},
				"up": {"uv": [15.975, 1.525, 15.525, 1.975], "rotation": 180, "texture": "#layer0"},
				"down": {"uv": [15.525, 1.525, 15.975, 1.975], "texture": "#layer0"}
			}
		},
		{
			"name": "bow_pulling_0_26",
			"from": [1, 13.5, 7.75],
			"to": [1.5, 14, 8.25],
			"faces": {
				"north": {"uv": [1.025, 2.475, 1.475, 2.025], "rotation": 180, "texture": "#layer0"},
				"east": {"uv": [1.025, 2.025, 1.475, 2.475], "texture": "#layer0"},
				"south": {"uv": [1.025, 2.025, 1.475, 2.475], "texture": "#layer0"},
				"west": {"uv": [1.025, 2.025, 1.475, 2.475], "texture": "#layer0"},
				"down": {"uv": [1.025, 2.025, 1.475, 2.475], "texture": "#layer0"}
			}
		},
		{
			"name": "bow_pulling_0_27",
			"from": [2, 13.5, 7.75],
			"to": [2.5, 14, 8.25],
			"faces": {
				"north": {"uv": [2.025, 2.475, 2.475, 2.025], "rotation": 180, "texture": "#layer0"},
				"south": {"uv": [2.025, 2.025, 2.475, 2.475], "texture": "#layer0"},
				"west": {"uv": [2.025, 2.025, 2.475, 2.475], "texture": "#layer0"},
				"down": {"uv": [2.025, 2.025, 2.475, 2.475], "texture": "#layer0"}
			}
		},
		{
			"name": "bow_pulling_0_28",
			"from": [2.5, 13.5, 7.75],
			"to": [3, 14, 8.25],
			"faces": {
				"north": {"uv": [2.525, 2.475, 2.975, 2.025], "rotation": 180, "texture": "#layer0"},
				"south": {"uv": [2.525, 2.025, 2.975, 2.475], "texture": "#layer0"}
			}
		},
		{
			"name": "bow_pulling_0_29",
			"from": [3, 13.5, 7.75],
			"to": [3.5, 14, 8.25],
			"faces": {
				"north": {"uv": [3.025, 2.475, 3.475, 2.025], "rotation": 180, "texture": "#layer0"},
				"east": {"uv": [3.025, 2.025, 3.475, 2.475], "texture": "#layer0"},
				"south": {"uv": [3.025, 2.025, 3.475, 2.475], "texture": "#layer0"},
				"up": {"uv": [3.475, 2.025, 3.025, 2.475], "rotation": 180, "texture": "#layer0"}
			}
		},
		{
			"name": "bow_pulling_0_30",
			"from": [9.5, 13.5, 7.55],
			"to": [10, 14, 8.45],
			"faces": {
				"north": {"uv": [9.525, 2.475, 9.975, 2.025], "rotation": 180, "texture": "#layer0"},
				"south": {"uv": [9.525, 2.025, 9.975, 2.475], "texture": "#layer0"},
				"west": {"uv": [9.525, 2.025, 9.975, 2.475], "texture": "#layer0"},
				"up": {"uv": [9.975, 2.025, 9.525, 2.475], "rotation": 180, "texture": "#layer0"}
			}
		},
		{
			"name": "bow_pulling_0_31",
			"from": [10, 13.5, 7.55],
			"to": [10.5, 14, 8.45],
			"faces": {
				"north": {"uv": [10.025, 2.475, 10.475, 2.025], "rotation": 180, "texture": "#layer0"},
				"south": {"uv": [10.025, 2.025, 10.475, 2.475], "texture": "#layer0"},
				"up": {"uv": [10.475, 2.025, 10.025, 2.475], "rotation": 180, "texture": "#layer0"}
			}
		},
		{
			"name": "bow_pulling_0_32",
			"from": [10.5, 13.5, 7.55],
			"to": [11, 14, 8.45],
			"faces": {
				"north": {"uv": [10.525, 2.475, 10.975, 2.025], "rotation": 180, "texture": "#layer0"},
				"south": {"uv": [10.525, 2.025, 10.975, 2.475], "texture": "#layer0"},
				"up": {"uv": [10.975, 2.025, 10.525, 2.475], "rotation": 180, "texture": "#layer0"}
			}
		},
		{
			"name": "bow_pulling_0_33",
			"from": [11, 13.5, 7.35],
			"to": [11.5, 14, 8.65],
			"faces": {
				"north": {"uv": [11.025, 2.475, 11.475, 2.025], "rotation": 180, "texture": "#layer0"},
				"south": {"uv": [11.025, 2.025, 11.475, 2.475], "texture": "#layer0"},
				"west": {"uv": [11.025, 2.025, 11.475, 2.475], "texture": "#layer0"},
				"up": {"uv": [11.475, 2.025, 11.025, 2.475], "rotation": 180, "texture": "#layer0"}
			}
		},
		{
			"name": "bow_pulling_0_34",
			"from": [11.5, 13.5, 7.35],
			"to": [12, 14, 8.65],
			"faces": {
				"north": {"uv": [11.525, 2.475, 11.975, 2.025], "rotation": 180, "texture": "#layer0"},
				"south": {"uv": [11.525, 2.025, 11.975, 2.475], "texture": "#layer0"},
				"up": {"uv": [11.975, 2.025, 11.525, 2.475], "rotation": 180, "texture": "#layer0"}
			}
		},
		{
			"name": "bow_pulling_0_35",
			"from": [12, 13.5, 7.35],
			"to": [12.5, 14, 8.65],
			"faces": {
				"north": {"uv": [12.025, 2.475, 12.475, 2.025], "rotation": 180, "texture": "#layer0"},
				"south": {"uv": [12.025, 2.025, 12.475, 2.475], "texture": "#layer0"},
				"up": {"uv": [12.475, 2.025, 12.025, 2.475], "rotation": 180, "texture": "#layer0"}
			}
		},
		{
			"name": "bow_pulling_0_36",
			"from": [12.5, 13.5, 7.35],
			"to": [13, 14, 8.65],
			"faces": {
				"north": {"uv": [12.525, 2.475, 12.975, 2.025], "rotation": 180, "texture": "#layer0"},
				"south": {"uv": [12.525, 2.025, 12.975, 2.475], "texture": "#layer0"},
				"up": {"uv": [12.975, 2.025, 12.525, 2.475], "rotation": 180, "texture": "#layer0"},
				"down": {"uv": [12.525, 2.025, 12.975, 2.475], "texture": "#layer0"}
			}
		},
		{
			"name": "bow_pulling_0_37",
			"from": [13, 13.5, 7.35],
			"to": [13.5, 14, 8.65],
			"faces": {
				"north": {"uv": [13.025, 2.475, 13.475, 2.025], "rotation": 180, "texture": "#layer0"},
				"south": {"uv": [13.025, 2.025, 13.475, 2.475], "texture": "#layer0"},
				"up": {"uv": [13.475, 2.025, 13.025, 2.475], "rotation": 180, "texture": "#layer0"},
				"down": {"uv": [13.025, 2.025, 13.475, 2.475], "texture": "#layer0"}
			}
		},
		{
			"name": "bow_pulling_0_38",
			"from": [13.5, 13.5, 7.35],
			"to": [14, 14, 8.65],
			"faces": {
				"north": {"uv": [13.525, 2.475, 13.975, 2.025], "rotation": 180, "texture": "#layer0"},
				"south": {"uv": [13.525, 2.025, 13.975, 2.475], "texture": "#layer0"},
				"up": {"uv": [13.975, 2.025, 13.525, 2.475], "rotation": 180, "texture": "#layer0"},
				"down": {"uv": [13.525, 2.025, 13.975, 2.475], "texture": "#layer0"}
			}
		},
		{
			"name": "bow_pulling_0_39",
			"from": [14, 13.5, 7.35],
			"to": [14.5, 14, 8.65],
			"faces": {
				"north": {"uv": [14.025, 2.475, 14.475, 2.025], "rotation": 180, "texture": "#layer0"},
				"south": {"uv": [14.025, 2.025, 14.475, 2.475], "texture": "#layer0"},
				"up": {"uv": [14.475, 2.025, 14.025, 2.475], "rotation": 180, "texture": "#layer0"},
				"down": {"uv": [14.025, 2.025, 14.475, 2.475], "texture": "#layer0"}
			}
		},
		{
			"name": "bow_pulling_0_40",
			"from": [14.5, 13.5, 7.35],
			"to": [15, 14, 8.65],
			"faces": {
				"north": {"uv": [14.525, 2.475, 14.975, 2.025], "rotation": 180, "texture": "#layer0"},
				"east": {"uv": [14.525, 2.025, 14.975, 2.475], "texture": "#layer0"},
				"south": {"uv": [14.525, 2.025, 14.975, 2.475], "texture": "#layer0"},
				"up": {"uv": [14.975, 2.025, 14.525, 2.475], "rotation": 180, "texture": "#layer0"},
				"down": {"uv": [14.525, 2.025, 14.975, 2.475], "texture": "#layer0"}
			}
		},
		{
			"name": "bow_pulling_0_41",
			"from": [15, 13.5, 7.55],
			"to": [15.5, 14, 8.45],
			"faces": {
				"north": {"uv": [15.025, 2.475, 15.475, 2.025], "rotation": 180, "texture": "#layer0"},
				"east": {"uv": [15.025, 2.025, 15.475, 2.475], "texture": "#layer0"},
				"south": {"uv": [15.025, 2.025, 15.475, 2.475], "texture": "#layer0"},
				"down": {"uv": [15.025, 2.025, 15.475, 2.475], "texture": "#layer0"}
			}
		},
		{
			"name": "bow_pulling_0_42",
			"from": [2.5, 13, 7.75],
			"to": [3, 13.5, 8.25],
			"faces": {
				"north": {"uv": [2.525, 2.975, 2.975, 2.525], "rotation": 180, "texture": "#layer0"},
				"south": {"uv": [2.525, 2.525, 2.975, 2.975], "texture": "#layer0"},
				"west": {"uv": [2.525, 2.525, 2.975, 2.975], "texture": "#layer0"},
				"down": {"uv": [2.525, 2.525, 2.975, 2.975], "texture": "#layer0"}
			}
		},
		{
			"name": "bow_pulling_0_43",
			"from": [3, 13, 7.75],
			"to": [3.5, 13.5, 8.25],
			"faces": {
				"north": {"uv": [3.025, 2.975, 3.475, 2.525], "rotation": 180, "texture": "#layer0"},
				"south": {"uv": [3.025, 2.525, 3.475, 2.975], "texture": "#layer0"}
			}
		},
		{
			"name": "bow_pulling_0_44",
			"from": [3.5, 13, 7.75],
			"to": [4, 13.5, 8.25],
			"faces": {
				"north": {"uv": [3.525, 2.975, 3.975, 2.525], "rotation": 180, "texture": "#layer0"},
				"east": {"uv": [3.525, 2.525, 3.975, 2.975], "texture": "#layer0"},
				"south": {"uv": [3.525, 2.525, 3.975, 2.975], "texture": "#layer0"},
				"up": {"uv": [3.975, 2.525, 3.525, 2.975], "rotation": 180, "texture": "#layer0"}
			}
		},
		{
			"name": "bow_pulling_0_45",
			"from": [8, 13, 7.55],
			"to": [8.5, 13.5, 8.45],
			"faces": {
				"north": {"uv": [8.025, 2.975, 8.475, 2.525], "rotation": 180, "texture": "#layer0"},
				"south": {"uv": [8.025, 2.525, 8.475, 2.975], "texture": "#layer0"},
				"west": {"uv": [8.025, 2.525, 8.475, 2.975], "texture": "#layer0"},
				"up": {"uv": [8.475, 2.525, 8.025, 2.975], "rotation": 180, "texture": "#layer0"}
			}
		},
		{
			"name": "bow_pulling_0_46",
			"from": [8.5, 13, 7.55],
			"to": [9, 13.5, 8.45],
			"faces": {
				"north": {"uv": [8.525, 2.975, 8.975, 2.525], "rotation": 180, "texture": "#layer0"},
				"south": {"uv": [8.525, 2.525, 8.975, 2.975], "texture": "#layer0"},
				"up": {"uv": [8.975, 2.525, 8.525, 2.975], "rotation": 180, "texture": "#layer0"}
			}
		},
		{
			"name": "bow_pulling_0_47",
			"from": [9, 13, 7.55],
			"to": [9.5, 13.5, 8.45],
			"faces": {
				"north": {"uv": [9.025, 2.975, 9.475, 2.525], "rotation": 180, "texture": "#layer0"},
				"south": {"uv": [9.025, 2.525, 9.475, 2.975], "texture": "#layer0"},
				"up": {"uv": [9.475, 2.525, 9.025, 2.975], "rotation": 180, "texture": "#layer0"}
			}
		},
		{
			"name": "bow_pulling_0_48",
			"from": [9.5, 13, 7.35],
			"to": [10, 13.5, 8.65],
			"faces": {
				"north": {"uv": [9.525, 2.975, 9.975, 2.525], "rotation": 180, "texture": "#layer0"},
				"south": {"uv": [9.525, 2.525, 9.975, 2.975], "texture": "#layer0"},
				"west": {"uv": [9.525, 2.525, 9.975, 2.975], "texture": "#layer0"},
				"up": {"uv": [9.975, 2.525, 9.525, 2.975], "rotation": 180, "texture": "#layer0"}
			}
		},
		{
			"name": "bow_pulling_0_49",
			"from": [10, 13, 7.35],
			"to": [10.5, 13.5, 8.65],
			"faces": {
				"north": {"uv": [10.025, 2.975, 10.475, 2.525], "rotation": 180, "texture": "#layer0"},
				"south": {"uv": [10.025, 2.525, 10.475, 2.975], "texture": "#layer0"},
				"up": {"uv": [10.475, 2.525, 10.025, 2.975], "rotation": 180, "texture": "#layer0"}
			}
		},
		{
			"name": "bow_pulling_0_50",
			"from": [10.5, 13, 7.35],
			"to": [11, 13.5, 8.65],
			"faces": {
				"north": {"uv": [10.525, 2.975, 10.975, 2.525], "rotation": 180, "texture": "#layer0"},
				"south": {"uv": [10.525, 2.525, 10.975, 2.975], "texture": "#layer0"},
				"up": {"uv": [10.975, 2.525, 10.525, 2.975], "rotation": 180, "texture": "#layer0"}
			}
		},
		{
			"name": "bow_pulling_0_51",
			"from": [11, 13, 7.35],
			"to": [11.5, 13.5, 8.65],
			"faces": {
				"north": {"uv": [11.025, 2.975, 11.475, 2.525], "rotation": 180, "texture": "#layer0"},
				"south": {"uv": [11.025, 2.525, 11.475, 2.975], "texture": "#layer0"},
				"down": {"uv": [11.025, 2.525, 11.475, 2.975], "texture": "#layer0"}
			}
		},
		{
			"name": "bow_pulling_0_52",
			"from": [11.5, 13, 7.35],
			"to": [12, 13.5, 8.65],
			"faces": {
				"north": {"uv": [11.525, 2.975, 11.975, 2.525], "rotation": 180, "texture": "#layer0"},
				"south": {"uv": [11.525, 2.525, 11.975, 2.975], "texture": "#layer0"},
				"down": {"uv": [11.525, 2.525, 11.975, 2.975], "texture": "#layer0"}
			}
		},
		{
			"name": "bow_pulling_0_53",
			"from": [12, 13, 7.35],
			"to": [12.5, 13.5, 8.65],
			"faces": {
				"north": {"uv": [12.025, 2.975, 12.475, 2.525], "rotation": 180, "texture": "#layer0"},
				"east": {"uv": [12.025, 2.525, 12.475, 2.975], "texture": "#layer0"},
				"south": {"uv": [12.025, 2.525, 12.475, 2.975], "texture": "#layer0"},
				"down": {"uv": [12.025, 2.525, 12.475, 2.975], "texture": "#layer0"}
			}
		},
		{
			"name": "bow_pulling_0_54",
			"from": [12.5, 13, 7.55],
			"to": [13, 13.5, 8.45],
			"faces": {
				"north": {"uv": [12.525, 2.975, 12.975, 2.525], "rotation": 180, "texture": "#layer0"},
				"south": {"uv": [12.525, 2.525, 12.975, 2.975], "texture": "#layer0"},
				"down": {"uv": [12.525, 2.525, 12.975, 2.975], "texture": "#layer0"}
			}
		},
		{
			"name": "bow_pulling_0_55",
			"from": [13, 13, 7.55],
			"to": [13.5, 13.5, 8.45],
			"faces": {
				"north": {"uv": [13.025, 2.975, 13.475, 2.525], "rotation": 180, "texture": "#layer0"},
				"south": {"uv": [13.025, 2.525, 13.475, 2.975], "texture": "#layer0"},
				"down": {"uv": [13.025, 2.525, 13.475, 2.975], "texture": "#layer0"}
			}
		},
		{
			"name": "bow_pulling_0_56",
			"from": [13.5, 13, 7.55],
			"to": [14, 13.5, 8.45],
			"faces": {
				"north": {"uv": [13.525, 2.975, 13.975, 2.525], "rotation": 180, "texture": "#layer0"},
				"south": {"uv": [13.525, 2.525, 13.975, 2.975], "texture": "#layer0"},
				"down": {"uv": [13.525, 2.525, 13.975, 2.975], "texture": "#layer0"}
			}
		},
		{
			"name": "bow_pulling_0_57",
			"from": [14, 13, 7.55],
			"to": [14.5, 13.5, 8.45],
			"faces": {
				"north": {"uv": [14.025, 2.975, 14.475, 2.525], "rotation": 180, "texture": "#layer0"},
				"south": {"uv": [14.025, 2.525, 14.475, 2.975], "texture": "#layer0"},
				"down": {"uv": [14.025, 2.525, 14.475, 2.975], "texture": "#layer0"}
			}
		},
		{
			"name": "bow_pulling_0_58",
			"from": [14.5, 13, 7.55],
			"to": [15, 13.5, 8.45],
			"faces": {
				"north": {"uv": [14.525, 2.975, 14.975, 2.525], "rotation": 180, "texture": "#layer0"},
				"east": {"uv": [14.525, 2.525, 14.975, 2.975], "texture": "#layer0"},
				"south": {"uv": [14.525, 2.525, 14.975, 2.975], "texture": "#layer0"},
				"down": {"uv": [14.525, 2.525, 14.975, 2.975], "texture": "#layer0"}
			}
		},
		{
			"name": "bow_pulling_0_59",
			"from": [3, 12.5, 7.75],
			"to": [3.5, 13, 8.25],
			"faces": {
				"north": {"uv": [3.025, 3.475, 3.475, 3.025], "rotation": 180, "texture": "#layer0"},
				"south": {"uv": [3.025, 3.025, 3.475, 3.475], "texture": "#layer0"},
				"west": {"uv": [3.025, 3.025, 3.475, 3.475], "texture": "#layer0"},
				"down": {"uv": [3.025, 3.025, 3.475, 3.475], "texture": "#layer0"}
			}
		},
		{
			"name": "bow_pulling_0_60",
			"from": [3.5, 12.5, 7.75],
			"to": [4, 13, 8.25],
			"faces": {
				"north": {"uv": [3.525, 3.475, 3.975, 3.025], "rotation": 180, "texture": "#layer0"},
				"south": {"uv": [3.525, 3.025, 3.975, 3.475], "texture": "#layer0"}
			}
		},
		{
			"name": "bow_pulling_0_61",
			"from": [4, 12.5, 7.75],
			"to": [4.5, 13, 8.25],
			"faces": {
				"north": {"uv": [4.025, 3.475, 4.475, 3.025], "rotation": 180, "texture": "#layer0"},
				"east": {"uv": [4.025, 3.025, 4.475, 3.475], "texture": "#layer0"},
				"south": {"uv": [4.025, 3.025, 4.475, 3.475], "texture": "#layer0"},
				"up": {"uv": [4.475, 3.025, 4.025, 3.475], "rotation": 180, "texture": "#layer0"}
			}
		},
		{
			"name": "bow_pulling_0_62",
			"from": [7, 12.5, 7.55],
			"to": [7.5, 13, 8.45],
			"faces": {
				"north": {"uv": [7.025, 3.475, 7.475, 3.025], "rotation": 180, "texture": "#layer0"},
				"south": {"uv": [7.025, 3.025, 7.475, 3.475], "texture": "#layer0"},
				"west": {"uv": [7.025, 3.025, 7.475, 3.475], "texture": "#layer0"},
				"up": {"uv": [7.475, 3.025, 7.025, 3.475], "rotation": 180, "texture": "#layer0"}
			}
		},
		{
			"name": "bow_pulling_0_63",
			"from": [7.5, 12.5, 7.55],
			"to": [8, 13, 8.45],
			"faces": {
				"north": {"uv": [7.525, 3.475, 7.975, 3.025], "rotation": 180, "texture": "#layer0"},
				"south": {"uv": [7.525, 3.025, 7.975, 3.475], "texture": "#layer0"},
				"up": {"uv": [7.975, 3.025, 7.525, 3.475], "rotation": 180, "texture": "#layer0"}
			}
		},
		{
			"name": "bow_pulling_0_64",
			"from": [8, 12.5, 7.35],
			"to": [8.5, 13, 8.65],
			"faces": {
				"north": {"uv": [8.025, 3.475, 8.475, 3.025], "rotation": 180, "texture": "#layer0"},
				"south": {"uv": [8.025, 3.025, 8.475, 3.475], "texture": "#layer0"},
				"west": {"uv": [8.025, 3.025, 8.475, 3.475], "texture": "#layer0"},
				"up": {"uv": [8.475, 3.025, 8.025, 3.475], "rotation": 180, "texture": "#layer0"}
			}
		},
		{
			"name": "bow_pulling_0_65",
			"from": [8.5, 12.5, 7.35],
			"to": [9, 13, 8.65],
			"faces": {
				"north": {"uv": [8.525, 3.475, 8.975, 3.025], "rotation": 180, "texture": "#layer0"},
				"south": {"uv": [8.525, 3.025, 8.975, 3.475], "texture": "#layer0"},
				"up": {"uv": [8.975, 3.025, 8.525, 3.475], "rotation": 180, "texture": "#layer0"}
			}
		},
		{
			"name": "bow_pulling_0_66",
			"from": [9, 12.5, 7.35],
			"to": [9.5, 13, 8.65],
			"faces": {
				"north": {"uv": [9.025, 3.475, 9.475, 3.025], "rotation": 180, "texture": "#layer0"},
				"south": {"uv": [9.025, 3.025, 9.475, 3.475], "texture": "#layer0"},
				"up": {"uv": [9.475, 3.025, 9.025, 3.475], "rotation": 180, "texture": "#layer0"}
			}
		},
		{
			"name": "bow_pulling_0_67",
			"from": [9.5, 12.5, 7.35],
			"to": [10, 13, 8.65],
			"faces": {
				"north": {"uv": [9.525, 3.475, 9.975, 3.025], "rotation": 180, "texture": "#layer0"},
				"south": {"uv": [9.525, 3.025, 9.975, 3.475], "texture": "#layer0"},
				"down": {"uv": [9.525, 3.025, 9.975, 3.475], "texture": "#layer0"}
			}
		},
		{
			"name": "bow_pulling_0_68",
			"from": [10, 12.5, 7.35],
			"to": [10.5, 13, 8.65],
			"faces": {
				"north": {"uv": [10.025, 3.475, 10.475, 3.025], "rotation": 180, "texture": "#layer0"},
				"south": {"uv": [10.025, 3.025, 10.475, 3.475], "texture": "#layer0"},
				"down": {"uv": [10.025, 3.025, 10.475, 3.475], "texture": "#layer0"}
			}
		},
		{
			"name": "bow_pulling_0_69",
			"from": [10.5, 12.5, 7.35],
			"to": [11, 13, 8.65],
			"faces": {
				"north": {"uv": [10.525, 3.475, 10.975, 3.025], "rotation": 180, "texture": "#layer0"},
				"east": {"uv": [10.525, 3.025, 10.975, 3.475], "texture": "#layer0"},
				"south": {"uv": [10.525, 3.025, 10.975, 3.475], "texture": "#layer0"},
				"down": {"uv": [10.525, 3.025, 10.975, 3.475], "texture": "#layer0"}
			}
		},
		{
			"name": "bow_pulling_0_70",
			"from": [11, 12.5, 7.55],
			"to": [11.5, 13, 8.45],
			"faces": {
				"north": {"uv": [11.025, 3.475, 11.475, 3.025], "rotation": 180, "texture": "#layer0"},
				"south": {"uv": [11.025, 3.025, 11.475, 3.475], "texture": "#layer0"},
				"down": {"uv": [11.025, 3.025, 11.475, 3.475], "texture": "#layer0"}
			}
		},
		{
			"name": "bow_pulling_0_71",
			"from": [11.5, 12.5, 7.55],
			"to": [12, 13, 8.45],
			"faces": {
				"north": {"uv": [11.525, 3.475, 11.975, 3.025], "rotation": 180, "texture": "#layer0"},
				"south": {"uv": [11.525, 3.025, 11.975, 3.475], "texture": "#layer0"},
				"down": {"uv": [11.525, 3.025, 11.975, 3.475], "texture": "#layer0"}
			}
		},
		{
			"name": "bow_pulling_0_72",
			"from": [12, 12.5, 7.55],
			"to": [12.5, 13, 8.45],
			"faces": {
				"north": {"uv": [12.025, 3.475, 12.475, 3.025], "rotation": 180, "texture": "#layer0"},
				"east": {"uv": [12.025, 3.025, 12.475, 3.475], "texture": "#layer0"},
				"south": {"uv": [12.025, 3.025, 12.475, 3.475], "texture": "#layer0"},
				"down": {"uv": [12.025, 3.025, 12.475, 3.475], "texture": "#layer0"}
			}
		},
		{
			"name": "bow_pulling_0_73",
			"from": [14.5, 12.5, 7.75],
			"to": [15, 13, 8.25],
			"faces": {
				"north": {"uv": [14.525, 3.475, 14.975, 3.025], "rotation": 180, "texture": "#layer0"},
				"east": {"uv": [14.525, 3.025, 14.975, 3.475], "texture": "#layer0"},
				"south": {"uv": [14.525, 3.025, 14.975, 3.475], "texture": "#layer0"},
				"west": {"uv": [14.525, 3.025, 14.975, 3.475], "texture": "#layer0"}
			}
		},
		{
			"name": "bow_pulling_0_74",
			"from": [3.5, 12, 7.75],
			"to": [4, 12.5, 8.25],
			"faces": {
				"north": {"uv": [3.525, 3.975, 3.975, 3.525], "rotation": 180, "texture": "#layer0"},
				"south": {"uv": [3.525, 3.525, 3.975, 3.975], "texture": "#layer0"},
				"west": {"uv": [3.525, 3.525, 3.975, 3.975], "texture": "#layer0"},
				"down": {"uv": [3.525, 3.525, 3.975, 3.975], "texture": "#layer0"}
			}
		},
		{
			"name": "bow_pulling_0_75",
			"from": [4, 12, 7.75],
			"to": [4.5, 12.5, 8.25],
			"faces": {
				"north": {"uv": [4.025, 3.975, 4.475, 3.525], "rotation": 180, "texture": "#layer0"},
				"south": {"uv": [4.025, 3.525, 4.475, 3.975], "texture": "#layer0"}
			}
		},
		{
			"name": "bow_pulling_0_76",
			"from": [4.5, 12, 7.75],
			"to": [5, 12.5, 8.25],
			"faces": {
				"north": {"uv": [4.525, 3.975, 4.975, 3.525], "rotation": 180, "texture": "#layer0"},
				"east": {"uv": [4.525, 3.525, 4.975, 3.975], "texture": "#layer0"},
				"south": {"uv": [4.525, 3.525, 4.975, 3.975], "texture": "#layer0"},
				"up": {"uv": [4.975, 3.525, 4.525, 3.975], "rotation": 180, "texture": "#layer0"}
			}
		},
		{
			"name": "bow_pulling_0_78",
			"from": [6.5, 12, 7.55],
			"to": [7, 12.5, 8.45],
			"faces": {
				"north": {"uv": [6.525, 3.975, 6.975, 3.525], "rotation": 180, "texture": "#layer0"},
				"south": {"uv": [6.525, 3.525, 6.975, 3.975], "texture": "#layer0"},
				"west": {"uv": [6.525, 3.525, 6.975, 3.975], "texture": "#layer0"},
				"up": {"uv": [6.975, 3.525, 6.525, 3.975], "rotation": 180, "texture": "#layer0"}
			}
		},
		{
			"name": "bow_pulling_0_79",
			"from": [7, 12, 7.35],
			"to": [7.5, 12.5, 8.65],
			"faces": {
				"north": {"uv": [7.025, 3.975, 7.475, 3.525], "rotation": 180, "texture": "#layer0"},
				"south": {"uv": [7.025, 3.525, 7.475, 3.975], "texture": "#layer0"},
				"west": {"uv": [7.025, 3.525, 7.475, 3.975], "texture": "#layer0"},
				"up": {"uv": [7.475, 3.525, 7.025, 3.975], "rotation": 180, "texture": "#layer0"}
			}
		},
		{
			"name": "bow_pulling_0_80",
			"from": [7.5, 12, 7.35],
			"to": [8, 12.5, 8.65],
			"faces": {
				"north": {"uv": [7.525, 3.975, 7.975, 3.525], "rotation": 180, "texture": "#layer0"},
				"south": {"uv": [7.525, 3.525, 7.975, 3.975], "texture": "#layer0"},
				"up": {"uv": [7.975, 3.525, 7.525, 3.975], "rotation": 180, "texture": "#layer0"}
			}
		},
		{
			"name": "bow_pulling_0_81",
			"from": [8, 12, 7.35],
			"to": [8.5, 12.5, 8.65],
			"faces": {
				"north": {"uv": [8.025, 3.975, 8.475, 3.525], "rotation": 180, "texture": "#layer0"},
				"south": {"uv": [8.025, 3.525, 8.475, 3.975], "texture": "#layer0"}
			}
		},
		{
			"name": "bow_pulling_0_82",
			"from": [8.5, 12, 7.35],
			"to": [9, 12.5, 8.65],
			"faces": {
				"north": {"uv": [8.525, 3.975, 8.975, 3.525], "rotation": 180, "texture": "#layer0"},
				"south": {"uv": [8.525, 3.525, 8.975, 3.975], "texture": "#layer0"},
				"down": {"uv": [8.525, 3.525, 8.975, 3.975], "texture": "#layer0"}
			}
		},
		{
			"name": "bow_pulling_0_83",
			"from": [9, 12, 7.35],
			"to": [9.5, 12.5, 8.65],
			"faces": {
				"north": {"uv": [9.025, 3.975, 9.475, 3.525], "rotation": 180, "texture": "#layer0"},
				"east": {"uv": [9.025, 3.525, 9.475, 3.975], "texture": "#layer0"},
				"south": {"uv": [9.025, 3.525, 9.475, 3.975], "texture": "#layer0"},
				"down": {"uv": [9.025, 3.525, 9.475, 3.975], "texture": "#layer0"}
			}
		},
		{
			"name": "bow_pulling_0_84",
			"from": [9.5, 12, 7.55],
			"to": [10, 12.5, 8.45],
			"faces": {
				"north": {"uv": [9.525, 3.975, 9.975, 3.525], "rotation": 180, "texture": "#layer0"},
				"south": {"uv": [9.525, 3.525, 9.975, 3.975], "texture": "#layer0"},
				"down": {"uv": [9.525, 3.525, 9.975, 3.975], "texture": "#layer0"}
			}
		},
		{
			"name": "bow_pulling_0_85",
			"from": [10, 12, 7.55],
			"to": [10.5, 12.5, 8.45],
			"faces": {
				"north": {"uv": [10.025, 3.975, 10.475, 3.525], "rotation": 180, "texture": "#layer0"},
				"south": {"uv": [10.025, 3.525, 10.475, 3.975], "texture": "#layer0"},
				"down": {"uv": [10.025, 3.525, 10.475, 3.975], "texture": "#layer0"}
			}
		},
		{
			"name": "bow_pulling_0_86",
			"from": [10.5, 12, 7.55],
			"to": [11, 12.5, 8.45],
			"faces": {
				"north": {"uv": [10.525, 3.975, 10.975, 3.525], "rotation": 180, "texture": "#layer0"},
				"east": {"uv": [10.525, 3.525, 10.975, 3.975], "texture": "#layer0"},
				"south": {"uv": [10.525, 3.525, 10.975, 3.975], "texture": "#layer0"},
				"down": {"uv": [10.525, 3.525, 10.975, 3.975], "texture": "#layer0"}
			}
		},
		{
			"name": "bow_pulling_0_87",
			"from": [14.5, 12, 7.75],
			"to": [15, 12.5, 8.25],
			"faces": {
				"north": {"uv": [14.525, 3.975, 14.975, 3.525], "rotation": 180, "texture": "#layer0"},
				"east": {"uv": [14.525, 3.525, 14.975, 3.975], "texture": "#layer0"},
				"south": {"uv": [14.525, 3.525, 14.975, 3.975], "texture": "#layer0"},
				"west": {"uv": [14.525, 3.525, 14.975, 3.975], "texture": "#layer0"},
				"down": {"uv": [14.525, 3.525, 14.975, 3.975], "texture": "#layer0"}
			}
		},
		{
			"name": "bow_pulling_0_88",
			"from": [4, 11.5, 7.75],
			"to": [4.5, 12, 8.25],
			"faces": {
				"north": {"uv": [4.025, 4.475, 4.475, 4.025], "rotation": 180, "texture": "#layer0"},
				"south": {"uv": [4.025, 4.025, 4.475, 4.475], "texture": "#layer0"},
				"west": {"uv": [4.025, 4.025, 4.475, 4.475], "texture": "#layer0"},
				"down": {"uv": [4.025, 4.025, 4.475, 4.475], "texture": "#layer0"}
			}
		},
		{
			"name": "bow_pulling_0_89",
			"from": [4.5, 11.5, 7.75],
			"to": [5, 12, 8.25],
			"faces": {
				"north": {"uv": [4.525, 4.475, 4.975, 4.025], "rotation": 180, "texture": "#layer0"},
				"south": {"uv": [4.525, 4.025, 4.975, 4.475], "texture": "#layer0"}
			}
		},
		{
			"name": "bow_pulling_0_90",
			"from": [5, 11.5, 7.75],
			"to": [5.5, 12, 8.25],
			"faces": {
				"north": {"uv": [5.025, 4.475, 5.475, 4.025], "rotation": 180, "texture": "#layer0"},
				"east": {"uv": [5.025, 4.025, 5.475, 4.475], "texture": "#layer0"},
				"south": {"uv": [5.025, 4.025, 5.475, 4.475], "texture": "#layer0"},
				"up": {"uv": [5.475, 4.025, 5.025, 4.475], "rotation": 180, "texture": "#layer0"}
			}
		},
		{
			"name": "bow_pulling_0_92",
			"from": [6, 11.5, 7.75],
			"to": [6.5, 12, 8.25],
			"faces": {
				"north": {"uv": [6.025, 4.475, 6.475, 4.025], "rotation": 180, "texture": "#layer0"},
				"south": {"uv": [6.025, 4.025, 6.475, 4.475], "texture": "#layer0"},
				"west": {"uv": [6.025, 4.025, 6.475, 4.475], "texture": "#layer0"},
				"up": {"uv": [6.475, 4.025, 6.025, 4.475], "rotation": 180, "texture": "#layer0"}
			}
		},
		{
			"name": "bow_pulling_0_93",
			"from": [6.5, 11.5, 7.35],
			"to": [7, 12, 8.65],
			"faces": {
				"north": {"uv": [6.525, 4.475, 6.975, 4.025], "rotation": 180, "texture": "#layer0"},
				"south": {"uv": [6.525, 4.025, 6.975, 4.475], "texture": "#layer0"},
				"west": {"uv": [6.525, 4.025, 6.975, 4.475], "texture": "#layer0"},
				"up": {"uv": [6.975, 4.025, 6.525, 4.475], "rotation": 180, "texture": "#layer0"},
				"down": {"uv": [6.525, 4.025, 6.975, 4.475], "texture": "#layer0"}
			}
		},
		{
			"name": "bow_pulling_0_94",
			"from": [7, 11.5, 7.35],
			"to": [7.5, 12, 8.65],
			"faces": {
				"north": {"uv": [7.025, 4.475, 7.475, 4.025], "rotation": 180, "texture": "#layer0"},
				"south": {"uv": [7.025, 4.025, 7.475, 4.475], "texture": "#layer0"}
			}
		},
		{
			"name": "bow_pulling_0_95",
			"from": [7.5, 11.5, 7.35],
			"to": [8, 12, 8.65],
			"faces": {
				"north": {"uv": [7.525, 4.475, 7.975, 4.025], "rotation": 180, "texture": "#layer0"},
				"south": {"uv": [7.525, 4.025, 7.975, 4.475], "texture": "#layer0"},
				"down": {"uv": [7.525, 4.025, 7.975, 4.475], "texture": "#layer0"}
			}
		},
		{
			"name": "bow_pulling_0_96",
			"from": [8, 11.5, 7.35],
			"to": [8.5, 12, 8.65],
			"faces": {
				"north": {"uv": [8.025, 4.475, 8.475, 4.025], "rotation": 180, "texture": "#layer0"},
				"east": {"uv": [8.025, 4.025, 8.475, 4.475], "texture": "#layer0"},
				"south": {"uv": [8.025, 4.025, 8.475, 4.475], "texture": "#layer0"},
				"down": {"uv": [8.025, 4.025, 8.475, 4.475], "texture": "#layer0"}
			}
		},
		{
			"name": "bow_pulling_0_97",
			"from": [8.5, 11.5, 7.55],
			"to": [9, 12, 8.45],
			"faces": {
				"north": {"uv": [8.525, 4.475, 8.975, 4.025], "rotation": 180, "texture": "#layer0"},
				"south": {"uv": [8.525, 4.025, 8.975, 4.475], "texture": "#layer0"},
				"down": {"uv": [8.525, 4.025, 8.975, 4.475], "texture": "#layer0"}
			}
		},
		{
			"name": "bow_pulling_0_98",
			"from": [9, 11.5, 7.55],
			"to": [9.5, 12, 8.45],
			"faces": {
				"north": {"uv": [9.025, 4.475, 9.475, 4.025], "rotation": 180, "texture": "#layer0"},
				"east": {"uv": [9.025, 4.025, 9.475, 4.475], "texture": "#layer0"},
				"south": {"uv": [9.025, 4.025, 9.475, 4.475], "texture": "#layer0"},
				"down": {"uv": [9.025, 4.025, 9.475, 4.475], "texture": "#layer0"}
			}
		},
		{
			"name": "bow_pulling_0_99",
			"from": [14, 11.5, 7.75],
			"to": [14.5, 12, 8.25],
			"faces": {
				"north": {"uv": [14.025, 4.475, 14.475, 4.025], "rotation": 180, "texture": "#layer0"},
				"east": {"uv": [14.025, 4.025, 14.475, 4.475], "texture": "#layer0"},
				"south": {"uv": [14.025, 4.025, 14.475, 4.475], "texture": "#layer0"},
				"west": {"uv": [14.025, 4.025, 14.475, 4.475], "texture": "#layer0"},
				"up": {"uv": [14.475, 4.025, 14.025, 4.475], "rotation": 180, "texture": "#layer0"}
			}
		},
		{
			"name": "bow_pulling_0_100",
			"from": [4.5, 11, 7.75],
			"to": [5, 11.5, 8.25],
			"faces": {
				"north": {"uv": [4.525, 4.975, 4.975, 4.525], "rotation": 180, "texture": "#layer0"},
				"south": {"uv": [4.525, 4.525, 4.975, 4.975], "texture": "#layer0"},
				"west": {"uv": [4.525, 4.525, 4.975, 4.975], "texture": "#layer0"},
				"down": {"uv": [4.525, 4.525, 4.975, 4.975], "texture": "#layer0"}
			}
		},
		{
			"name": "bow_pulling_0_101",
			"from": [5, 11, 7.75],
			"to": [5.5, 11.5, 8.25],
			"faces": {
				"north": {"uv": [5.025, 4.975, 5.475, 4.525], "rotation": 180, "texture": "#layer0"},
				"south": {"uv": [5.025, 4.525, 5.475, 4.975], "texture": "#layer0"}
			}
		},
		{
			"name": "bow_pulling_0_102",
			"from": [5.5, 11, 7.75],
			"to": [6, 11.5, 8.25],
			"faces": {
				"north": {"uv": [6.025, 4.025, 6.475, 4.475], "texture": "#layer0"},
				"south": {"uv": [6.025, 4.025, 6.475, 4.475], "texture": "#layer0"},
				"up": {"uv": [6.025, 4.025, 6.475, 4.475], "texture": "#layer0"}
			}
		},
		{
			"name": "bow_pulling_0_103",
			"from": [6, 11, 7.55],
			"to": [6.5, 11.5, 8.45],
			"faces": {
				"north": {"uv": [6.025, 4.975, 6.475, 4.525], "rotation": 180, "texture": "#layer0"},
				"south": {"uv": [6.025, 4.525, 6.475, 4.975], "texture": "#layer0"},
				"west": {"uv": [6.025, 4.525, 6.475, 4.975], "texture": "#layer0"},
				"up": {"uv": [6.475, 4.525, 6.025, 4.975], "rotation": 180, "texture": "#layer0"}
			}
		},
		{
			"name": "bow_pulling_0_104",
			"from": [6.5, 11, 7.55],
			"to": [7, 11.5, 8.45],
			"faces": {
				"north": {"uv": [6.525, 5.025, 6.975, 5.475], "texture": "#layer0"},
				"south": {"uv": [6.525, 5.025, 6.975, 5.475], "texture": "#layer0"}
			}
		},
		{
			"name": "bow_pulling_0_105",
			"from": [7, 11, 7.35],
			"to": [7.5, 11.5, 8.65],
			"faces": {
				"north": {"uv": [7.025, 4.975, 7.475, 4.525], "rotation": 180, "texture": "#layer0"},
				"east": {"uv": [7.025, 4.525, 7.475, 4.975], "texture": "#layer0"},
				"south": {"uv": [7.025, 4.525, 7.475, 4.975], "texture": "#layer0"},
				"west": {"uv": [7.025, 4.525, 7.475, 4.975], "texture": "#layer0"},
				"down": {"uv": [7.025, 4.525, 7.475, 4.975], "texture": "#layer0"}
			}
		},
		{
			"name": "bow_pulling_0_106",
			"from": [7.5, 11, 7.55],
			"to": [8, 11.5, 8.45],
			"faces": {
				"north": {"uv": [7.525, 4.975, 7.975, 4.525], "rotation": 180, "texture": "#layer0"},
				"south": {"uv": [7.525, 4.525, 7.975, 4.975], "texture": "#layer0"},
				"down": {"uv": [7.525, 4.525, 7.975, 4.975], "texture": "#layer0"}
			}
		},
		{
			"name": "bow_pulling_0_107",
			"from": [8, 11, 7.55],
			"to": [8.5, 11.5, 8.45],
			"faces": {
				"north": {"uv": [8.025, 4.975, 8.475, 4.525], "rotation": 180, "texture": "#layer0"},
				"east": {"uv": [8.025, 4.525, 8.475, 4.975], "texture": "#layer0"},
				"south": {"uv": [8.025, 4.525, 8.475, 4.975], "texture": "#layer0"},
				"down": {"uv": [8.025, 4.525, 8.475, 4.975], "texture": "#layer0"}
			}
		},
		{
			"name": "bow_pulling_0_108",
			"from": [14, 11, 7.75],
			"to": [14.5, 11.5, 8.25],
			"faces": {
				"north": {"uv": [14.025, 4.975, 14.475, 4.525], "rotation": 180, "texture": "#layer0"},
				"east": {"uv": [14.025, 4.525, 14.475, 4.975], "texture": "#layer0"},
				"south": {"uv": [14.025, 4.525, 14.475, 4.975], "texture": "#layer0"},
				"west": {"uv": [14.025, 4.525, 14.475, 4.975], "texture": "#layer0"},
				"down": {"uv": [14.025, 4.525, 14.475, 4.975], "texture": "#layer0"}
			}
		},
		{
			"name": "bow_pulling_0_110",
			"from": [5, 10.5, 7.75],
			"to": [5.5, 11, 8.25],
			"faces": {
				"north": {"uv": [6.025, 4.025, 6.475, 4.475], "texture": "#layer0"},
				"south": {"uv": [6.025, 4.025, 6.475, 4.475], "texture": "#layer0"},
				"west": {"uv": [6.025, 4.025, 6.475, 4.475], "texture": "#layer0"}
			}
		},
		{
			"name": "bow_pulling_0_111",
			"from": [5.5, 10.5, 7.55],
			"to": [6, 11, 8.45],
			"faces": {
				"north": {"uv": [6.025, 4.525, 6.475, 4.975], "texture": "#layer0"},
				"south": {"uv": [6.025, 4.525, 6.475, 4.975], "texture": "#layer0"},
				"west": {"uv": [6.025, 4.525, 6.475, 4.975], "texture": "#layer0"},
				"up": {"uv": [6.025, 4.525, 6.475, 4.975], "texture": "#layer0"}
			}
		},
		{
			"name": "bow_pulling_0_112",
			"from": [6, 10.5, 7.55],
			"to": [6.5, 11, 8.45],
			"faces": {
				"north": {"uv": [6.025, 4.525, 6.475, 4.975], "texture": "#layer0"},
				"south": {"uv": [6.025, 4.525, 6.475, 4.975], "texture": "#layer0"}
			}
		},
		{
			"name": "bow_pulling_0_113",
			"from": [6.5, 10.5, 7.55],
			"to": [7, 11, 8.45],
			"faces": {
				"north": {"uv": [6.525, 5.475, 6.975, 5.025], "rotation": 180, "texture": "#layer0"},
				"east": {"uv": [6.525, 5.025, 6.975, 5.475], "texture": "#layer0"},
				"south": {"uv": [6.025, 4.525, 6.475, 4.975], "texture": "#layer0"},
				"down": {"uv": [6.525, 5.025, 6.975, 5.475], "texture": "#layer0"}
			}
		},
		{
			"name": "bow_pulling_0_114",
			"from": [7, 10.5, 7.75],
			"to": [7.5, 11, 8.25],
			"faces": {
				"north": {"uv": [7.025, 5.475, 7.475, 5.025], "rotation": 180, "texture": "#layer0"},
				"east": {"uv": [7.025, 5.025, 7.475, 5.475], "texture": "#layer0"},
				"south": {"uv": [7.025, 5.025, 7.475, 5.475], "texture": "#layer0"},
				"down": {"uv": [7.025, 5.025, 7.475, 5.475], "texture": "#layer0"}
			}
		},
		{
			"name": "bow_pulling_0_115",
			"from": [13.5, 10.5, 7.75],
			"to": [14, 11, 8.25],
			"faces": {
				"north": {"uv": [13.525, 5.475, 13.975, 5.025], "rotation": 180, "texture": "#layer0"},
				"east": {"uv": [13.525, 5.025, 13.975, 5.475], "texture": "#layer0"},
				"south": {"uv": [13.525, 5.025, 13.975, 5.475], "texture": "#layer0"},
				"west": {"uv": [13.525, 5.025, 13.975, 5.475], "texture": "#layer0"},
				"up": {"uv": [13.975, 5.025, 13.525, 5.475], "rotation": 180, "texture": "#layer0"}
			}
		},
		{
			"name": "bow_pulling_0_117",
			"from": [4.5, 10, 7.75],
			"to": [5, 10.5, 8.25],
			"faces": {
				"north": {"uv": [4.525, 5.975, 4.975, 5.525], "rotation": 180, "texture": "#layer0"},
				"south": {"uv": [4.525, 5.525, 4.975, 5.975], "texture": "#layer0"},
				"west": {"uv": [4.525, 5.525, 4.975, 5.975], "texture": "#layer0"},
				"up": {"uv": [4.975, 5.525, 4.525, 5.975], "rotation": 180, "texture": "#layer0"}
			}
		},
		{
			"name": "bow_pulling_0_118",
			"from": [5, 10, 7.55],
			"to": [5.5, 10.5, 8.45],
			"faces": {
				"north": {"uv": [5.025, 5.975, 5.475, 5.525], "rotation": 180, "texture": "#layer0"},
				"south": {"uv": [5.025, 5.525, 5.475, 5.975], "texture": "#layer0"},
				"west": {"uv": [5.025, 5.525, 5.475, 5.975], "texture": "#layer0"},
				"up": {"uv": [5.475, 5.525, 5.025, 5.975], "rotation": 180, "texture": "#layer0"}
			}
		},
		{
			"name": "bow_pulling_0_119",
			"from": [5.5, 10, 7.55],
			"to": [6, 10.5, 8.45],
			"faces": {
				"north": {"uv": [6.025, 4.525, 6.475, 4.975], "texture": "#layer0"},
				"south": {"uv": [6.025, 4.525, 6.475, 4.975], "texture": "#layer0"}
			}
		},
		{
			"name": "bow_pulling_0_120",
			"from": [6, 10, 7.55],
			"to": [6.5, 10.5, 8.45],
			"faces": {
				"north": {"uv": [6.025, 4.525, 6.475, 4.975], "texture": "#layer0"},
				"east": {"uv": [6.025, 4.525, 6.475, 4.975], "texture": "#layer0"},
				"south": {"uv": [6.025, 4.525, 6.475, 4.975], "texture": "#layer0"},
				"down": {"uv": [6.025, 4.525, 6.475, 4.975], "texture": "#layer0"}
			}
		},
		{
			"name": "bow_pulling_0_121",
			"from": [6.5, 10, 7.75],
			"to": [7, 10.5, 8.25],
			"faces": {
				"north": {"uv": [6.025, 4.025, 6.475, 4.475], "texture": "#layer0"},
				"east": {"uv": [6.025, 4.025, 6.475, 4.475], "texture": "#layer0"},
				"south": {"uv": [6.025, 4.025, 6.475, 4.475], "texture": "#layer0"}
			}
		},
		{
			"name": "bow_pulling_0_122",
			"from": [13.5, 10, 7.75],
			"to": [14, 10.5, 8.25],
			"faces": {
				"north": {"uv": [13.525, 5.975, 13.975, 5.525], "rotation": 180, "texture": "#layer0"},
				"east": {"uv": [13.525, 5.525, 13.975, 5.975], "texture": "#layer0"},
				"south": {"uv": [13.525, 5.525, 13.975, 5.975], "texture": "#layer0"},
				"west": {"uv": [13.525, 5.525, 13.975, 5.975], "texture": "#layer0"},
				"down": {"uv": [13.525, 5.525, 13.975, 5.975], "texture": "#layer0"}
			}
		},
		{
			"name": "bow_pulling_0_124",
			"from": [4, 9.5, 7.75],
			"to": [4.5, 10, 8.25],
			"faces": {
				"north": {"uv": [4.025, 6.475, 4.475, 6.025], "rotation": 180, "texture": "#layer0"},
				"south": {"uv": [4.025, 6.025, 4.475, 6.475], "texture": "#layer0"},
				"west": {"uv": [4.025, 6.025, 4.475, 6.475], "texture": "#layer0"},
				"up": {"uv": [4.475, 6.025, 4.025, 6.475], "rotation": 180, "texture": "#layer0"}
			}
		},
		{
			"name": "bow_pulling_0_125",
			"from": [4.5, 9.5, 7.55],
			"to": [5, 10, 8.45],
			"faces": {
				"north": {"uv": [4.525, 6.475, 4.975, 6.025], "rotation": 180, "texture": "#layer0"},
				"south": {"uv": [4.525, 6.025, 4.975, 6.475], "texture": "#layer0"},
				"west": {"uv": [4.525, 6.025, 4.975, 6.475], "texture": "#layer0"},
				"up": {"uv": [4.975, 6.025, 4.525, 6.475], "rotation": 180, "texture": "#layer0"}
			}
		},
		{
			"name": "bow_pulling_0_126",
			"from": [5, 9.5, 7.55],
			"to": [5.5, 10, 8.45],
			"faces": {
				"north": {"uv": [5.025, 6.475, 5.475, 6.025], "rotation": 180, "texture": "#layer0"},
				"south": {"uv": [5.025, 6.025, 5.475, 6.475], "texture": "#layer0"}
			}
		},
		{
			"name": "bow_pulling_0_127",
			"from": [5.5, 9.5, 7.55],
			"to": [6, 10, 8.45],
			"faces": {
				"north": {"uv": [5.525, 6.475, 5.975, 6.025], "rotation": 180, "texture": "#layer0"},
				"east": {"uv": [5.525, 6.025, 5.975, 6.475], "texture": "#layer0"},
				"south": {"uv": [5.525, 6.025, 5.975, 6.475], "texture": "#layer0"},
				"down": {"uv": [5.525, 6.025, 5.975, 6.475], "texture": "#layer0"}
			}
		},
		{
			"name": "bow_pulling_0_128",
			"from": [6, 9.5, 7.75],
			"to": [6.5, 10, 8.25],
			"faces": {
				"north": {"uv": [6.025, 4.025, 6.475, 4.475], "texture": "#layer0"},
				"south": {"uv": [6.025, 4.025, 6.475, 4.475], "texture": "#layer0"},
				"down": {"uv": [6.025, 4.025, 6.475, 4.475], "texture": "#layer0"}
			}
		},
		{
			"name": "bow_pulling_0_129",
			"from": [6.5, 9.5, 7.75],
			"to": [7, 10, 8.25],
			"faces": {
				"north": {"uv": [6.525, 6.475, 6.975, 6.025], "rotation": 180, "texture": "#layer0"},
				"south": {"uv": [6.525, 6.025, 6.975, 6.475], "texture": "#layer0"}
			}
		},
		{
			"name": "bow_pulling_0_130",
			"from": [7, 9.5, 7.75],
			"to": [7.5, 10, 8.25],
			"faces": {
				"north": {"uv": [7.025, 6.475, 7.475, 6.025], "rotation": 180, "texture": "#layer0"},
				"east": {"uv": [7.025, 6.025, 7.475, 6.475], "texture": "#layer0"},
				"south": {"uv": [7.025, 6.025, 7.475, 6.475], "texture": "#layer0"},
				"up": {"uv": [7.475, 6.025, 7.025, 6.475], "rotation": 180, "texture": "#layer0"}
			}
		},
		{
			"name": "bow_pulling_0_131",
			"from": [13, 9.5, 7.75],
			"to": [13.5, 10, 8.25],
			"faces": {
				"north": {"uv": [13.025, 6.475, 13.475, 6.025], "rotation": 180, "texture": "#layer0"},
				"east": {"uv": [13.025, 6.025, 13.475, 6.475], "texture": "#layer0"},
				"south": {"uv": [13.025, 6.025, 13.475, 6.475], "texture": "#layer0"},
				"west": {"uv": [13.025, 6.025, 13.475, 6.475], "texture": "#layer0"},
				"up": {"uv": [13.475, 6.025, 13.025, 6.475], "rotation": 180, "texture": "#layer0"}
			}
		},
		{
			"name": "bow_pulling_0_132",
			"from": [3.5, 9, 7.55],
			"to": [4, 9.5, 8.45],
			"faces": {
				"north": {"uv": [3.525, 6.975, 3.975, 6.525], "rotation": 180, "texture": "#layer0"},
				"south": {"uv": [3.525, 6.525, 3.975, 6.975], "texture": "#layer0"},
				"west": {"uv": [3.525, 6.525, 3.975, 6.975], "texture": "#layer0"},
				"up": {"uv": [3.975, 6.525, 3.525, 6.975], "rotation": 180, "texture": "#layer0"}
			}
		},
		{
			"name": "bow_pulling_0_133",
			"from": [4, 9, 7.35],
			"to": [4.5, 9.5, 8.65],
			"faces": {
				"north": {"uv": [4.025, 6.975, 4.475, 6.525], "rotation": 180, "texture": "#layer0"},
				"east": {"uv": [4.025, 6.525, 4.475, 6.975], "texture": "#layer0"},
				"south": {"uv": [4.025, 6.525, 4.475, 6.975], "texture": "#layer0"},
				"west": {"uv": [4.025, 6.525, 4.475, 6.975], "texture": "#layer0"},
				"up": {"uv": [4.475, 6.525, 4.025, 6.975], "rotation": 180, "texture": "#layer0"}
			}
		},
		{
			"name": "bow_pulling_0_134",
			"from": [4.5, 9, 7.55],
			"to": [5, 9.5, 8.45],
			"faces": {
				"north": {"uv": [4.525, 6.025, 4.975, 6.475], "texture": "#layer0"},
				"south": {"uv": [4.525, 6.025, 4.975, 6.475], "texture": "#layer0"}
			}
		},
		{
			"name": "bow_pulling_0_135",
			"from": [5, 9, 7.55],
			"to": [5.5, 9.5, 8.45],
			"faces": {
				"north": {"uv": [5.025, 6.975, 5.475, 6.525], "rotation": 180, "texture": "#layer0"},
				"east": {"uv": [5.025, 6.525, 5.475, 6.975], "texture": "#layer0"},
				"south": {"uv": [5.025, 6.525, 5.475, 6.975], "texture": "#layer0"},
				"down": {"uv": [5.025, 6.525, 5.475, 6.975], "texture": "#layer0"}
			}
		},
		{
			"name": "bow_pulling_0_136",
			"from": [5.5, 9, 7.75],
			"to": [6, 9.5, 8.25],
			"faces": {
				"north": {"uv": [5.525, 6.975, 5.975, 6.525], "rotation": 180, "texture": "#layer0"},
				"east": {"uv": [5.525, 6.525, 5.975, 6.975], "texture": "#layer0"},
				"south": {"uv": [5.525, 6.525, 5.975, 6.975], "texture": "#layer0"},
				"down": {"uv": [5.525, 6.525, 5.975, 6.975], "texture": "#layer0"}
			}
		},
		{
			"name": "bow_pulling_0_137",
			"from": [6.5, 9, 7.75],
			"to": [7, 9.5, 8.25],
			"faces": {
				"north": {"uv": [6.525, 6.975, 6.975, 6.525], "rotation": 180, "texture": "#layer0"},
				"south": {"uv": [6.525, 6.525, 6.975, 6.975], "texture": "#layer0"},
				"west": {"uv": [6.525, 6.525, 6.975, 6.975], "texture": "#layer0"},
				"down": {"uv": [6.525, 6.525, 6.975, 6.975], "texture": "#layer0"}
			}
		},
		{
			"name": "bow_pulling_0_138",
			"from": [7, 9, 7.75],
			"to": [7.5, 9.5, 8.25],
			"faces": {
				"north": {"uv": [7.025, 6.975, 7.475, 6.525], "rotation": 180, "texture": "#layer0"},
				"south": {"uv": [7.025, 6.525, 7.475, 6.975], "texture": "#layer0"}
			}
		},
		{
			"name": "bow_pulling_0_139",
			"from": [7.5, 9, 7.75],
			"to": [8, 9.5, 8.25],
			"faces": {
				"north": {"uv": [7.525, 6.975, 7.975, 6.525], "rotation": 180, "texture": "#layer0"},
				"east": {"uv": [7.525, 6.525, 7.975, 6.975], "texture": "#layer0"},
				"south": {"uv": [7.525, 6.525, 7.975, 6.975], "texture": "#layer0"},
				"up": {"uv": [7.975, 6.525, 7.525, 6.975], "rotation": 180, "texture": "#layer0"}
			}
		},
		{
			"name": "bow_pulling_0_140",
			"from": [13, 9, 7.75],
			"to": [13.5, 9.5, 8.25],
			"faces": {
				"north": {"uv": [13.025, 6.975, 13.475, 6.525], "rotation": 180, "texture": "#layer0"},
				"east": {"uv": [13.025, 6.525, 13.475, 6.975], "texture": "#layer0"},
				"south": {"uv": [13.025, 6.525, 13.475, 6.975], "texture": "#layer0"},
				"west": {"uv": [13.025, 6.525, 13.475, 6.975], "texture": "#layer0"},
				"down": {"uv": [13.025, 6.525, 13.475, 6.975], "texture": "#layer0"}
			}
		},
		{
			"name": "bow_pulling_0_141",
			"from": [3, 8.5, 7.55],
			"to": [3.5, 9, 8.45],
			"faces": {
				"north": {"uv": [3.025, 7.475, 3.475, 7.025], "rotation": 180, "texture": "#layer0"},
				"south": {"uv": [3.025, 7.025, 3.475, 7.475], "texture": "#layer0"},
				"west": {"uv": [3.025, 7.025, 3.475, 7.475], "texture": "#layer0"},
				"up": {"uv": [3.475, 7.025, 3.025, 7.475], "rotation": 180, "texture": "#layer0"}
			}
		},
		{
			"name": "bow_pulling_0_142",
			"from": [3.5, 8.5, 7.35],
			"to": [4, 9, 8.65],
			"faces": {
				"north": {"uv": [3.525, 7.475, 3.975, 7.025], "rotation": 180, "texture": "#layer0"},
				"south": {"uv": [3.525, 7.025, 3.975, 7.475], "texture": "#layer0"},
				"west": {"uv": [3.525, 7.025, 3.975, 7.475], "texture": "#layer0"},
				"up": {"uv": [3.975, 7.025, 3.525, 7.475], "rotation": 180, "texture": "#layer0"}
			}
		},
		{
			"name": "bow_pulling_0_143",
			"from": [4, 8.5, 7.35],
			"to": [4.5, 9, 8.65],
			"faces": {
				"north": {"uv": [4.025, 7.475, 4.475, 7.025], "rotation": 180, "texture": "#layer0"},
				"south": {"uv": [4.025, 7.025, 4.475, 7.475], "texture": "#layer0"}
			}
		},
		{
			"name": "bow_pulling_0_144",
			"from": [4.5, 8.5, 7.35],
			"to": [5, 9, 8.65],
			"faces": {
				"north": {"uv": [4.525, 7.475, 4.975, 7.025], "rotation": 180, "texture": "#layer0"},
				"east": {"uv": [4.525, 7.025, 4.975, 7.475], "texture": "#layer0"},
				"south": {"uv": [4.525, 7.025, 4.975, 7.475], "texture": "#layer0"},
				"up": {"uv": [4.975, 7.025, 4.525, 7.475], "rotation": 180, "texture": "#layer0"},
				"down": {"uv": [4.525, 7.025, 4.975, 7.475], "texture": "#layer0"}
			}
		},
		{
			"name": "bow_pulling_0_145",
			"from": [5, 8.5, 7.75],
			"to": [5.5, 9, 8.25],
			"faces": {
				"north": {"uv": [5.025, 7.475, 5.475, 7.025], "rotation": 180, "texture": "#layer0"},
				"east": {"uv": [5.025, 7.025, 5.475, 7.475], "texture": "#layer0"},
				"south": {"uv": [5.025, 7.025, 5.475, 7.475], "texture": "#layer0"},
				"down": {"uv": [5.025, 7.025, 5.475, 7.475], "texture": "#layer0"}
			}
		},
		{
			"name": "bow_pulling_0_146",
			"from": [7, 8.5, 7.75],
			"to": [7.5, 9, 8.25],
			"faces": {
				"north": {"uv": [7.025, 7.475, 7.475, 7.025], "rotation": 180, "texture": "#layer0"},
				"south": {"uv": [7.025, 7.025, 7.475, 7.475], "texture": "#layer0"},
				"west": {"uv": [7.025, 7.025, 7.475, 7.475], "texture": "#layer0"},
				"down": {"uv": [7.025, 7.025, 7.475, 7.475], "texture": "#layer0"}
			}
		},
		{
			"name": "bow_pulling_0_147",
			"from": [7.5, 8.5, 7.75],
			"to": [8, 9, 8.25],
			"faces": {
				"north": {"uv": [7.525, 7.475, 7.975, 7.025], "rotation": 180, "texture": "#layer0"},
				"south": {"uv": [7.525, 7.025, 7.975, 7.475], "texture": "#layer0"}
			}
		},
		{
			"name": "bow_pulling_0_148",
			"from": [8, 8.5, 7.75],
			"to": [8.5, 9, 8.25],
			"faces": {
				"north": {"uv": [8.025, 7.475, 8.475, 7.025], "rotation": 180, "texture": "#layer0"},
				"east": {"uv": [8.025, 7.025, 8.475, 7.475], "texture": "#layer0"},
				"south": {"uv": [8.025, 7.025, 8.475, 7.475], "texture": "#layer0"},
				"up": {"uv": [8.475, 7.025, 8.025, 7.475], "rotation": 180, "texture": "#layer0"}
			}
		},
		{
			"name": "bow_pulling_0_149",
			"from": [12.5, 8.5, 7.75],
			"to": [13, 9, 8.25],
			"faces": {
				"north": {"uv": [12.525, 7.475, 12.975, 7.025], "rotation": 180, "texture": "#layer0"},
				"east": {"uv": [12.525, 7.025, 12.975, 7.475], "texture": "#layer0"},
				"south": {"uv": [12.525, 7.025, 12.975, 7.475], "texture": "#layer0"},
				"west": {"uv": [12.525, 7.025, 12.975, 7.475], "texture": "#layer0"},
				"up": {"uv": [12.975, 7.025, 12.525, 7.475], "rotation": 180, "texture": "#layer0"}
			}
		},
		{
			"name": "bow_pulling_0_150",
			"from": [3, 8, 7.55],
			"to": [3.5, 8.5, 8.45],
			"faces": {
				"north": {"uv": [3.025, 7.975, 3.475, 7.525], "rotation": 180, "texture": "#layer0"},
				"south": {"uv": [3.025, 7.525, 3.475, 7.975], "texture": "#layer0"},
				"west": {"uv": [3.025, 7.525, 3.475, 7.975], "texture": "#layer0"}
			}
		},
		{
			"name": "bow_pulling_0_151",
			"from": [3.5, 8, 7.35],
			"to": [4, 8.5, 8.65],
			"faces": {
				"north": {"uv": [3.525, 7.975, 3.975, 7.525], "rotation": 180, "texture": "#layer0"},
				"south": {"uv": [3.525, 7.525, 3.975, 7.975], "texture": "#layer0"},
				"west": {"uv": [3.525, 7.525, 3.975, 7.975], "texture": "#layer0"}
			}
		},
		{
			"name": "bow_pulling_0_152",
			"from": [4, 8, 7.35],
			"to": [4.5, 8.5, 8.65],
			"faces": {
				"north": {"uv": [4.025, 7.975, 4.475, 7.525], "rotation": 180, "texture": "#layer0"},
				"east": {"uv": [4.025, 7.525, 4.475, 7.975], "texture": "#layer0"},
				"south": {"uv": [4.025, 7.525, 4.475, 7.975], "texture": "#layer0"}
			}
		},
		{
			"name": "bow_pulling_0_153",
			"from": [4.5, 8, 7.55],
			"to": [5, 8.5, 8.45],
			"faces": {
				"north": {"uv": [4.525, 7.975, 4.975, 7.525], "rotation": 180, "texture": "#layer0"},
				"east": {"uv": [4.525, 7.525, 4.975, 7.975], "texture": "#layer0"},
				"south": {"uv": [4.525, 7.525, 4.975, 7.975], "texture": "#layer0"}
			}
		},
		{
			"name": "bow_pulling_0_154",
			"from": [7.5, 8, 7.75],
			"to": [8, 8.5, 8.25],
			"faces": {
				"north": {"uv": [7.525, 7.975, 7.975, 7.525], "rotation": 180, "texture": "#layer0"},
				"south": {"uv": [7.525, 7.525, 7.975, 7.975], "texture": "#layer0"},
				"west": {"uv": [7.525, 7.525, 7.975, 7.975], "texture": "#layer0"},
				"down": {"uv": [7.525, 7.525, 7.975, 7.975], "texture": "#layer0"}
			}
		},
		{
			"name": "bow_pulling_0_155",
			"from": [8, 8, 7.75],
			"to": [8.5, 8.5, 8.25],
			"faces": {
				"north": {"uv": [8.025, 7.975, 8.475, 7.525], "rotation": 180, "texture": "#layer0"},
				"south": {"uv": [8.025, 7.525, 8.475, 7.975], "texture": "#layer0"}
			}
		},
		{
			"name": "bow_pulling_0_156",
			"from": [8.5, 8, 7.75],
			"to": [9, 8.5, 8.25],
			"faces": {
				"north": {"uv": [8.525, 7.975, 8.975, 7.525], "rotation": 180, "texture": "#layer0"},
				"east": {"uv": [8.525, 7.525, 8.975, 7.975], "texture": "#layer0"},
				"south": {"uv": [8.525, 7.525, 8.975, 7.975], "texture": "#layer0"},
				"up": {"uv": [8.975, 7.525, 8.525, 7.975], "rotation": 180, "texture": "#layer0"}
			}
		},
		{
			"name": "bow_pulling_0_157",
			"from": [12.5, 8, 7.75],
			"to": [13, 8.5, 8.25],
			"faces": {
				"north": {"uv": [12.525, 7.975, 12.975, 7.525], "rotation": 180, "texture": "#layer0"},
				"east": {"uv": [12.525, 7.525, 12.975, 7.975], "texture": "#layer0"},
				"south": {"uv": [12.525, 7.525, 12.975, 7.975], "texture": "#layer0"},
				"west": {"uv": [12.525, 7.525, 12.975, 7.975], "texture": "#layer0"},
				"down": {"uv": [12.525, 7.525, 12.975, 7.975], "texture": "#layer0"}
			}
		},
		{
			"name": "bow_pulling_0_158",
			"from": [2.5, 7.5, 7.55],
			"to": [3, 8, 8.45],
			"faces": {
				"north": {"uv": [2.525, 8.475, 2.975, 8.025], "rotation": 180, "texture": "#layer0"},
				"south": {"uv": [2.525, 8.025, 2.975, 8.475], "texture": "#layer0"},
				"west": {"uv": [2.525, 8.025, 2.975, 8.475], "texture": "#layer0"},
				"up": {"uv": [2.975, 8.025, 2.525, 8.475], "rotation": 180, "texture": "#layer0"}
			}
		},
		{
			"name": "bow_pulling_0_159",
			"from": [3, 7.5, 7.35],
			"to": [3.5, 8, 8.65],
			"faces": {
				"north": {"uv": [3.025, 8.475, 3.475, 8.025], "rotation": 180, "texture": "#layer0"},
				"south": {"uv": [3.025, 8.025, 3.475, 8.475], "texture": "#layer0"},
				"west": {"uv": [3.025, 8.025, 3.475, 8.475], "texture": "#layer0"},
				"up": {"uv": [3.475, 8.025, 3.025, 8.475], "rotation": 180, "texture": "#layer0"}
			}
		},
		{
			"name": "bow_pulling_0_160",
			"from": [3.5, 7.5, 7.35],
			"to": [4, 8, 8.65],
			"faces": {
				"north": {"uv": [3.525, 8.475, 3.975, 8.025], "rotation": 180, "texture": "#layer0"},
				"south": {"uv": [3.525, 8.025, 3.975, 8.475], "texture": "#layer0"}
			}
		},
		{
			"name": "bow_pulling_0_161",
			"from": [4, 7.5, 7.35],
			"to": [4.5, 8, 8.65],
			"faces": {
				"north": {"uv": [4.025, 8.475, 4.475, 8.025], "rotation": 180, "texture": "#layer0"},
				"east": {"uv": [4.025, 8.025, 4.475, 8.475], "texture": "#layer0"},
				"south": {"uv": [4.025, 8.025, 4.475, 8.475], "texture": "#layer0"},
				"down": {"uv": [4.025, 8.025, 4.475, 8.475], "texture": "#layer0"}
			}
		},
		{
			"name": "bow_pulling_0_162",
			"from": [4.5, 7.5, 7.55],
			"to": [5, 8, 8.45],
			"faces": {
				"north": {"uv": [4.525, 8.475, 4.975, 8.025], "rotation": 180, "texture": "#layer0"},
				"east": {"uv": [4.525, 8.025, 4.975, 8.475], "texture": "#layer0"},
				"south": {"uv": [4.525, 8.025, 4.975, 8.475], "texture": "#layer0"},
				"down": {"uv": [4.525, 8.025, 4.975, 8.475], "texture": "#layer0"}
			}
		},
		{
			"name": "bow_pulling_0_163",
			"from": [8, 7.5, 7.75],
			"to": [8.5, 8, 8.25],
			"faces": {
				"north": {"uv": [8.025, 8.475, 8.475, 8.025], "rotation": 180, "texture": "#layer0"},
				"south": {"uv": [8.025, 8.025, 8.475, 8.475], "texture": "#layer0"},
				"west": {"uv": [8.025, 8.025, 8.475, 8.475], "texture": "#layer0"},
				"down": {"uv": [8.025, 8.025, 8.475, 8.475], "texture": "#layer0"}
			}
		},
		{
			"name": "bow_pulling_0_164",
			"from": [8.5, 7.5, 7.75],
			"to": [9, 8, 8.25],
			"faces": {
				"north": {"uv": [8.525, 8.475, 8.975, 8.025], "rotation": 180, "texture": "#layer0"},
				"south": {"uv": [8.525, 8.025, 8.975, 8.475], "texture": "#layer0"}
			}
		},
		{
			"name": "bow_pulling_0_165",
			"from": [9, 7.5, 7.75],
			"to": [9.5, 8, 8.25],
			"faces": {
				"north": {"uv": [9.025, 8.475, 9.475, 8.025], "rotation": 180, "texture": "#layer0"},
				"east": {"uv": [9.025, 8.025, 9.475, 8.475], "texture": "#layer0"},
				"south": {"uv": [9.025, 8.025, 9.475, 8.475], "texture": "#layer0"},
				"up": {"uv": [9.475, 8.025, 9.025, 8.475], "rotation": 180, "texture": "#layer0"}
			}
		},
		{
			"name": "bow_pulling_0_166",
			"from": [12, 7.5, 7.75],
			"to": [12.5, 8, 8.25],
			"faces": {
				"north": {"uv": [12.025, 8.475, 12.475, 8.025], "rotation": 180, "texture": "#layer0"},
				"east": {"uv": [12.025, 8.025, 12.475, 8.475], "texture": "#layer0"},
				"south": {"uv": [12.025, 8.025, 12.475, 8.475], "texture": "#layer0"},
				"west": {"uv": [12.025, 8.025, 12.475, 8.475], "texture": "#layer0"},
				"up": {"uv": [12.475, 8.025, 12.025, 8.475], "rotation": 180, "texture": "#layer0"}
			}
		},
		{
			"name": "bow_pulling_0_167",
			"from": [2.5, 7, 7.55],
			"to": [3, 7.5, 8.45],
			"faces": {
				"north": {"uv": [2.525, 8.975, 2.975, 8.525], "rotation": 180, "texture": "#layer0"},
				"south": {"uv": [2.525, 8.525, 2.975, 8.975], "texture": "#layer0"},
				"west": {"uv": [2.525, 8.525, 2.975, 8.975], "texture": "#layer0"}
			}
		},
		{
			"name": "bow_pulling_0_168",
			"from": [3, 7, 7.35],
			"to": [3.5, 7.5, 8.65],
			"faces": {
				"north": {"uv": [3.025, 8.975, 3.475, 8.525], "rotation": 180, "texture": "#layer0"},
				"south": {"uv": [3.025, 8.525, 3.475, 8.975], "texture": "#layer0"},
				"west": {"uv": [3.025, 8.525, 3.475, 8.975], "texture": "#layer0"}
			}
		},
		{
			"name": "bow_pulling_0_169",
			"from": [3.5, 7, 7.35],
			"to": [4, 7.5, 8.65],
			"faces": {
				"north": {"uv": [3.525, 8.975, 3.975, 8.525], "rotation": 180, "texture": "#layer0"},
				"east": {"uv": [3.525, 8.525, 3.975, 8.975], "texture": "#layer0"},
				"south": {"uv": [3.525, 8.525, 3.975, 8.975], "texture": "#layer0"}
			}
		},
		{
			"name": "bow_pulling_0_170",
			"from": [4, 7, 7.55],
			"to": [4.5, 7.5, 8.45],
			"faces": {
				"north": {"uv": [4.025, 8.975, 4.475, 8.525], "rotation": 180, "texture": "#layer0"},
				"east": {"uv": [4.025, 8.525, 4.475, 8.975], "texture": "#layer0"},
				"south": {"uv": [4.025, 8.525, 4.475, 8.975], "texture": "#layer0"}
			}
		},
		{
			"name": "bow_pulling_0_171",
			"from": [8.5, 7, 7.75],
			"to": [9, 7.5, 8.25],
			"faces": {
				"north": {"uv": [8.525, 8.975, 8.975, 8.525], "rotation": 180, "texture": "#layer0"},
				"south": {"uv": [8.525, 8.525, 8.975, 8.975], "texture": "#layer0"},
				"west": {"uv": [8.525, 8.525, 8.975, 8.975], "texture": "#layer0"},
				"down": {"uv": [8.525, 8.525, 8.975, 8.975], "texture": "#layer0"}
			}
		},
		{
			"name": "bow_pulling_0_172",
			"from": [9, 7, 7.75],
			"to": [9.5, 7.5, 8.25],
			"faces": {
				"north": {"uv": [9.025, 8.975, 9.475, 8.525], "rotation": 180, "texture": "#layer0"},
				"south": {"uv": [9.025, 8.525, 9.475, 8.975], "texture": "#layer0"}
			}
		},
		{
			"name": "bow_pulling_0_173",
			"from": [9.5, 7, 7.75],
			"to": [10, 7.5, 8.25],
			"faces": {
				"north": {"uv": [9.525, 8.975, 9.975, 8.525], "rotation": 180, "texture": "#layer0"},
				"east": {"uv": [9.525, 8.525, 9.975, 8.975], "texture": "#layer0"},
				"south": {"uv": [9.525, 8.525, 9.975, 8.975], "texture": "#layer0"},
				"up": {"uv": [9.975, 8.525, 9.525, 8.975], "rotation": 180, "texture": "#layer0"}
			}
		},
		{
			"name": "bow_pulling_0_174",
			"from": [12, 7, 7.75],
			"to": [12.5, 7.5, 8.25],
			"faces": {
				"north": {"uv": [12.025, 8.975, 12.475, 8.525], "rotation": 180, "texture": "#layer0"},
				"east": {"uv": [12.025, 8.525, 12.475, 8.975], "texture": "#layer0"},
				"south": {"uv": [12.025, 8.525, 12.475, 8.975], "texture": "#layer0"},
				"west": {"uv": [12.025, 8.525, 12.475, 8.975], "texture": "#layer0"},
				"down": {"uv": [12.025, 8.525, 12.475, 8.975], "texture": "#layer0"}
			}
		},
		{
			"name": "bow_pulling_0_175",
			"from": [2.5, 6.5, 7.55],
			"to": [3, 7, 8.45],
			"faces": {
				"north": {"uv": [2.525, 9.475, 2.975, 9.025], "rotation": 180, "texture": "#layer0"},
				"south": {"uv": [2.525, 9.025, 2.975, 9.475], "texture": "#layer0"},
				"west": {"uv": [2.525, 9.025, 2.975, 9.475], "texture": "#layer0"}
			}
		},
		{
			"name": "bow_pulling_0_176",
			"from": [3, 6.5, 7.35],
			"to": [3.5, 7, 8.65],
			"faces": {
				"north": {"uv": [3.025, 9.475, 3.475, 9.025], "rotation": 180, "texture": "#layer0"},
				"south": {"uv": [3.025, 9.025, 3.475, 9.475], "texture": "#layer0"},
				"west": {"uv": [3.025, 9.025, 3.475, 9.475], "texture": "#layer0"}
			}
		},
		{
			"name": "bow_pulling_0_177",
			"from": [3.5, 6.5, 7.35],
			"to": [4, 7, 8.65],
			"faces": {
				"north": {"uv": [3.525, 9.475, 3.975, 9.025], "rotation": 180, "texture": "#layer0"},
				"east": {"uv": [3.525, 9.025, 3.975, 9.475], "texture": "#layer0"},
				"south": {"uv": [3.525, 9.025, 3.975, 9.475], "texture": "#layer0"},
				"down": {"uv": [3.525, 9.025, 3.975, 9.475], "texture": "#layer0"}
			}
		},
		{
			"name": "bow_pulling_0_178",
			"from": [4, 6.5, 7.55],
			"to": [4.5, 7, 8.45],
			"faces": {
				"north": {"uv": [4.025, 9.475, 4.475, 9.025], "rotation": 180, "texture": "#layer0"},
				"east": {"uv": [4.025, 9.025, 4.475, 9.475], "texture": "#layer0"},
				"south": {"uv": [4.025, 9.025, 4.475, 9.475], "texture": "#layer0"},
				"down": {"uv": [4.025, 9.025, 4.475, 9.475], "texture": "#layer0"}
			}
		},
		{
			"name": "bow_pulling_0_179",
			"from": [9, 6.5, 7.75],
			"to": [9.5, 7, 8.25],
			"faces": {
				"north": {"uv": [9.025, 9.475, 9.475, 9.025], "rotation": 180, "texture": "#layer0"},
				"south": {"uv": [9.025, 9.025, 9.475, 9.475], "texture": "#layer0"},
				"west": {"uv": [9.025, 9.025, 9.475, 9.475], "texture": "#layer0"},
				"down": {"uv": [9.025, 9.025, 9.475, 9.475], "texture": "#layer0"}
			}
		},
		{
			"name": "bow_pulling_0_180",
			"from": [9.5, 6.5, 7.75],
			"to": [10, 7, 8.25],
			"faces": {
				"north": {"uv": [9.525, 9.475, 9.975, 9.025], "rotation": 180, "texture": "#layer0"},
				"south": {"uv": [9.525, 9.025, 9.975, 9.475], "texture": "#layer0"}
			}
		},
		{
			"name": "bow_pulling_0_181",
			"from": [10, 6.5, 7.75],
			"to": [10.5, 7, 8.25],
			"faces": {
				"north": {"uv": [10.025, 9.475, 10.475, 9.025], "rotation": 180, "texture": "#layer0"},
				"east": {"uv": [10.025, 9.025, 10.475, 9.475], "texture": "#layer0"},
				"south": {"uv": [10.025, 9.025, 10.475, 9.475], "texture": "#layer0"},
				"up": {"uv": [10.475, 9.025, 10.025, 9.475], "rotation": 180, "texture": "#layer0"}
			}
		},
		{
			"name": "bow_pulling_0_182",
			"from": [11.5, 6.5, 7.75],
			"to": [12, 7, 8.25],
			"faces": {
				"north": {"uv": [11.525, 9.475, 11.975, 9.025], "rotation": 180, "texture": "#layer0"},
				"east": {"uv": [11.525, 9.025, 11.975, 9.475], "texture": "#layer0"},
				"south": {"uv": [11.525, 9.025, 11.975, 9.475], "texture": "#layer0"},
				"west": {"uv": [11.525, 9.025, 11.975, 9.475], "texture": "#layer0"},
				"up": {"uv": [11.975, 9.025, 11.525, 9.475], "rotation": 180, "texture": "#layer0"}
			}
		},
		{
			"name": "bow_pulling_0_183",
			"from": [2, 6, 7.55],
			"to": [2.5, 6.5, 8.45],
			"faces": {
				"north": {"uv": [2.025, 9.975, 2.475, 9.525], "rotation": 180, "texture": "#layer0"},
				"south": {"uv": [2.025, 9.525, 2.475, 9.975], "texture": "#layer0"},
				"west": {"uv": [2.025, 9.525, 2.475, 9.975], "texture": "#layer0"},
				"up": {"uv": [2.475, 9.525, 2.025, 9.975], "rotation": 180, "texture": "#layer0"}
			}
		},
		{
			"name": "bow_pulling_0_184",
			"from": [2.5, 6, 7.35],
			"to": [3, 6.5, 8.65],
			"faces": {
				"north": {"uv": [2.525, 9.975, 2.975, 9.525], "rotation": 180, "texture": "#layer0"},
				"south": {"uv": [2.525, 9.525, 2.975, 9.975], "texture": "#layer0"},
				"west": {"uv": [2.525, 9.525, 2.975, 9.975], "texture": "#layer0"},
				"up": {"uv": [2.975, 9.525, 2.525, 9.975], "rotation": 180, "texture": "#layer0"}
			}
		},
		{
			"name": "bow_pulling_0_185",
			"from": [3, 6, 7.35],
			"to": [3.5, 6.5, 8.65],
			"faces": {
				"north": {"uv": [3.025, 9.975, 3.475, 9.525], "rotation": 180, "texture": "#layer0"},
				"east": {"uv": [3.025, 9.525, 3.475, 9.975], "texture": "#layer0"},
				"south": {"uv": [3.025, 9.525, 3.475, 9.975], "texture": "#layer0"}
			}
		},
		{
			"name": "bow_pulling_0_186",
			"from": [3.5, 6, 7.55],
			"to": [4, 6.5, 8.45],
			"faces": {
				"north": {"uv": [3.525, 9.975, 3.975, 9.525], "rotation": 180, "texture": "#layer0"},
				"east": {"uv": [3.525, 9.525, 3.975, 9.975], "texture": "#layer0"},
				"south": {"uv": [3.525, 9.525, 3.975, 9.975], "texture": "#layer0"}
			}
		},
		{
			"name": "bow_pulling_0_187",
			"from": [9.5, 6, 7.75],
			"to": [10, 6.5, 8.25],
			"faces": {
				"north": {"uv": [9.525, 9.975, 9.975, 9.525], "rotation": 180, "texture": "#layer0"},
				"south": {"uv": [9.525, 9.525, 9.975, 9.975], "texture": "#layer0"},
				"west": {"uv": [9.525, 9.525, 9.975, 9.975], "texture": "#layer0"},
				"down": {"uv": [9.525, 9.525, 9.975, 9.975], "texture": "#layer0"}
			}
		},
		{
			"name": "bow_pulling_0_188",
			"from": [10, 6, 7.75],
			"to": [10.5, 6.5, 8.25],
			"faces": {
				"north": {"uv": [10.025, 9.975, 10.475, 9.525], "rotation": 180, "texture": "#layer0"},
				"south": {"uv": [10.025, 9.525, 10.475, 9.975], "texture": "#layer0"}
			}
		},
		{
			"name": "bow_pulling_0_189",
			"from": [10.5, 6, 7.75],
			"to": [11, 6.5, 8.25],
			"faces": {
				"north": {"uv": [10.525, 9.975, 10.975, 9.525], "rotation": 180, "texture": "#layer0"},
				"east": {"uv": [10.525, 9.525, 10.975, 9.975], "texture": "#layer0"},
				"south": {"uv": [10.525, 9.525, 10.975, 9.975], "texture": "#layer0"},
				"up": {"uv": [10.975, 9.525, 10.525, 9.975], "rotation": 180, "texture": "#layer0"}
			}
		},
		{
			"name": "bow_pulling_0_190",
			"from": [11.5, 6, 7.75],
			"to": [12, 6.5, 8.25],
			"faces": {
				"north": {"uv": [11.525, 9.975, 11.975, 9.525], "rotation": 180, "texture": "#layer0"},
				"east": {"uv": [11.525, 9.525, 11.975, 9.975], "texture": "#layer0"},
				"south": {"uv": [11.525, 9.525, 11.975, 9.975], "texture": "#layer0"},
				"west": {"uv": [11.525, 9.525, 11.975, 9.975], "texture": "#layer0"},
				"down": {"uv": [11.525, 9.525, 11.975, 9.975], "texture": "#layer0"}
			}
		},
		{
			"name": "bow_pulling_0_191",
			"from": [2, 5.5, 7.55],
			"to": [2.5, 6, 8.45],
			"faces": {
				"north": {"uv": [2.025, 10.475, 2.475, 10.025], "rotation": 180, "texture": "#layer0"},
				"south": {"uv": [2.025, 10.025, 2.475, 10.475], "texture": "#layer0"},
				"west": {"uv": [2.025, 10.025, 2.475, 10.475], "texture": "#layer0"}
			}
		},
		{
			"name": "bow_pulling_0_192",
			"from": [2.5, 5.5, 7.35],
			"to": [3, 6, 8.65],
			"faces": {
				"north": {"uv": [2.525, 10.475, 2.975, 10.025], "rotation": 180, "texture": "#layer0"},
				"south": {"uv": [2.525, 10.025, 2.975, 10.475], "texture": "#layer0"},
				"west": {"uv": [2.525, 10.025, 2.975, 10.475], "texture": "#layer0"}
			}
		},
		{
			"name": "bow_pulling_0_193",
			"from": [3, 5.5, 7.35],
			"to": [3.5, 6, 8.65],
			"faces": {
				"north": {"uv": [3.025, 10.475, 3.475, 10.025], "rotation": 180, "texture": "#layer0"},
				"east": {"uv": [3.025, 10.025, 3.475, 10.475], "texture": "#layer0"},
				"south": {"uv": [3.025, 10.025, 3.475, 10.475], "texture": "#layer0"}
			}
		},
		{
			"name": "bow_pulling_0_194",
			"from": [3.5, 5.5, 7.55],
			"to": [4, 6, 8.45],
			"faces": {
				"north": {"uv": [3.525, 10.475, 3.975, 10.025], "rotation": 180, "texture": "#layer0"},
				"east": {"uv": [3.525, 10.025, 3.975, 10.475], "texture": "#layer0"},
				"south": {"uv": [3.525, 10.025, 3.975, 10.475], "texture": "#layer0"}
			}
		},
		{
			"name": "bow_pulling_0_195",
			"from": [10, 5.5, 7.75],
			"to": [10.5, 6, 8.25],
			"faces": {
				"north": {"uv": [10.025, 10.475, 10.475, 10.025], "rotation": 180, "texture": "#layer0"},
				"south": {"uv": [10.025, 10.025, 10.475, 10.475], "texture": "#layer0"},
				"west": {"uv": [10.025, 10.025, 10.475, 10.475], "texture": "#layer0"},
				"down": {"uv": [10.025, 10.025, 10.475, 10.475], "texture": "#layer0"}
			}
		},
		{
			"name": "bow_pulling_0_196",
			"from": [10.5, 5.5, 7.75],
			"to": [11, 6, 8.25],
			"faces": {
				"north": {"uv": [10.525, 10.475, 10.975, 10.025], "rotation": 180, "texture": "#layer0"},
				"south": {"uv": [10.525, 10.025, 10.975, 10.475], "texture": "#layer0"}
			}
		},
		{
			"name": "bow_pulling_0_197",
			"from": [11, 5.5, 7.75],
			"to": [11.5, 6, 8.25],
			"faces": {
				"north": {"uv": [11.025, 10.475, 11.475, 10.025], "rotation": 180, "texture": "#layer0"},
				"east": {"uv": [11.025, 10.025, 11.475, 10.475], "texture": "#layer0"},
				"south": {"uv": [11.025, 10.025, 11.475, 10.475], "texture": "#layer0"},
				"up": {"uv": [11.475, 10.025, 11.025, 10.475], "rotation": 180, "texture": "#layer0"},
				"down": {"uv": [11.025, 10.025, 11.475, 10.475], "texture": "#layer0"}
			}
		},
		{
			"name": "bow_pulling_0_198",
			"from": [2, 5, 7.55],
			"to": [2.5, 5.5, 8.45],
			"faces": {
				"north": {"uv": [2.025, 10.975, 2.475, 10.525], "rotation": 180, "texture": "#layer0"},
				"south": {"uv": [2.025, 10.525, 2.475, 10.975], "texture": "#layer0"},
				"west": {"uv": [2.025, 10.525, 2.475, 10.975], "texture": "#layer0"}
			}
		},
		{
			"name": "bow_pulling_0_199",
			"from": [2.5, 5, 7.35],
			"to": [3, 5.5, 8.65],
			"faces": {
				"north": {"uv": [2.525, 10.975, 2.975, 10.525], "rotation": 180, "texture": "#layer0"},
				"south": {"uv": [2.525, 10.525, 2.975, 10.975], "texture": "#layer0"},
				"west": {"uv": [2.525, 10.525, 2.975, 10.975], "texture": "#layer0"}
			}
		},
		{
			"name": "bow_pulling_0_200",
			"from": [3, 5, 7.35],
			"to": [3.5, 5.5, 8.65],
			"faces": {
				"north": {"uv": [3.025, 10.975, 3.475, 10.525], "rotation": 180, "texture": "#layer0"},
				"east": {"uv": [3.025, 10.525, 3.475, 10.975], "texture": "#layer0"},
				"south": {"uv": [3.025, 10.525, 3.475, 10.975], "texture": "#layer0"},
				"down": {"uv": [3.025, 10.525, 3.475, 10.975], "texture": "#layer0"}
			}
		},
		{
			"name": "bow_pulling_0_201",
			"from": [3.5, 5, 7.55],
			"to": [4, 5.5, 8.45],
			"faces": {
				"north": {"uv": [3.525, 10.975, 3.975, 10.525], "rotation": 180, "texture": "#layer0"},
				"east": {"uv": [3.525, 10.525, 3.975, 10.975], "texture": "#layer0"},
				"south": {"uv": [3.525, 10.525, 3.975, 10.975], "texture": "#layer0"},
				"down": {"uv": [3.525, 10.525, 3.975, 10.975], "texture": "#layer0"}
			}
		},
		{
			"name": "bow_pulling_0_202",
			"from": [10.5, 5, 7.75],
			"to": [11, 5.5, 8.25],
			"faces": {
				"north": {"uv": [10.525, 10.975, 10.975, 10.525], "rotation": 180, "texture": "#layer0"},
				"east": {"uv": [10.525, 10.525, 10.975, 10.975], "texture": "#layer0"},
				"south": {"uv": [10.525, 10.525, 10.975, 10.975], "texture": "#layer0"},
				"west": {"uv": [10.525, 10.525, 10.975, 10.975], "texture": "#layer0"},
				"down": {"uv": [10.525, 10.525, 10.975, 10.975], "texture": "#layer0"}
			}
		},
		{
			"name": "bow_pulling_0_203",
			"from": [1.5, 4.5, 7.55],
			"to": [2, 5, 8.45],
			"faces": {
				"north": {"uv": [1.525, 11.475, 1.975, 11.025], "rotation": 180, "texture": "#layer0"},
				"south": {"uv": [1.525, 11.025, 1.975, 11.475], "texture": "#layer0"},
				"west": {"uv": [1.525, 11.025, 1.975, 11.475], "texture": "#layer0"},
				"up": {"uv": [1.975, 11.025, 1.525, 11.475], "rotation": 180, "texture": "#layer0"}
			}
		},
		{
			"name": "bow_pulling_0_204",
			"from": [2, 4.5, 7.35],
			"to": [2.5, 5, 8.65],
			"faces": {
				"north": {"uv": [2.025, 11.475, 2.475, 11.025], "rotation": 180, "texture": "#layer0"},
				"south": {"uv": [2.025, 11.025, 2.475, 11.475], "texture": "#layer0"},
				"west": {"uv": [2.025, 11.025, 2.475, 11.475], "texture": "#layer0"},
				"up": {"uv": [2.475, 11.025, 2.025, 11.475], "rotation": 180, "texture": "#layer0"}
			}
		},
		{
			"name": "bow_pulling_0_205",
			"from": [2.5, 4.5, 7.35],
			"to": [3, 5, 8.65],
			"faces": {
				"north": {"uv": [2.525, 11.475, 2.975, 11.025], "rotation": 180, "texture": "#layer0"},
				"east": {"uv": [2.525, 11.025, 2.975, 11.475], "texture": "#layer0"},
				"south": {"uv": [2.525, 11.025, 2.975, 11.475], "texture": "#layer0"}
			}
		},
		{
			"name": "bow_pulling_0_206",
			"from": [3, 4.5, 7.55],
			"to": [3.5, 5, 8.45],
			"faces": {
				"north": {"uv": [3.025, 11.475, 3.475, 11.025], "rotation": 180, "texture": "#layer0"},
				"east": {"uv": [3.025, 11.025, 3.475, 11.475], "texture": "#layer0"},
				"south": {"uv": [3.025, 11.025, 3.475, 11.475], "texture": "#layer0"}
			}
		},
		{
			"name": "bow_pulling_0_207",
			"from": [9.5, 4.5, 7.75],
			"to": [10, 5, 8.25],
			"faces": {
				"north": {"uv": [9.525, 11.475, 9.975, 11.025], "rotation": 180, "texture": "#layer0"},
				"south": {"uv": [9.525, 11.025, 9.975, 11.475], "texture": "#layer0"},
				"west": {"uv": [9.525, 11.025, 9.975, 11.475], "texture": "#layer0"},
				"up": {"uv": [9.975, 11.025, 9.525, 11.475], "rotation": 180, "texture": "#layer0"},
				"down": {"uv": [9.525, 11.025, 9.975, 11.475], "texture": "#layer0"}
			}
		},
		{
			"name": "bow_pulling_0_208",
			"from": [10, 4.5, 7.75],
			"to": [10.5, 5, 8.25],
			"faces": {
				"north": {"uv": [10.025, 11.475, 10.475, 11.025], "rotation": 180, "texture": "#layer0"},
				"east": {"uv": [10.025, 11.025, 10.475, 11.475], "texture": "#layer0"},
				"south": {"uv": [10.025, 11.025, 10.475, 11.475], "texture": "#layer0"},
				"up": {"uv": [10.475, 11.025, 10.025, 11.475], "rotation": 180, "texture": "#layer0"},
				"down": {"uv": [10.025, 11.025, 10.475, 11.475], "texture": "#layer0"}
			}
		},
		{
			"name": "bow_pulling_0_209",
			"from": [1.5, 4, 7.55],
			"to": [2, 4.5, 8.45],
			"faces": {
				"north": {"uv": [1.525, 11.975, 1.975, 11.525], "rotation": 180, "texture": "#layer0"},
				"south": {"uv": [1.525, 11.525, 1.975, 11.975], "texture": "#layer0"},
				"west": {"uv": [1.525, 11.525, 1.975, 11.975], "texture": "#layer0"}
			}
		},
		{
			"name": "bow_pulling_0_210",
			"from": [2, 4, 7.35],
			"to": [2.5, 4.5, 8.65],
			"faces": {
				"north": {"uv": [2.025, 11.975, 2.475, 11.525], "rotation": 180, "texture": "#layer0"},
				"south": {"uv": [2.025, 11.525, 2.475, 11.975], "texture": "#layer0"},
				"west": {"uv": [2.025, 11.525, 2.475, 11.975], "texture": "#layer0"}
			}
		},
		{
			"name": "bow_pulling_0_211",
			"from": [2.5, 4, 7.35],
			"to": [3, 4.5, 8.65],
			"faces": {
				"north": {"uv": [2.525, 11.975, 2.975, 11.525], "rotation": 180, "texture": "#layer0"},
				"east": {"uv": [2.525, 11.525, 2.975, 11.975], "texture": "#layer0"},
				"south": {"uv": [2.525, 11.525, 2.975, 11.975], "texture": "#layer0"}
			}
		},
		{
			"name": "bow_pulling_0_212",
			"from": [3, 4, 7.55],
			"to": [3.5, 4.5, 8.45],
			"faces": {
				"north": {"uv": [3.025, 11.975, 3.475, 11.525], "rotation": 180, "texture": "#layer0"},
				"east": {"uv": [3.025, 11.525, 3.475, 11.975], "texture": "#layer0"},
				"south": {"uv": [3.025, 11.525, 3.475, 11.975], "texture": "#layer0"}
			}
		},
		{
			"name": "bow_pulling_0_213",
			"from": [8.5, 4, 7.75],
			"to": [9, 4.5, 8.25],
			"faces": {
				"north": {"uv": [8.525, 11.975, 8.975, 11.525], "rotation": 180, "texture": "#layer0"},
				"south": {"uv": [8.525, 11.525, 8.975, 11.975], "texture": "#layer0"},
				"west": {"uv": [8.525, 11.525, 8.975, 11.975], "texture": "#layer0"},
				"up": {"uv": [8.975, 11.525, 8.525, 11.975], "rotation": 180, "texture": "#layer0"},
				"down": {"uv": [8.525, 11.525, 8.975, 11.975], "texture": "#layer0"}
			}
		},
		{
			"name": "bow_pulling_0_214",
			"from": [9, 4, 7.75],
			"to": [9.5, 4.5, 8.25],
			"faces": {
				"north": {"uv": [9.025, 11.975, 9.475, 11.525], "rotation": 180, "texture": "#layer0"},
				"east": {"uv": [9.025, 11.525, 9.475, 11.975], "texture": "#layer0"},
				"south": {"uv": [9.025, 11.525, 9.475, 11.975], "texture": "#layer0"},
				"up": {"uv": [9.475, 11.525, 9.025, 11.975], "rotation": 180, "texture": "#layer0"},
				"down": {"uv": [9.025, 11.525, 9.475, 11.975], "texture": "#layer0"}
			}
		},
		{
			"name": "bow_pulling_0_215",
			"from": [1.5, 3.5, 7.55],
			"to": [2, 4, 8.45],
			"faces": {
				"north": {"uv": [1.525, 12.475, 1.975, 12.025], "rotation": 180, "texture": "#layer0"},
				"south": {"uv": [1.525, 12.025, 1.975, 12.475], "texture": "#layer0"},
				"west": {"uv": [1.525, 12.025, 1.975, 12.475], "texture": "#layer0"}
			}
		},
		{
			"name": "bow_pulling_0_216",
			"from": [2, 3.5, 7.35],
			"to": [2.5, 4, 8.65],
			"faces": {
				"north": {"uv": [2.025, 12.475, 2.475, 12.025], "rotation": 180, "texture": "#layer0"},
				"south": {"uv": [2.025, 12.025, 2.475, 12.475], "texture": "#layer0"},
				"west": {"uv": [2.025, 12.025, 2.475, 12.475], "texture": "#layer0"}
			}
		},
		{
			"name": "bow_pulling_0_217",
			"from": [2.5, 3.5, 7.35],
			"to": [3, 4, 8.65],
			"faces": {
				"north": {"uv": [2.525, 12.475, 2.975, 12.025], "rotation": 180, "texture": "#layer0"},
				"east": {"uv": [2.525, 12.025, 2.975, 12.475], "texture": "#layer0"},
				"south": {"uv": [2.525, 12.025, 2.975, 12.475], "texture": "#layer0"},
				"down": {"uv": [2.525, 12.025, 2.975, 12.475], "texture": "#layer0"}
			}
		},
		{
			"name": "bow_pulling_0_218",
			"from": [3, 3.5, 7.55],
			"to": [3.5, 4, 8.45],
			"faces": {
				"north": {"uv": [3.025, 12.475, 3.475, 12.025], "rotation": 180, "texture": "#layer0"},
				"east": {"uv": [3.025, 12.025, 3.475, 12.475], "texture": "#layer0"},
				"south": {"uv": [3.025, 12.025, 3.475, 12.475], "texture": "#layer0"},
				"down": {"uv": [3.025, 12.025, 3.475, 12.475], "texture": "#layer0"}
			}
		},
		{
			"name": "bow_pulling_0_219",
			"from": [7.5, 3.5, 7.75],
			"to": [8, 4, 8.25],
			"faces": {
				"north": {"uv": [7.525, 12.475, 7.975, 12.025], "rotation": 180, "texture": "#layer0"},
				"south": {"uv": [7.525, 12.025, 7.975, 12.475], "texture": "#layer0"},
				"west": {"uv": [7.525, 12.025, 7.975, 12.475], "texture": "#layer0"},
				"up": {"uv": [7.975, 12.025, 7.525, 12.475], "rotation": 180, "texture": "#layer0"},
				"down": {"uv": [7.525, 12.025, 7.975, 12.475], "texture": "#layer0"}
			}
		},
		{
			"name": "bow_pulling_0_220",
			"from": [8, 3.5, 7.75],
			"to": [8.5, 4, 8.25],
			"faces": {
				"north": {"uv": [8.025, 12.475, 8.475, 12.025], "rotation": 180, "texture": "#layer0"},
				"east": {"uv": [8.025, 12.025, 8.475, 12.475], "texture": "#layer0"},
				"south": {"uv": [8.025, 12.025, 8.475, 12.475], "texture": "#layer0"},
				"up": {"uv": [8.475, 12.025, 8.025, 12.475], "rotation": 180, "texture": "#layer0"},
				"down": {"uv": [8.025, 12.025, 8.475, 12.475], "texture": "#layer0"}
			}
		},
		{
			"name": "bow_pulling_0_221",
			"from": [1.5, 3, 7.55],
			"to": [2, 3.5, 8.45],
			"faces": {
				"north": {"uv": [1.525, 12.975, 1.975, 12.525], "rotation": 180, "texture": "#layer0"},
				"south": {"uv": [1.525, 12.525, 1.975, 12.975], "texture": "#layer0"},
				"west": {"uv": [1.525, 12.525, 1.975, 12.975], "texture": "#layer0"}
			}
		},
		{
			"name": "bow_pulling_0_222",
			"from": [2, 3, 7.35],
			"to": [2.5, 3.5, 8.65],
			"faces": {
				"north": {"uv": [2.025, 12.975, 2.475, 12.525], "rotation": 180, "texture": "#layer0"},
				"east": {"uv": [2.025, 12.525, 2.475, 12.975], "texture": "#layer0"},
				"south": {"uv": [2.025, 12.525, 2.475, 12.975], "texture": "#layer0"},
				"west": {"uv": [2.025, 12.525, 2.475, 12.975], "texture": "#layer0"}
			}
		},
		{
			"name": "bow_pulling_0_223",
			"from": [2.5, 3, 7.55],
			"to": [3, 3.5, 8.45],
			"faces": {
				"north": {"uv": [2.525, 12.975, 2.975, 12.525], "rotation": 180, "texture": "#layer0"},
				"east": {"uv": [2.525, 12.525, 2.975, 12.975], "texture": "#layer0"},
				"south": {"uv": [2.525, 12.525, 2.975, 12.975], "texture": "#layer0"}
			}
		},
		{
			"name": "bow_pulling_0_224",
			"from": [6.5, 3, 7.75],
			"to": [7, 3.5, 8.25],
			"faces": {
				"north": {"uv": [6.525, 12.975, 6.975, 12.525], "rotation": 180, "texture": "#layer0"},
				"south": {"uv": [6.525, 12.525, 6.975, 12.975], "texture": "#layer0"},
				"west": {"uv": [6.525, 12.525, 6.975, 12.975], "texture": "#layer0"},
				"up": {"uv": [6.975, 12.525, 6.525, 12.975], "rotation": 180, "texture": "#layer0"},
				"down": {"uv": [6.525, 12.525, 6.975, 12.975], "texture": "#layer0"}
			}
		},
		{
			"name": "bow_pulling_0_225",
			"from": [7, 3, 7.75],
			"to": [7.5, 3.5, 8.25],
			"faces": {
				"north": {"uv": [7.025, 12.975, 7.475, 12.525], "rotation": 180, "texture": "#layer0"},
				"east": {"uv": [7.025, 12.525, 7.475, 12.975], "texture": "#layer0"},
				"south": {"uv": [7.025, 12.525, 7.475, 12.975], "texture": "#layer0"},
				"up": {"uv": [7.475, 12.525, 7.025, 12.975], "rotation": 180, "texture": "#layer0"},
				"down": {"uv": [7.025, 12.525, 7.475, 12.975], "texture": "#layer0"}
			}
		},
		{
			"name": "bow_pulling_0_226",
			"from": [1.5, 2.5, 7.55],
			"to": [2, 3, 8.45],
			"faces": {
				"north": {"uv": [1.525, 13.475, 1.975, 13.025], "rotation": 180, "texture": "#layer0"},
				"south": {"uv": [1.525, 13.025, 1.975, 13.475], "texture": "#layer0"},
				"west": {"uv": [1.525, 13.025, 1.975, 13.475], "texture": "#layer0"}
			}
		},
		{
			"name": "bow_pulling_0_227",
			"from": [2, 2.5, 7.35],
			"to": [2.5, 3, 8.65],
			"faces": {
				"north": {"uv": [2.025, 13.475, 2.475, 13.025], "rotation": 180, "texture": "#layer0"},
				"east": {"uv": [2.025, 13.025, 2.475, 13.475], "texture": "#layer0"},
				"south": {"uv": [2.025, 13.025, 2.475, 13.475], "texture": "#layer0"},
				"west": {"uv": [2.025, 13.025, 2.475, 13.475], "texture": "#layer0"}
			}
		},
		{
			"name": "bow_pulling_0_228",
			"from": [2.5, 2.5, 7.55],
			"to": [3, 3, 8.45],
			"faces": {
				"north": {"uv": [2.525, 13.475, 2.975, 13.025], "rotation": 180, "texture": "#layer0"},
				"east": {"uv": [2.525, 13.025, 2.975, 13.475], "texture": "#layer0"},
				"south": {"uv": [2.525, 13.025, 2.975, 13.475], "texture": "#layer0"}
			}
		},
		{
			"name": "bow_pulling_0_229",
			"from": [5.5, 2.5, 7.75],
			"to": [6, 3, 8.25],
			"faces": {
				"north": {"uv": [5.525, 13.475, 5.975, 13.025], "rotation": 180, "texture": "#layer0"},
				"south": {"uv": [5.525, 13.025, 5.975, 13.475], "texture": "#layer0"},
				"west": {"uv": [5.525, 13.025, 5.975, 13.475], "texture": "#layer0"},
				"up": {"uv": [5.975, 13.025, 5.525, 13.475], "rotation": 180, "texture": "#layer0"},
				"down": {"uv": [5.525, 13.025, 5.975, 13.475], "texture": "#layer0"}
			}
		},
		{
			"name": "bow_pulling_0_230",
			"from": [6, 2.5, 7.75],
			"to": [6.5, 3, 8.25],
			"faces": {
				"north": {"uv": [6.025, 13.475, 6.475, 13.025], "rotation": 180, "texture": "#layer0"},
				"east": {"uv": [6.025, 13.025, 6.475, 13.475], "texture": "#layer0"},
				"south": {"uv": [6.025, 13.025, 6.475, 13.475], "texture": "#layer0"},
				"up": {"uv": [6.475, 13.025, 6.025, 13.475], "rotation": 180, "texture": "#layer0"},
				"down": {"uv": [6.025, 13.025, 6.475, 13.475], "texture": "#layer0"}
			}
		},
		{
			"name": "bow_pulling_0_231",
			"from": [1.5, 2, 7.55],
			"to": [2, 2.5, 8.45],
			"faces": {
				"north": {"uv": [1.525, 13.975, 1.975, 13.525], "rotation": 180, "texture": "#layer0"},
				"south": {"uv": [1.525, 13.525, 1.975, 13.975], "texture": "#layer0"},
				"west": {"uv": [1.525, 13.525, 1.975, 13.975], "texture": "#layer0"}
			}
		},
		{
			"name": "bow_pulling_0_232",
			"from": [2, 2, 7.35],
			"to": [2.5, 2.5, 8.65],
			"faces": {
				"north": {"uv": [2.025, 13.975, 2.475, 13.525], "rotation": 180, "texture": "#layer0"},
				"east": {"uv": [2.025, 13.525, 2.475, 13.975], "texture": "#layer0"},
				"south": {"uv": [2.025, 13.525, 2.475, 13.975], "texture": "#layer0"},
				"west": {"uv": [2.025, 13.525, 2.475, 13.975], "texture": "#layer0"}
			}
		},
		{
			"name": "bow_pulling_0_233",
			"from": [2.5, 2, 7.55],
			"to": [3, 2.5, 8.45],
			"faces": {
				"north": {"uv": [2.525, 13.975, 2.975, 13.525], "rotation": 180, "texture": "#layer0"},
				"east": {"uv": [2.525, 13.525, 2.975, 13.975], "texture": "#layer0"},
				"south": {"uv": [2.525, 13.525, 2.975, 13.975], "texture": "#layer0"}
			}
		},
		{
			"name": "bow_pulling_0_234",
			"from": [4.5, 2, 7.75],
			"to": [5, 2.5, 8.25],
			"faces": {
				"north": {"uv": [4.525, 13.975, 4.975, 13.525], "rotation": 180, "texture": "#layer0"},
				"south": {"uv": [4.525, 13.525, 4.975, 13.975], "texture": "#layer0"},
				"west": {"uv": [4.525, 13.525, 4.975, 13.975], "texture": "#layer0"},
				"up": {"uv": [4.975, 13.525, 4.525, 13.975], "rotation": 180, "texture": "#layer0"},
				"down": {"uv": [4.525, 13.525, 4.975, 13.975], "texture": "#layer0"}
			}
		},
		{
			"name": "bow_pulling_0_235",
			"from": [5, 2, 7.75],
			"to": [5.5, 2.5, 8.25],
			"faces": {
				"north": {"uv": [5.025, 13.975, 5.475, 13.525], "rotation": 180, "texture": "#layer0"},
				"east": {"uv": [5.025, 13.525, 5.475, 13.975], "texture": "#layer0"},
				"south": {"uv": [5.025, 13.525, 5.475, 13.975], "texture": "#layer0"},
				"up": {"uv": [5.475, 13.525, 5.025, 13.975], "rotation": 180, "texture": "#layer0"},
				"down": {"uv": [5.025, 13.525, 5.475, 13.975], "texture": "#layer0"}
			}
		},
		{
			"name": "bow_pulling_0_236",
			"from": [1.5, 1.5, 7.55],
			"to": [2, 2, 8.45],
			"faces": {
				"north": {"uv": [1.525, 14.475, 1.975, 14.025], "rotation": 180, "texture": "#layer0"},
				"south": {"uv": [1.525, 14.025, 1.975, 14.475], "texture": "#layer0"},
				"west": {"uv": [1.525, 14.025, 1.975, 14.475], "texture": "#layer0"}
			}
		},
		{
			"name": "bow_pulling_0_237",
			"from": [2, 1.5, 7.35],
			"to": [2.5, 2, 8.65],
			"faces": {
				"north": {"uv": [2.025, 14.475, 2.475, 14.025], "rotation": 180, "texture": "#layer0"},
				"east": {"uv": [2.025, 14.025, 2.475, 14.475], "texture": "#layer0"},
				"south": {"uv": [2.025, 14.025, 2.475, 14.475], "texture": "#layer0"},
				"west": {"uv": [2.025, 14.025, 2.475, 14.475], "texture": "#layer0"}
			}
		},
		{
			"name": "bow_pulling_0_238",
			"from": [2.5, 1.5, 7.55],
			"to": [3, 2, 8.45],
			"faces": {
				"north": {"uv": [2.525, 14.475, 2.975, 14.025], "rotation": 180, "texture": "#layer0"},
				"east": {"uv": [2.525, 14.025, 2.975, 14.475], "texture": "#layer0"},
				"south": {"uv": [2.525, 14.025, 2.975, 14.475], "texture": "#layer0"}
			}
		},
		{
			"name": "bow_pulling_0_239",
			"from": [3.5, 1.5, 7.75],
			"to": [4, 2, 8.25],
			"faces": {
				"north": {"uv": [3.525, 14.475, 3.975, 14.025], "rotation": 180, "texture": "#layer0"},
				"south": {"uv": [3.525, 14.025, 3.975, 14.475], "texture": "#layer0"},
				"west": {"uv": [3.525, 14.025, 3.975, 14.475], "texture": "#layer0"},
				"up": {"uv": [3.975, 14.025, 3.525, 14.475], "rotation": 180, "texture": "#layer0"},
				"down": {"uv": [3.525, 14.025, 3.975, 14.475], "texture": "#layer0"}
			}
		},
		{
			"name": "bow_pulling_0_240",
			"from": [4, 1.5, 7.75],
			"to": [4.5, 2, 8.25],
			"faces": {
				"north": {"uv": [4.025, 14.475, 4.475, 14.025], "rotation": 180, "texture": "#layer0"},
				"east": {"uv": [4.025, 14.025, 4.475, 14.475], "texture": "#layer0"},
				"south": {"uv": [4.025, 14.025, 4.475, 14.475], "texture": "#layer0"},
				"up": {"uv": [4.475, 14.025, 4.025, 14.475], "rotation": 180, "texture": "#layer0"},
				"down": {"uv": [4.025, 14.025, 4.475, 14.475], "texture": "#layer0"}
			}
		},
		{
			"name": "bow_pulling_0_241",
			"from": [1.5, 1, 7.55],
			"to": [2, 1.5, 8.45],
			"faces": {
				"north": {"uv": [1.525, 14.975, 1.975, 14.525], "rotation": 180, "texture": "#layer0"},
				"south": {"uv": [1.525, 14.525, 1.975, 14.975], "texture": "#layer0"},
				"west": {"uv": [1.525, 14.525, 1.975, 14.975], "texture": "#layer0"}
			}
		},
		{
			"name": "bow_pulling_0_242",
			"from": [2, 1, 7.35],
			"to": [2.5, 1.5, 8.65],
			"faces": {
				"north": {"uv": [2.025, 14.975, 2.475, 14.525], "rotation": 180, "texture": "#layer0"},
				"east": {"uv": [2.025, 14.525, 2.475, 14.975], "texture": "#layer0"},
				"south": {"uv": [2.025, 14.525, 2.475, 14.975], "texture": "#layer0"},
				"west": {"uv": [2.025, 14.525, 2.475, 14.975], "texture": "#layer0"},
				"down": {"uv": [2.025, 14.525, 2.475, 14.975], "texture": "#layer0"}
			}
		},
		{
			"name": "bow_pulling_0_243",
			"from": [2.5, 1, 7.55],
			"to": [3, 1.5, 8.45],
			"faces": {
				"north": {"uv": [2.525, 14.975, 2.975, 14.525], "rotation": 180, "texture": "#layer0"},
				"east": {"uv": [2.525, 14.525, 2.975, 14.975], "texture": "#layer0"},
				"south": {"uv": [2.525, 14.525, 2.975, 14.975], "texture": "#layer0"},
				"down": {"uv": [2.525, 14.525, 2.975, 14.975], "texture": "#layer0"}
			}
		},
		{
			"name": "bow_pulling_0_244",
			"from": [3, 1, 7.75],
			"to": [3.5, 1.5, 8.25],
			"faces": {
				"north": {"uv": [3.025, 14.975, 3.475, 14.525], "rotation": 180, "texture": "#layer0"},
				"east": {"uv": [3.025, 14.525, 3.475, 14.975], "texture": "#layer0"},
				"south": {"uv": [3.025, 14.525, 3.475, 14.975], "texture": "#layer0"},
				"up": {"uv": [3.475, 14.525, 3.025, 14.975], "rotation": 180, "texture": "#layer0"},
				"down": {"uv": [3.025, 14.525, 3.475, 14.975], "texture": "#layer0"}
			}
		},
		{
			"name": "bow_pulling_0_245",
			"from": [1.5, 0.5, 7.55],
			"to": [2, 1, 8.45],
			"faces": {
				"north": {"uv": [1.525, 15.475, 1.975, 15.025], "rotation": 180, "texture": "#layer0"},
				"south": {"uv": [1.525, 15.025, 1.975, 15.475], "texture": "#layer0"},
				"west": {"uv": [1.525, 15.025, 1.975, 15.475], "texture": "#layer0"}
			}
		},
		{
			"name": "bow_pulling_0_246",
			"from": [2, 0.5, 7.55],
			"to": [2.5, 1, 8.45],
			"faces": {
				"north": {"uv": [2.025, 15.475, 2.475, 15.025], "rotation": 180, "texture": "#layer0"},
				"east": {"uv": [2.025, 15.025, 2.475, 15.475], "texture": "#layer0"},
				"south": {"uv": [2.025, 15.025, 2.475, 15.475], "texture": "#layer0"},
				"down": {"uv": [2.025, 15.025, 2.475, 15.475], "texture": "#layer0"}
			}
		},
		{
			"name": "bow_pulling_0_247",
			"from": [1.5, 0, 7.55],
			"to": [2, 0.5, 8.45],
			"faces": {
				"north": {"uv": [1.525, 15.975, 1.975, 15.525], "rotation": 180, "texture": "#layer0"},
				"east": {"uv": [1.525, 15.525, 1.975, 15.975], "texture": "#layer0"},
				"south": {"uv": [1.525, 15.525, 1.975, 15.975], "texture": "#layer0"},
				"west": {"uv": [1.525, 15.525, 1.975, 15.975], "texture": "#layer0"},
				"down": {"uv": [1.525, 15.525, 1.975, 15.975], "texture": "#layer0"}
			}
		}
	],
	"groups": [
		{
			"name": "bow_pulling_0",
			"origin": [8, 8, 8],
			"children": [0, 1, 2, 3, 4, 5, 6, 7, 8, 9, 10, 11, 12, 13, 14, 15, 16, 17, 18, 19, 20, 21, 22, 23, 24, 25, 26, 27, 28, 29, 30, 31, 32, 33, 34, 35, 36, 37, 38, 39, 40, 41, 42, 43, 44, 45, 46, 47, 48, 49, 50, 51, 52, 53, 54, 55, 56, 57, 58, 59, 60, 61, 62, 63, 64, 65, 66, 67, 68, 69, 70, 71, 72, 73, 74, 75, 76, 77, 78, 79, 80, 81, 82, 83, 84, 85, 86, 87, 88, 89, 90, 91, 92, 93, 94, 95, 96, 97, 98, 99, 100, 101, 102, 103, 104, 105, 106, 107, 108, 109, 110, 111, 112, 113, 114, 115, 116, 117, 118, 119, 120, 121, 122, 123, 124, 125, 126, 127, 128, 129, 130, 131, 132, 133, 134, 135, 136, 137, 138, 139, 140, 141, 142, 143, 144, 145, 146, 147, 148, 149, 150, 151, 152, 153, 154, 155, 156, 157, 158, 159, 160, 161, 162, 163, 164, 165, 166, 167, 168, 169, 170, 171, 172, 173, 174, 175, 176, 177, 178, 179, 180, 181, 182, 183, 184, 185, 186, 187, 188, 189, 190, 191, 192, 193, 194, 195, 196, 197, 198, 199, 200, 201, 202, 203, 204, 205, 206, 207, 208, 209, 210, 211, 212, 213, 214, 215, 216, 217, 218, 219, 220, 221, 222, 223, 224, 225, 226, 227, 228, 229, 230, 231, 232, 233, 234, 235, 236, 237, 238, 239, 240, 241, 242]
		}
	]
}