{
	"credit": "Made with Blockbench by Juknum",
	"parent": "item/golden_helmet",
	"texture_size": [128, 64],
	"textures": {
		"layer0": "models/armor/leather_layer_1",
		"layer1": "models/armor/leather_layer_1_overlay"
	},
	"elements": [
		{
			"from": [0, 8, 0],
			"to": [1, 16, 16],
			"faces": {
				"north": {"uv": [3.875, 4, 4, 6], "texture": "#layer0", "tintindex": 0},
				"east": {"uv": [0, 4, 2, 6], "texture": "#layer0", "tintindex": 0},
				"south": {"uv": [5.875, 4, 6, 6], "texture": "#layer0", "tintindex": 0},
				"west": {"uv": [4, 4, 6, 6], "texture": "#layer0", "tintindex": 0},
				"up": {"uv": [3.875, 0, 4, 4], "texture": "#layer0", "tintindex": 0},
				"down": {"uv": [4, 5.75, 6, 6], "rotation": 270, "texture": "#layer0", "tintindex": 0}
			}
		},
		{
			"from": [15, 8, 0],
			"to": [16, 16, 16],
			"rotation": {"angle": 0, "axis": "y", "origin": [23, 8, 8]},
			"faces": {
				"north": {"uv": [3.875, 4, 4, 6], "texture": "#layer0", "tintindex": 0},
				"east": {"uv": [0, 4, 2, 6], "texture": "#layer0", "tintindex": 0},
				"south": {"uv": [5.875, 4, 6, 6], "texture": "#layer0", "tintindex": 0},
				"west": {"uv": [4, 4, 6, 6], "texture": "#layer0", "tintindex": 0},
				"up": {"uv": [3.875, 0, 4, 4], "texture": "#layer0", "tintindex": 0},
				"down": {"uv": [4, 5.75, 6, 6], "rotation": 270, "texture": "#layer0", "tintindex": 0}
			}
		},
		{
			"from": [15, 7, 7],
			"to": [16, 8, 15],
			"rotation": {"angle": 0, "axis": "y", "origin": [23, 0, 7]},
			"faces": {
				"north": {"uv": [1, 6, 1.125, 6.25], "texture": "#layer0", "tintindex": 0},
				"east": {"uv": [0.125, 6, 1.125, 6.25], "texture": "#layer0", "tintindex": 0},
				"west": {"uv": [0.125, 6, 1.125, 6.25], "rotation": 180, "texture": "#layer0", "tintindex": 0},
				"down": {"uv": [0.125, 6, 1.125, 6.25], "rotation": 90, "texture": "#layer0", "tintindex": 0}
			}
		},
		{
			"from": [15, 6, 8],
			"to": [16, 7, 15],
			"rotation": {"angle": 0, "axis": "y", "origin": [23, -1, 7]},
			"faces": {
				"north": {"uv": [1, 6, 1.125, 6.25], "texture": "#layer0", "tintindex": 0},
				"east": {"uv": [0.125, 6.25, 1, 6.5], "texture": "#layer0", "tintindex": 0},
				"west": {"uv": [0.125, 6.25, 1, 6.5], "texture": "#layer0", "tintindex": 0},
				"down": {"uv": [0.125, 6.25, 1, 6.5], "rotation": 270, "texture": "#layer0", "tintindex": 0}
			}
		},
		{
			"from": [0, 6, 8],
			"to": [1, 7, 15],
			"rotation": {"angle": 0, "axis": "y", "origin": [8, -1, 7]},
			"faces": {
				"north": {"uv": [1, 6, 1.125, 6.25], "texture": "#layer0", "tintindex": 0},
				"east": {"uv": [0.125, 6.25, 1, 6.5], "texture": "#layer0", "tintindex": 0},
				"west": {"uv": [0.125, 6.25, 1, 6.5], "texture": "#layer0", "tintindex": 0},
				"down": {"uv": [0.125, 6.25, 1, 6.5], "rotation": 270, "texture": "#layer0", "tintindex": 0}
			}
		},
		{
			"from": [0, 7, 7],
			"to": [1, 8, 15],
			"rotation": {"angle": 0, "axis": "y", "origin": [8, 0, 7]},
			"faces": {
				"north": {"uv": [1, 6, 1.125, 6.25], "texture": "#layer0", "tintindex": 0},
				"east": {"uv": [0.125, 6, 1.125, 6.25], "texture": "#layer0", "tintindex": 0},
				"west": {"uv": [0.125, 6, 1.125, 6.25], "rotation": 180, "texture": "#layer0", "tintindex": 0},
				"down": {"uv": [0.125, 6, 1.125, 6.25], "rotation": 90, "texture": "#layer0", "tintindex": 0}
			}
		},
		{
			"from": [1, 8, 15],
			"to": [15, 16, 16],
			"rotation": {"angle": 0, "axis": "y", "origin": [22, 8, 8]},
			"faces": {
				"north": {"uv": [6.125, 4, 7.875, 6], "texture": "#layer0", "tintindex": 0},
				"south": {"uv": [6.125, 4, 7.875, 6], "texture": "#layer0", "tintindex": 0},
				"up": {"uv": [2.125, 0, 3.875, 0.25], "texture": "#layer0", "tintindex": 0}
			}
		},
		{
			"from": [1, 10, 0],
			"to": [15, 16, 1],
			"rotation": {"angle": 0, "axis": "y", "origin": [22, 8, -7]},
			"faces": {
				"north": {"uv": [2.125, 4, 3.875, 5.5], "texture": "#layer0", "tintindex": 0},
				"south": {"uv": [2.125, 4, 3.875, 5.5], "texture": "#layer0", "tintindex": 0},
				"up": {"uv": [2.125, 3.75, 3.875, 4], "texture": "#layer0", "tintindex": 0},
				"down": {"uv": [6.125, 5.75, 7.875, 6], "texture": "#layer0", "tintindex": 0}
			}
		},
		{
			"from": [1, 8, 0],
			"to": [2, 10, 1],
			"rotation": {"angle": 0, "axis": "y", "origin": [22, 2, -7]},
			"faces": {
				"north": {"uv": [3.75, 5.5, 3.875, 6], "texture": "#layer0", "tintindex": 0},
				"east": {"uv": [3.75, 5.5, 3.875, 6], "texture": "#layer0", "tintindex": 0},
				"south": {"uv": [3.75, 5.5, 3.875, 6], "texture": "#layer0", "tintindex": 0},
				"down": {"uv": [3.75, 5.75, 3.875, 6], "texture": "#layer0", "tintindex": 0}
			}
		},
		{
			"from": [14, 8, 0],
			"to": [15, 10, 1],
			"rotation": {"angle": 0, "axis": "y", "origin": [35, 2, -7]},
			"faces": {
				"north": {"uv": [3.75, 5.5, 3.875, 6], "texture": "#layer0", "tintindex": 0},
				"south": {"uv": [3.75, 5.5, 3.875, 6], "texture": "#layer0", "tintindex": 0},
				"west": {"uv": [3.75, 5.5, 3.875, 6], "texture": "#layer0", "tintindex": 0},
				"down": {"uv": [3.75, 5.75, 3.875, 6], "texture": "#layer0", "tintindex": 0}
			}
		},
		{
			"from": [1, 15, 1],
			"to": [15, 16, 15],
			"rotation": {"angle": 0, "axis": "y", "origin": [22, 8, -6]},
			"faces": {
				"up": {"uv": [3.875, 3.75, 2.125, 0.25], "texture": "#layer0", "tintindex": 0},
				"down": {"uv": [2.125, 0.25, 3.875, 3.75], "texture": "#layer0", "tintindex": 0}
			}
		},
		{
			"from": [0, 4, 15],
			"to": [16, 8, 16],
			"rotation": {"angle": 0, "axis": "y", "origin": [22, 0, 8]},
			"faces": {
				"north": {"uv": [6, 6, 8, 7], "texture": "#layer0", "tintindex": 0},
				"east": {"uv": [7.875, 6, 8, 7], "texture": "#layer0", "tintindex": 0},
				"south": {"uv": [6, 6, 8, 7], "texture": "#layer0", "tintindex": 0},
				"west": {"uv": [6, 6, 6.125, 7], "texture": "#layer0", "tintindex": 0},
				"down": {"uv": [6, 6.75, 8, 7], "texture": "#layer0", "tintindex": 0}
			}
		},
		{
			"from": [3, 3, 15],
			"to": [13, 4, 16],
			"rotation": {"angle": 0, "axis": "y", "origin": [22, -4, 8]},
			"faces": {
				"north": {"uv": [6.375, 7, 7.625, 7.25], "texture": "#layer0", "tintindex": 0},
				"east": {"uv": [6.375, 7, 6.5, 7.25], "texture": "#layer0", "tintindex": 0},
				"south": {"uv": [6.375, 7, 7.625, 7.25], "texture": "#layer0", "tintindex": 0},
				"west": {"uv": [6.375, 7, 6.5, 7.25], "texture": "#layer0", "tintindex": 0},
				"down": {"uv": [6.375, 7, 7.625, 7.25], "texture": "#layer0", "tintindex": 0}
			}
		},
		{
			"from": [4, 2, 15],
			"to": [12, 3, 16],
			"rotation": {"angle": 0, "axis": "y", "origin": [23, -5, 8]},
			"faces": {
				"north": {"uv": [6.5, 7.25, 7.5, 7.5], "texture": "#layer0", "tintindex": 0},
				"east": {"uv": [6.5, 7.25, 6.625, 7.5], "texture": "#layer0", "tintindex": 0},
				"south": {"uv": [6.5, 7.25, 7.5, 7.5], "texture": "#layer0", "tintindex": 0},
				"west": {"uv": [7.375, 7.25, 7.5, 7.5], "texture": "#layer0", "tintindex": 0},
				"down": {"uv": [6.5, 7.25, 7.5, 7.5], "texture": "#layer0", "tintindex": 0}
			}
		},
		{
			"from": [6, 10, -0.5],
			"to": [10, 16.5, 0],
			"rotation": {"angle": 0, "axis": "y", "origin": [15, 18, 7]},
			"faces": {
				"north": {"uv": [2.75, 3.875, 3.25, 5.5], "texture": "#layer1"},
				"east": {"uv": [2.75, 3.875, 2.875, 5.5], "texture": "#layer1"},
				"west": {"uv": [3.125, 3.875, 3.25, 5.5], "texture": "#layer1"},
				"up": {"uv": [2.75, 3.875, 3.25, 4], "texture": "#layer1"},
				"down": {"uv": [2.75, 5.25, 3.25, 5.375], "rotation": 180, "texture": "#layer1"}
			}
		},
		{
			"from": [6, 2, 16],
			"to": [10, 16, 16.5],
			"rotation": {"angle": 0, "axis": "y", "origin": [15, 17.5, 23.5]},
			"faces": {
				"east": {"uv": [7.125, 3, 7.25, 6.5], "texture": "#layer1"},
				"south": {"uv": [6.75, 3, 7.25, 6.5], "texture": "#layer1"},
				"west": {"uv": [7.125, 3, 7.25, 6.5], "texture": "#layer1"},
				"down": {"uv": [6.75, 6.25, 7.25, 6.5], "texture": "#layer1"}
			}
		},
		{
			"from": [6, 16, 0],
			"to": [10, 16.5, 16.5],
			"rotation": {"angle": 0, "axis": "y", "origin": [15, 24, 7.5]},
			"faces": {
				"east": {"uv": [3.125, 4.125, 3.1875, 0], "rotation": 90, "texture": "#layer1"},
				"south": {"uv": [2.75, 0, 3.25, 0.125], "rotation": 270, "texture": "#layer1"},
				"west": {"uv": [3.125, 4.125, 3.1875, 0], "rotation": 270, "texture": "#layer1"},
				"up": {"uv": [2.75, 0, 3.25, 4.125], "texture": "#layer1"}
			}
		}
	]
}