{
	"credit": "Made with Blockbench",
	"parent": "item/tool_display",
	"textures": {
		"particle": "item/wooden_pickaxe",
		"layer0": "item/wooden_pickaxe"
	},
	"elements": [
		{
			"name": "pickaxe_0",
			"from": [5.5, 13.5, 7.75],
			"to": [6, 14, 8.25],
			"faces": {
				"north": {"uv": [5.525, 2.475, 5.975, 2.025], "rotation": 180, "texture": "#layer0"},
				"south": {"uv": [5.525, 2.025, 5.975, 2.475], "texture": "#layer0"},
				"west": {"uv": [5.525, 2.025, 5.975, 2.475], "texture": "#layer0"},
				"up": {"uv": [5.975, 2.025, 5.525, 2.475], "rotation": 180, "texture": "#layer0"}
			}
		},
		{
			"name": "pickaxe_1",
			"from": [6, 13.5, 7.75],
			"to": [6.5, 14, 8.25],
			"faces": {
				"north": {"uv": [6.025, 2.475, 6.475, 2.025], "rotation": 180, "texture": "#layer0"},
				"south": {"uv": [6.025, 2.025, 6.475, 2.475], "texture": "#layer0"},
				"up": {"uv": [6.475, 2.025, 6.025, 2.475], "rotation": 180, "texture": "#layer0"}
			}
		},
		{
			"name": "pickaxe_2",
			"from": [6.5, 13.5, 7.75],
			"to": [7, 14, 8.25],
			"faces": {
				"north": {"uv": [6.525, 2.475, 6.975, 2.025], "rotation": 180, "texture": "#layer0"},
				"south": {"uv": [6.525, 2.025, 6.975, 2.475], "texture": "#layer0"},
				"up": {"uv": [6.975, 2.025, 6.525, 2.475], "rotation": 180, "texture": "#layer0"}
			}
		},
		{
			"name": "pickaxe_3",
			"from": [7, 13.5, 7.75],
			"to": [7.5, 14, 8.25],
			"faces": {
				"north": {"uv": [7.025, 2.475, 7.475, 2.025], "rotation": 180, "texture": "#layer0"},
				"south": {"uv": [7.025, 2.025, 7.475, 2.475], "texture": "#layer0"},
				"up": {"uv": [7.475, 2.025, 7.025, 2.475], "rotation": 180, "texture": "#layer0"}
			}
		},
		{
			"name": "pickaxe_4",
			"from": [7.5, 13.5, 7.75],
			"to": [8, 14, 8.25],
			"faces": {
				"north": {"uv": [7.525, 2.475, 7.975, 2.025], "rotation": 180, "texture": "#layer0"},
				"south": {"uv": [7.525, 2.025, 7.975, 2.475], "texture": "#layer0"},
				"up": {"uv": [7.975, 2.025, 7.525, 2.475], "rotation": 180, "texture": "#layer0"}
			}
		},
		{
			"name": "pickaxe_5",
			"from": [8, 13.5, 7.75],
			"to": [8.5, 14, 8.25],
			"faces": {
				"north": {"uv": [8.025, 2.475, 8.475, 2.025], "rotation": 180, "texture": "#layer0"},
				"south": {"uv": [8.025, 2.025, 8.475, 2.475], "texture": "#layer0"},
				"up": {"uv": [8.475, 2.025, 8.025, 2.475], "rotation": 180, "texture": "#layer0"}
			}
		},
		{
			"name": "pickaxe_6",
			"from": [8.5, 13.5, 7.75],
			"to": [9, 14, 8.25],
			"faces": {
				"north": {"uv": [8.525, 2.475, 8.975, 2.025], "rotation": 180, "texture": "#layer0"},
				"south": {"uv": [8.525, 2.025, 8.975, 2.475], "texture": "#layer0"},
				"up": {"uv": [8.975, 2.025, 8.525, 2.475], "rotation": 180, "texture": "#layer0"}
			}
		},
		{
			"name": "pickaxe_7",
			"from": [9, 13.5, 7.75],
			"to": [9.5, 14, 8.25],
			"faces": {
				"north": {"uv": [9.025, 2.475, 9.475, 2.025], "rotation": 180, "texture": "#layer0"},
				"south": {"uv": [9.025, 2.025, 9.475, 2.475], "texture": "#layer0"},
				"up": {"uv": [9.475, 2.025, 9.025, 2.475], "rotation": 180, "texture": "#layer0"}
			}
		},
		{
			"name": "pickaxe_8",
			"from": [9.5, 13.5, 7.75],
			"to": [10, 14, 8.25],
			"faces": {
				"north": {"uv": [9.525, 2.475, 9.975, 2.025], "rotation": 180, "texture": "#layer0"},
				"south": {"uv": [9.525, 2.025, 9.975, 2.475], "texture": "#layer0"},
				"up": {"uv": [9.975, 2.025, 9.525, 2.475], "rotation": 180, "texture": "#layer0"}
			}
		},
		{
			"name": "pickaxe_9",
			"from": [10, 13.5, 7.75],
			"to": [10.5, 14, 8.25],
			"faces": {
				"north": {"uv": [10.025, 2.475, 10.475, 2.025], "rotation": 180, "texture": "#layer0"},
				"east": {"uv": [10.025, 2.025, 10.475, 2.475], "texture": "#layer0"},
				"south": {"uv": [10.025, 2.025, 10.475, 2.475], "texture": "#layer0"},
				"up": {"uv": [10.475, 2.025, 10.025, 2.475], "rotation": 180, "texture": "#layer0"}
			}
		},
		{
			"name": "pickaxe_10",
			"from": [5, 13, 7.75],
			"to": [5.5, 13.5, 8.25],
			"faces": {
				"north": {"uv": [5.025, 2.975, 5.475, 2.525], "rotation": 180, "texture": "#layer0"},
				"south": {"uv": [5.025, 2.525, 5.475, 2.975], "texture": "#layer0"},
				"west": {"uv": [5.025, 2.525, 5.475, 2.975], "texture": "#layer0"},
				"up": {"uv": [5.475, 2.525, 5.025, 2.975], "rotation": 180, "texture": "#layer0"},
				"down": {"uv": [5.025, 2.525, 5.475, 2.975], "texture": "#layer0"}
			}
		},
		{
			"name": "pickaxe_11",
			"from": [5.5, 13, 7.55],
			"to": [6, 13.5, 8.45],
			"faces": {
				"north": {"uv": [5.525, 2.975, 5.975, 2.525], "rotation": 180, "texture": "#layer0"},
				"south": {"uv": [5.525, 2.525, 5.975, 2.975], "texture": "#layer0"},
				"west": {"uv": [5.525, 2.525, 5.975, 2.975], "texture": "#layer0"},
				"up": {"uv": [5.975, 2.525, 5.525, 2.975], "rotation": 180, "texture": "#layer0"},
				"down": {"uv": [5.525, 2.525, 5.975, 2.975], "texture": "#layer0"}
			}
		},
		{
			"name": "pickaxe_12",
			"from": [6, 13, 7.55],
			"to": [6.5, 13.5, 8.45],
			"faces": {
				"north": {"uv": [6.025, 2.975, 6.475, 2.525], "rotation": 180, "texture": "#layer0"},
				"south": {"uv": [6.025, 2.525, 6.475, 2.975], "texture": "#layer0"},
				"up": {"uv": [6.475, 2.525, 6.025, 2.975], "rotation": 180, "texture": "#layer0"}
			}
		},
		{
			"name": "pickaxe_13",
			"from": [6.5, 13, 7.55],
			"to": [7, 13.5, 8.45],
			"faces": {
				"north": {"uv": [6.525, 2.975, 6.975, 2.525], "rotation": 180, "texture": "#layer0"},
				"south": {"uv": [6.525, 2.525, 6.975, 2.975], "texture": "#layer0"},
				"up": {"uv": [6.975, 2.525, 6.525, 2.975], "rotation": 180, "texture": "#layer0"}
			}
		},
		{
			"name": "pickaxe_14",
			"from": [7, 13, 7.55],
			"to": [7.5, 13.5, 8.45],
			"faces": {
				"north": {"uv": [7.025, 2.975, 7.475, 2.525], "rotation": 180, "texture": "#layer0"},
				"south": {"uv": [7.025, 2.525, 7.475, 2.975], "texture": "#layer0"},
				"up": {"uv": [7.475, 2.525, 7.025, 2.975], "rotation": 180, "texture": "#layer0"}
			}
		},
		{
			"name": "pickaxe_15",
			"from": [7.5, 13, 7.55],
			"to": [8, 13.5, 8.45],
			"faces": {
				"north": {"uv": [7.525, 2.975, 7.975, 2.525], "rotation": 180, "texture": "#layer0"},
				"south": {"uv": [7.525, 2.525, 7.975, 2.975], "texture": "#layer0"},
				"up": {"uv": [7.975, 2.525, 7.525, 2.975], "rotation": 180, "texture": "#layer0"}
			}
		},
		{
			"name": "pickaxe_16",
			"from": [8, 13, 7.55],
			"to": [8.5, 13.5, 8.45],
			"faces": {
				"north": {"uv": [8.025, 2.975, 8.475, 2.525], "rotation": 180, "texture": "#layer0"},
				"south": {"uv": [8.025, 2.525, 8.475, 2.975], "texture": "#layer0"},
				"up": {"uv": [8.475, 2.525, 8.025, 2.975], "rotation": 180, "texture": "#layer0"}
			}
		},
		{
			"name": "pickaxe_17",
			"from": [8.5, 13, 7.55],
			"to": [9, 13.5, 8.45],
			"faces": {
				"north": {"uv": [8.525, 2.975, 8.975, 2.525], "rotation": 180, "texture": "#layer0"},
				"south": {"uv": [8.525, 2.525, 8.975, 2.975], "texture": "#layer0"},
				"up": {"uv": [8.975, 2.525, 8.525, 2.975], "rotation": 180, "texture": "#layer0"}
			}
		},
		{
			"name": "pickaxe_18",
			"from": [9, 13, 7.55],
			"to": [9.5, 13.5, 8.45],
			"faces": {
				"north": {"uv": [9.025, 2.975, 9.475, 2.525], "rotation": 180, "texture": "#layer0"},
				"south": {"uv": [9.025, 2.525, 9.475, 2.975], "texture": "#layer0"},
				"up": {"uv": [9.475, 2.525, 9.025, 2.975], "rotation": 180, "texture": "#layer0"}
			}
		},
		{
			"name": "pickaxe_19",
			"from": [9.5, 13, 7.55],
			"to": [10, 13.5, 8.45],
			"faces": {
				"north": {"uv": [9.525, 2.975, 9.975, 2.525], "rotation": 180, "texture": "#layer0"},
				"south": {"uv": [9.525, 2.525, 9.975, 2.975], "texture": "#layer0"},
				"up": {"uv": [9.975, 2.525, 9.525, 2.975], "rotation": 180, "texture": "#layer0"}
			}
		},
		{
			"name": "pickaxe_20",
			"from": [10, 13, 7.55],
			"to": [10.5, 13.5, 8.45],
			"faces": {
				"north": {"uv": [10.025, 2.975, 10.475, 2.525], "rotation": 180, "texture": "#layer0"},
				"east": {"uv": [10.025, 2.525, 10.475, 2.975], "texture": "#layer0"},
				"south": {"uv": [10.025, 2.525, 10.475, 2.975], "texture": "#layer0"},
				"up": {"uv": [10.475, 2.525, 10.025, 2.975], "rotation": 180, "texture": "#layer0"}
			}
		},
		{
			"name": "pickaxe_21",
			"from": [10.5, 13, 7.75],
			"to": [11, 13.5, 8.25],
			"faces": {
				"north": {"uv": [10.525, 2.975, 10.975, 2.525], "rotation": 180, "texture": "#layer0"},
				"south": {"uv": [10.525, 2.525, 10.975, 2.975], "texture": "#layer0"},
				"up": {"uv": [10.975, 2.525, 10.525, 2.975], "rotation": 180, "texture": "#layer0"}
			}
		},
		{
			"name": "pickaxe_22",
			"from": [11, 13, 7.75],
			"to": [11.5, 13.5, 8.25],
			"faces": {
				"north": {"uv": [11.025, 2.975, 11.475, 2.525], "rotation": 180, "texture": "#layer0"},
				"south": {"uv": [11.025, 2.525, 11.475, 2.975], "texture": "#layer0"},
				"up": {"uv": [11.475, 2.525, 11.025, 2.975], "rotation": 180, "texture": "#layer0"}
			}
		},
		{
			"name": "pickaxe_23",
			"from": [11.5, 13, 7.75],
			"to": [12, 13.5, 8.25],
			"faces": {
				"north": {"uv": [11.525, 2.975, 11.975, 2.525], "rotation": 180, "texture": "#layer0"},
				"east": {"uv": [11.525, 2.525, 11.975, 2.975], "texture": "#layer0"},
				"south": {"uv": [11.525, 2.525, 11.975, 2.975], "texture": "#layer0"},
				"up": {"uv": [11.975, 2.525, 11.525, 2.975], "rotation": 180, "texture": "#layer0"}
			}
		},
		{
			"name": "pickaxe_24",
			"from": [13, 13, 7.75],
			"to": [13.5, 13.5, 8.25],
			"faces": {
				"north": {"uv": [13.025, 2.975, 13.475, 2.525], "rotation": 180, "texture": "#layer0"},
				"east": {"uv": [13.025, 2.525, 13.475, 2.975], "texture": "#layer0"},
				"south": {"uv": [13.025, 2.525, 13.475, 2.975], "texture": "#layer0"},
				"west": {"uv": [13.025, 2.525, 13.475, 2.975], "texture": "#layer0"},
				"up": {"uv": [13.475, 2.525, 13.025, 2.975], "rotation": 180, "texture": "#layer0"}
			}
		},
		{
			"name": "pickaxe_25",
			"from": [5.5, 12.5, 7.75],
			"to": [6, 13, 8.25],
			"faces": {
				"north": {"uv": [5.525, 3.475, 5.975, 3.025], "rotation": 180, "texture": "#layer0"},
				"south": {"uv": [5.525, 3.025, 5.975, 3.475], "texture": "#layer0"},
				"west": {"uv": [5.525, 3.025, 5.975, 3.475], "texture": "#layer0"},
				"down": {"uv": [5.525, 3.025, 5.975, 3.475], "texture": "#layer0"}
			}
		},
		{
			"name": "pickaxe_26",
			"from": [6, 12.5, 7.55],
			"to": [6.5, 13, 8.45],
			"faces": {
				"north": {"uv": [6.025, 3.475, 6.475, 3.025], "rotation": 180, "texture": "#layer0"},
				"south": {"uv": [6.025, 3.025, 6.475, 3.475], "texture": "#layer0"},
				"west": {"uv": [6.025, 3.025, 6.475, 3.475], "texture": "#layer0"},
				"down": {"uv": [6.025, 3.025, 6.475, 3.475], "texture": "#layer0"}
			}
		},
		{
			"name": "pickaxe_27",
			"from": [6.5, 12.5, 7.55],
			"to": [7, 13, 8.45],
			"faces": {
				"north": {"uv": [6.525, 3.475, 6.975, 3.025], "rotation": 180, "texture": "#layer0"},
				"south": {"uv": [6.525, 3.025, 6.975, 3.475], "texture": "#layer0"},
				"down": {"uv": [6.525, 3.025, 6.975, 3.475], "texture": "#layer0"}
			}
		},
		{
			"name": "pickaxe_28",
			"from": [7, 12.5, 7.55],
			"to": [7.5, 13, 8.45],
			"faces": {
				"north": {"uv": [7.025, 3.475, 7.475, 3.025], "rotation": 180, "texture": "#layer0"},
				"south": {"uv": [7.025, 3.025, 7.475, 3.475], "texture": "#layer0"},
				"down": {"uv": [7.025, 3.025, 7.475, 3.475], "texture": "#layer0"}
			}
		},
		{
			"name": "pickaxe_29",
			"from": [7.5, 12.5, 7.55],
			"to": [8, 13, 8.45],
			"faces": {
				"north": {"uv": [7.525, 3.475, 7.975, 3.025], "rotation": 180, "texture": "#layer0"},
				"south": {"uv": [7.525, 3.025, 7.975, 3.475], "texture": "#layer0"},
				"down": {"uv": [7.525, 3.025, 7.975, 3.475], "texture": "#layer0"}
			}
		},
		{
			"name": "pickaxe_30",
			"from": [8, 12.5, 7.55],
			"to": [8.5, 13, 8.45],
			"faces": {
				"north": {"uv": [8.025, 3.475, 8.475, 3.025], "rotation": 180, "texture": "#layer0"},
				"south": {"uv": [8.025, 3.025, 8.475, 3.475], "texture": "#layer0"},
				"down": {"uv": [8.025, 3.025, 8.475, 3.475], "texture": "#layer0"}
			}
		},
		{
			"name": "pickaxe_31",
			"from": [8.5, 12.5, 7.55],
			"to": [9, 13, 8.45],
			"faces": {
				"north": {"uv": [8.525, 3.475, 8.975, 3.025], "rotation": 180, "texture": "#layer0"},
				"south": {"uv": [8.525, 3.025, 8.975, 3.475], "texture": "#layer0"},
				"down": {"uv": [8.525, 3.025, 8.975, 3.475], "texture": "#layer0"}
			}
		},
		{
			"name": "pickaxe_32",
			"from": [9, 12.5, 7.55],
			"to": [9.5, 13, 8.45],
			"faces": {
				"north": {"uv": [9.025, 3.475, 9.475, 3.025], "rotation": 180, "texture": "#layer0"},
				"south": {"uv": [9.025, 3.025, 9.475, 3.475], "texture": "#layer0"},
				"down": {"uv": [9.025, 3.025, 9.475, 3.475], "texture": "#layer0"}
			}
		},
		{
			"name": "pickaxe_33",
			"from": [9.5, 12.5, 7.55],
			"to": [10, 13, 8.45],
			"faces": {
				"north": {"uv": [9.525, 3.475, 9.975, 3.025], "rotation": 180, "texture": "#layer0"},
				"south": {"uv": [9.525, 3.025, 9.975, 3.475], "texture": "#layer0"},
				"down": {"uv": [9.525, 3.025, 9.975, 3.475], "texture": "#layer0"}
			}
		},
		{
			"name": "pickaxe_34",
			"from": [10, 12.5, 7.55],
			"to": [10.5, 13, 8.45],
			"faces": {
				"north": {"uv": [10.025, 3.475, 10.475, 3.025], "rotation": 180, "texture": "#layer0"},
				"south": {"uv": [10.025, 3.025, 10.475, 3.475], "texture": "#layer0"}
			}
		},
		{
			"name": "pickaxe_35",
			"from": [10.5, 12.5, 7.55],
			"to": [11, 13, 8.45],
			"faces": {
				"north": {"uv": [10.525, 3.475, 10.975, 3.025], "rotation": 180, "texture": "#layer0"},
				"south": {"uv": [10.525, 3.025, 10.975, 3.475], "texture": "#layer0"},
				"up": {"uv": [10.975, 3.025, 10.525, 3.475], "rotation": 180, "texture": "#layer0"}
			}
		},
		{
			"name": "pickaxe_36",
			"from": [11, 12.5, 7.55],
			"to": [11.5, 13, 8.45],
			"faces": {
				"north": {"uv": [11.025, 3.475, 11.475, 3.025], "rotation": 180, "texture": "#layer0"},
				"south": {"uv": [11.025, 3.025, 11.475, 3.475], "texture": "#layer0"},
				"up": {"uv": [11.475, 3.025, 11.025, 3.475], "rotation": 180, "texture": "#layer0"}
			}
		},
		{
			"name": "pickaxe_37",
			"from": [11.5, 12.5, 7.55],
			"to": [12, 13, 8.45],
			"faces": {
				"north": {"uv": [11.525, 3.475, 11.975, 3.025], "rotation": 180, "texture": "#layer0"},
				"east": {"uv": [11.525, 3.025, 11.975, 3.475], "texture": "#layer0"},
				"south": {"uv": [11.525, 3.025, 11.975, 3.475], "texture": "#layer0"},
				"up": {"uv": [11.975, 3.025, 11.525, 3.475], "rotation": 180, "texture": "#layer0"}
			}
		},
		{
			"name": "pickaxe_38",
			"from": [12, 12.5, 7.75],
			"to": [12.5, 13, 8.25],
			"faces": {
				"north": {"uv": [12.025, 3.475, 12.475, 3.025], "rotation": 180, "texture": "#layer0"},
				"south": {"uv": [12.025, 3.025, 12.475, 3.475], "texture": "#layer0"},
				"up": {"uv": [12.475, 3.025, 12.025, 3.475], "rotation": 180, "texture": "#layer0"}
			}
		},
		{
			"name": "pickaxe_39",
			"from": [12.5, 12.5, 7.75],
			"to": [13, 13, 8.25],
			"faces": {
				"north": {"uv": [12.525, 3.475, 12.975, 3.025], "rotation": 180, "texture": "#layer0"},
				"south": {"uv": [12.525, 3.025, 12.975, 3.475], "texture": "#layer0"},
				"up": {"uv": [12.975, 3.025, 12.525, 3.475], "rotation": 180, "texture": "#layer0"}
			}
		},
		{
			"name": "pickaxe_40",
			"from": [13, 12.5, 7.55],
			"to": [13.5, 13, 8.45],
			"faces": {
				"north": {"uv": [13.025, 3.475, 13.475, 3.025], "rotation": 180, "texture": "#layer0"},
				"east": {"uv": [13.025, 3.025, 13.475, 3.475], "texture": "#layer0"},
				"south": {"uv": [13.025, 3.025, 13.475, 3.475], "texture": "#layer0"},
				"west": {"uv": [13.025, 3.025, 13.475, 3.475], "texture": "#layer0"},
				"up": {"uv": [13.475, 3.025, 13.025, 3.475], "rotation": 180, "texture": "#layer0"}
			}
		},
		{
			"name": "pickaxe_41",
			"from": [13.5, 12.5, 7.75],
			"to": [14, 13, 8.25],
			"faces": {
				"north": {"uv": [13.525, 3.475, 13.975, 3.025], "rotation": 180, "texture": "#layer0"},
				"east": {"uv": [13.525, 3.025, 13.975, 3.475], "texture": "#layer0"},
				"south": {"uv": [13.525, 3.025, 13.975, 3.475], "texture": "#layer0"},
				"up": {"uv": [13.975, 3.025, 13.525, 3.475], "rotation": 180, "texture": "#layer0"}
			}
		},
		{
			"name": "pickaxe_42",
			"from": [6, 12, 7.75],
			"to": [6.5, 12.5, 8.25],
			"faces": {
				"north": {"uv": [6.025, 3.975, 6.475, 3.525], "rotation": 180, "texture": "#layer0"},
				"south": {"uv": [6.025, 3.525, 6.475, 3.975], "texture": "#layer0"},
				"west": {"uv": [6.025, 3.525, 6.475, 3.975], "texture": "#layer0"},
				"down": {"uv": [6.025, 3.525, 6.475, 3.975], "texture": "#layer0"}
			}
		},
		{
			"name": "pickaxe_43",
			"from": [6.5, 12, 7.75],
			"to": [7, 12.5, 8.25],
			"faces": {
				"north": {"uv": [6.525, 3.975, 6.975, 3.525], "rotation": 180, "texture": "#layer0"},
				"south": {"uv": [6.525, 3.525, 6.975, 3.975], "texture": "#layer0"},
				"down": {"uv": [6.525, 3.525, 6.975, 3.975], "texture": "#layer0"}
			}
		},
		{
			"name": "pickaxe_44",
			"from": [7, 12, 7.75],
			"to": [7.5, 12.5, 8.25],
			"faces": {
				"north": {"uv": [7.025, 3.975, 7.475, 3.525], "rotation": 180, "texture": "#layer0"},
				"south": {"uv": [7.025, 3.525, 7.475, 3.975], "texture": "#layer0"},
				"down": {"uv": [7.025, 3.525, 7.475, 3.975], "texture": "#layer0"}
			}
		},
		{
			"name": "pickaxe_45",
			"from": [7.5, 12, 7.75],
			"to": [8, 12.5, 8.25],
			"faces": {
				"north": {"uv": [7.525, 3.975, 7.975, 3.525], "rotation": 180, "texture": "#layer0"},
				"south": {"uv": [7.525, 3.525, 7.975, 3.975], "texture": "#layer0"},
				"down": {"uv": [7.525, 3.525, 7.975, 3.975], "texture": "#layer0"}
			}
		},
		{
			"name": "pickaxe_46",
			"from": [8, 12, 7.75],
			"to": [8.5, 12.5, 8.25],
			"faces": {
				"north": {"uv": [8.025, 3.975, 8.475, 3.525], "rotation": 180, "texture": "#layer0"},
				"south": {"uv": [8.025, 3.525, 8.475, 3.975], "texture": "#layer0"},
				"down": {"uv": [8.025, 3.525, 8.475, 3.975], "texture": "#layer0"}
			}
		},
		{
			"name": "pickaxe_47",
			"from": [8.5, 12, 7.75],
			"to": [9, 12.5, 8.25],
			"faces": {
				"north": {"uv": [8.525, 3.975, 8.975, 3.525], "rotation": 180, "texture": "#layer0"},
				"south": {"uv": [8.525, 3.525, 8.975, 3.975], "texture": "#layer0"},
				"down": {"uv": [8.525, 3.525, 8.975, 3.975], "texture": "#layer0"}
			}
		},
		{
			"name": "pickaxe_48",
			"from": [9, 12, 7.75],
			"to": [9.5, 12.5, 8.25],
			"faces": {
				"north": {"uv": [9.025, 3.975, 9.475, 3.525], "rotation": 180, "texture": "#layer0"},
				"south": {"uv": [9.025, 3.525, 9.475, 3.975], "texture": "#layer0"},
				"down": {"uv": [9.025, 3.525, 9.475, 3.975], "texture": "#layer0"}
			}
		},
		{
			"name": "pickaxe_49",
			"from": [9.5, 12, 7.75],
			"to": [10, 12.5, 8.25],
			"faces": {
				"north": {"uv": [9.525, 3.975, 9.975, 3.525], "rotation": 180, "texture": "#layer0"},
				"south": {"uv": [9.525, 3.525, 9.975, 3.975], "texture": "#layer0"},
				"down": {"uv": [9.525, 3.525, 9.975, 3.975], "texture": "#layer0"}
			}
		},
		{
			"name": "pickaxe_50",
			"from": [10, 12, 7.55],
			"to": [10.5, 12.5, 8.45],
			"faces": {
				"north": {"uv": [10.025, 3.975, 10.475, 3.525], "rotation": 180, "texture": "#layer0"},
				"south": {"uv": [10.025, 3.525, 10.475, 3.975], "texture": "#layer0"},
				"west": {"uv": [10.025, 3.525, 10.475, 3.975], "texture": "#layer0"},
				"down": {"uv": [10.025, 3.525, 10.475, 3.975], "texture": "#layer0"}
			}
		},
		{
			"name": "pickaxe_51",
			"from": [10.5, 12, 7.55],
			"to": [11, 12.5, 8.45],
			"faces": {
				"north": {"uv": [10.525, 3.975, 10.975, 3.525], "rotation": 180, "texture": "#layer0"},
				"south": {"uv": [10.525, 3.525, 10.975, 3.975], "texture": "#layer0"},
				"down": {"uv": [10.525, 3.525, 10.975, 3.975], "texture": "#layer0"}
			}
		},
		{
			"name": "pickaxe_52",
			"from": [11, 12, 7.55],
			"to": [11.5, 12.5, 8.45],
			"faces": {
				"north": {"uv": [11.025, 3.975, 11.475, 3.525], "rotation": 180, "texture": "#layer0"},
				"south": {"uv": [11.025, 3.525, 11.475, 3.975], "texture": "#layer0"}
			}
		},
		{
			"name": "pickaxe_53",
			"from": [11.5, 12, 7.55],
			"to": [12, 12.5, 8.45],
			"faces": {
				"north": {"uv": [11.525, 3.975, 11.975, 3.525], "rotation": 180, "texture": "#layer0"},
				"south": {"uv": [11.525, 3.525, 11.975, 3.975], "texture": "#layer0"}
			}
		},
		{
			"name": "pickaxe_54",
			"from": [12, 12, 7.35],
			"to": [12.5, 12.5, 8.65],
			"faces": {
				"north": {"uv": [12.025, 3.975, 12.475, 3.525], "rotation": 180, "texture": "#layer0"},
				"south": {"uv": [12.025, 3.525, 12.475, 3.975], "texture": "#layer0"},
				"west": {"uv": [12.025, 3.525, 12.475, 3.975], "texture": "#layer0"},
				"up": {"uv": [12.475, 3.525, 12.025, 3.975], "rotation": 180, "texture": "#layer0"}
			}
		},
		{
			"name": "pickaxe_55",
			"from": [12.5, 12, 7.35],
			"to": [13, 12.5, 8.65],
			"faces": {
				"north": {"uv": [12.525, 3.975, 12.975, 3.525], "rotation": 180, "texture": "#layer0"},
				"east": {"uv": [12.525, 3.525, 12.975, 3.975], "texture": "#layer0"},
				"south": {"uv": [12.525, 3.525, 12.975, 3.975], "texture": "#layer0"},
				"up": {"uv": [12.975, 3.525, 12.525, 3.975], "rotation": 180, "texture": "#layer0"}
			}
		},
		{
			"name": "pickaxe_56",
			"from": [13, 12, 7.55],
			"to": [13.5, 12.5, 8.45],
			"faces": {
				"north": {"uv": [13.025, 3.975, 13.475, 3.525], "rotation": 180, "texture": "#layer0"},
				"south": {"uv": [13.025, 3.525, 13.475, 3.975], "texture": "#layer0"}
			}
		},
		{
			"name": "pickaxe_57",
			"from": [13.5, 12, 7.55],
			"to": [14, 12.5, 8.45],
			"faces": {
				"north": {"uv": [13.525, 3.975, 13.975, 3.525], "rotation": 180, "texture": "#layer0"},
				"east": {"uv": [13.525, 3.525, 13.975, 3.975], "texture": "#layer0"},
				"south": {"uv": [13.525, 3.525, 13.975, 3.975], "texture": "#layer0"},
				"up": {"uv": [13.975, 3.525, 13.525, 3.975], "rotation": 180, "texture": "#layer0"},
				"down": {"uv": [13.525, 3.525, 13.975, 3.975], "texture": "#layer0"}
			}
		},
		{
			"name": "pickaxe_58",
			"from": [14, 12, 7.75],
			"to": [14.5, 12.5, 8.25],
			"faces": {
				"north": {"uv": [14.025, 3.975, 14.475, 3.525], "rotation": 180, "texture": "#layer0"},
				"east": {"uv": [14.025, 3.525, 14.475, 3.975], "texture": "#layer0"},
				"south": {"uv": [14.025, 3.525, 14.475, 3.975], "texture": "#layer0"},
				"up": {"uv": [14.475, 3.525, 14.025, 3.975], "rotation": 180, "texture": "#layer0"},
				"down": {"uv": [14.025, 3.525, 14.475, 3.975], "texture": "#layer0"}
			}
		},
		{
			"name": "pickaxe_59",
			"from": [10, 11.5, 7.75],
			"to": [10.5, 12, 8.25],
			"faces": {
				"north": {"uv": [10.025, 4.475, 10.475, 4.025], "rotation": 180, "texture": "#layer0"},
				"south": {"uv": [10.025, 4.025, 10.475, 4.475], "texture": "#layer0"},
				"west": {"uv": [10.025, 4.025, 10.475, 4.475], "texture": "#layer0"},
				"down": {"uv": [10.025, 4.025, 10.475, 4.475], "texture": "#layer0"}
			}
		},
		{
			"name": "pickaxe_60",
			"from": [10.5, 11.5, 7.75],
			"to": [11, 12, 8.25],
			"faces": {
				"north": {"uv": [10.525, 4.475, 10.975, 4.025], "rotation": 180, "texture": "#layer0"},
				"south": {"uv": [10.525, 4.025, 10.975, 4.475], "texture": "#layer0"},
				"down": {"uv": [10.525, 4.025, 10.975, 4.475], "texture": "#layer0"}
			}
		},
		{
			"name": "pickaxe_61",
			"from": [11, 11.5, 7.55],
			"to": [11.5, 12, 8.45],
			"faces": {
				"north": {"uv": [11.025, 4.475, 11.475, 4.025], "rotation": 180, "texture": "#layer0"},
				"south": {"uv": [11.025, 4.025, 11.475, 4.475], "texture": "#layer0"},
				"west": {"uv": [11.025, 4.025, 11.475, 4.475], "texture": "#layer0"},
				"down": {"uv": [11.025, 4.025, 11.475, 4.475], "texture": "#layer0"}
			}
		},
		{
			"name": "pickaxe_62",
			"from": [11.5, 11.5, 7.35],
			"to": [12, 12, 8.65],
			"faces": {
				"north": {"uv": [11.525, 4.475, 11.975, 4.025], "rotation": 180, "texture": "#layer0"},
				"south": {"uv": [11.525, 4.475, 11.975, 4.025], "rotation": 180, "texture": "#layer0"},
				"west": {"uv": [11.525, 4.475, 11.975, 4.025], "rotation": 180, "texture": "#layer0"},
				"up": {"uv": [11.525, 4.475, 11.975, 4.025], "rotation": 180, "texture": "#layer0"},
				"down": {"uv": [11.525, 4.475, 11.975, 4.025], "rotation": 180, "texture": "#layer0"}
			}
		},
		{
			"name": "pickaxe_63",
			"from": [12, 11.5, 7.35],
			"to": [12.5, 12, 8.65],
			"faces": {
				"north": {"uv": [12.025, 4.475, 12.475, 4.025], "rotation": 180, "texture": "#layer0"},
				"south": {"uv": [12.025, 4.025, 12.475, 4.475], "texture": "#layer0"}
			}
		},
		{
			"name": "pickaxe_64",
			"from": [12.5, 11.5, 7.35],
			"to": [13, 12, 8.65],
			"faces": {
				"north": {"uv": [12.525, 4.475, 12.975, 4.025], "rotation": 180, "texture": "#layer0"},
				"south": {"uv": [12.525, 4.025, 12.975, 4.475], "texture": "#layer0"}
			}
		},
		{
			"name": "pickaxe_65",
			"from": [13, 11.5, 7.35],
			"to": [13.5, 12, 8.65],
			"faces": {
				"north": {"uv": [13.025, 4.475, 13.475, 4.025], "rotation": 180, "texture": "#layer0"},
				"east": {"uv": [13.025, 4.025, 13.475, 4.475], "texture": "#layer0"},
				"south": {"uv": [13.025, 4.025, 13.475, 4.475], "texture": "#layer0"},
				"up": {"uv": [13.475, 4.025, 13.025, 4.475], "rotation": 180, "texture": "#layer0"}
			}
		},
		{
			"name": "pickaxe_66",
			"from": [13.5, 11.5, 7.75],
			"to": [14, 12, 8.25],
			"faces": {
				"north": {"uv": [13.525, 4.475, 13.975, 4.025], "rotation": 180, "texture": "#layer0"},
				"east": {"uv": [13.525, 4.025, 13.975, 4.475], "texture": "#layer0"},
				"south": {"uv": [13.525, 4.025, 13.975, 4.475], "texture": "#layer0"}
			}
		},
		{
			"name": "pickaxe_67",
			"from": [11, 11, 7.75],
			"to": [11.5, 11.5, 8.25],
			"faces": {
				"north": {"uv": [11.025, 4.975, 11.475, 4.525], "rotation": 180, "texture": "#layer0"},
				"south": {"uv": [11.025, 4.525, 11.475, 4.975], "texture": "#layer0"},
				"west": {"uv": [11.025, 4.525, 11.475, 4.975], "texture": "#layer0"}
			}
		},
		{
			"name": "pickaxe_68",
			"from": [11.5, 11, 7.55],
			"to": [12, 11.5, 8.45],
			"faces": {
				"north": {"uv": [11.525, 4.975, 11.975, 4.525], "rotation": 180, "texture": "#layer0"},
				"south": {"uv": [11.525, 4.525, 11.975, 4.975], "texture": "#layer0"},
				"west": {"uv": [11.525, 4.525, 11.975, 4.975], "texture": "#layer0"}
			}
		},
		{
			"name": "pickaxe_69",
			"from": [12, 11, 7.35],
			"to": [12.5, 11.5, 8.65],
			"faces": {
				"north": {"uv": [12.025, 4.975, 12.475, 4.525], "rotation": 180, "texture": "#layer0"},
				"south": {"uv": [12.025, 4.975, 12.475, 4.525], "rotation": 180, "texture": "#layer0"},
				"west": {"uv": [12.025, 4.975, 12.475, 4.525], "rotation": 180, "texture": "#layer0"},
				"down": {"uv": [12.025, 4.975, 12.475, 4.525], "rotation": 180, "texture": "#layer0"}
			}
		},
		{
			"name": "pickaxe_70",
			"from": [12.5, 11, 7.35],
			"to": [13, 11.5, 8.65],
			"faces": {
				"north": {"uv": [12.525, 4.975, 12.975, 4.525], "rotation": 180, "texture": "#layer0"},
				"south": {"uv": [12.525, 4.525, 12.975, 4.975], "texture": "#layer0"}
			}
		},
		{
			"name": "pickaxe_71",
			"from": [13, 11, 7.35],
			"to": [13.5, 11.5, 8.65],
			"faces": {
				"north": {"uv": [13.025, 4.975, 13.475, 4.525], "rotation": 180, "texture": "#layer0"},
				"east": {"uv": [13.025, 4.525, 13.475, 4.975], "texture": "#layer0"},
				"south": {"uv": [13.025, 4.525, 13.475, 4.975], "texture": "#layer0"},
				"down": {"uv": [13.025, 4.525, 13.475, 4.975], "texture": "#layer0"}
			}
		},
		{
			"name": "pickaxe_72",
			"from": [13.5, 11, 7.75],
			"to": [14, 11.5, 8.25],
			"faces": {
				"north": {"uv": [13.525, 4.975, 13.975, 4.525], "rotation": 180, "texture": "#layer0"},
				"east": {"uv": [13.525, 4.525, 13.975, 4.975], "texture": "#layer0"},
				"south": {"uv": [13.525, 4.525, 13.975, 4.975], "texture": "#layer0"}
			}
		},
		{
			"name": "pickaxe_73",
			"from": [10.5, 10.5, 7.75],
			"to": [11, 11, 8.25],
			"faces": {
				"north": {"uv": [10.525, 5.475, 10.975, 5.025], "rotation": 180, "texture": "#layer0"},
				"south": {"uv": [10.525, 5.025, 10.975, 5.475], "texture": "#layer0"},
				"west": {"uv": [10.525, 5.025, 10.975, 5.475], "texture": "#layer0"},
				"up": {"uv": [10.975, 5.025, 10.525, 5.475], "rotation": 180, "texture": "#layer0"}
			}
		},
		{
			"name": "pickaxe_74",
			"from": [11, 10.5, 7.55],
			"to": [11.5, 11, 8.45],
			"faces": {
				"north": {"uv": [11.025, 5.475, 11.475, 5.025], "rotation": 180, "texture": "#layer0"},
				"south": {"uv": [11.025, 5.025, 11.475, 5.475], "texture": "#layer0"},
				"west": {"uv": [11.025, 5.025, 11.475, 5.475], "texture": "#layer0"},
				"up": {"uv": [11.475, 5.025, 11.025, 5.475], "rotation": 180, "texture": "#layer0"}
			}
		},
		{
			"name": "pickaxe_75",
			"from": [11.5, 10.5, 7.55],
			"to": [12, 11, 8.45],
			"faces": {
				"north": {"uv": [11.525, 5.475, 11.975, 5.025], "rotation": 180, "texture": "#layer0"},
				"south": {"uv": [11.525, 5.025, 11.975, 5.475], "texture": "#layer0"}
			}
		},
		{
			"name": "pickaxe_76",
			"from": [12, 10.5, 7.55],
			"to": [12.5, 11, 8.45],
			"faces": {
				"north": {"uv": [12.025, 5.475, 12.475, 5.025], "rotation": 180, "texture": "#layer0"},
				"south": {"uv": [12.025, 5.025, 12.475, 5.475], "texture": "#layer0"},
				"down": {"uv": [12.025, 5.025, 12.475, 5.475], "texture": "#layer0"}
			}
		},
		{
			"name": "pickaxe_77",
			"from": [12.5, 10.5, 7.35],
			"to": [13, 11, 8.65],
			"faces": {
				"north": {"uv": [12.525, 5.475, 12.975, 5.025], "rotation": 180, "texture": "#layer0"},
				"east": {"uv": [12.525, 5.475, 12.975, 5.025], "rotation": 180, "texture": "#layer0"},
				"south": {"uv": [12.525, 5.475, 12.975, 5.025], "rotation": 180, "texture": "#layer0"},
				"west": {"uv": [12.525, 5.475, 12.975, 5.025], "rotation": 180, "texture": "#layer0"},
				"down": {"uv": [12.525, 5.475, 12.975, 5.025], "rotation": 180, "texture": "#layer0"}
			}
		},
		{
			"name": "pickaxe_78",
			"from": [13, 10.5, 7.55],
			"to": [13.5, 11, 8.45],
			"faces": {
				"north": {"uv": [13.025, 5.475, 13.475, 5.025], "rotation": 180, "texture": "#layer0"},
				"south": {"uv": [13.025, 5.025, 13.475, 5.475], "texture": "#layer0"}
			}
		},
		{
			"name": "pickaxe_79",
			"from": [13.5, 10.5, 7.55],
			"to": [14, 11, 8.45],
			"faces": {
				"north": {"uv": [13.525, 5.475, 13.975, 5.025], "rotation": 180, "texture": "#layer0"},
				"east": {"uv": [13.525, 5.025, 13.975, 5.475], "texture": "#layer0"},
				"south": {"uv": [13.525, 5.025, 13.975, 5.475], "texture": "#layer0"},
				"up": {"uv": [13.975, 5.025, 13.525, 5.475], "rotation": 180, "texture": "#layer0"}
			}
		},
		{
			"name": "pickaxe_80",
			"from": [14, 10.5, 7.75],
			"to": [14.5, 11, 8.25],
			"faces": {
				"north": {"uv": [14.025, 5.475, 14.475, 5.025], "rotation": 180, "texture": "#layer0"},
				"east": {"uv": [14.025, 5.025, 14.475, 5.475], "texture": "#layer0"},
				"south": {"uv": [14.025, 5.025, 14.475, 5.475], "texture": "#layer0"},
				"up": {"uv": [14.475, 5.025, 14.025, 5.475], "rotation": 180, "texture": "#layer0"}
			}
		},
		{
			"name": "pickaxe_81",
			"from": [10, 10, 7.75],
			"to": [10.5, 10.5, 8.25],
			"faces": {
				"north": {"uv": [10.025, 5.975, 10.475, 5.525], "rotation": 180, "texture": "#layer0"},
				"south": {"uv": [10.025, 5.525, 10.475, 5.975], "texture": "#layer0"},
				"west": {"uv": [10.025, 5.525, 10.475, 5.975], "texture": "#layer0"},
				"up": {"uv": [10.475, 5.525, 10.025, 5.975], "rotation": 180, "texture": "#layer0"}
			}
		},
		{
			"name": "pickaxe_82",
			"from": [10.5, 10, 7.55],
			"to": [11, 10.5, 8.45],
			"faces": {
				"north": {"uv": [10.525, 5.975, 10.975, 5.525], "rotation": 180, "texture": "#layer0"},
				"south": {"uv": [10.525, 5.525, 10.975, 5.975], "texture": "#layer0"},
				"west": {"uv": [10.525, 5.525, 10.975, 5.975], "texture": "#layer0"},
				"up": {"uv": [10.975, 5.525, 10.525, 5.975], "rotation": 180, "texture": "#layer0"}
			}
		},
		{
			"name": "pickaxe_83",
			"from": [11, 10, 7.55],
			"to": [11.5, 10.5, 8.45],
			"faces": {
				"north": {"uv": [11.025, 5.975, 11.475, 5.525], "rotation": 180, "texture": "#layer0"},
				"south": {"uv": [11.025, 5.525, 11.475, 5.975], "texture": "#layer0"}
			}
		},
		{
			"name": "pickaxe_84",
			"from": [11.5, 10, 7.55],
			"to": [12, 10.5, 8.45],
			"faces": {
				"north": {"uv": [11.525, 5.975, 11.975, 5.525], "rotation": 180, "texture": "#layer0"},
				"east": {"uv": [11.525, 5.525, 11.975, 5.975], "texture": "#layer0"},
				"south": {"uv": [11.525, 5.525, 11.975, 5.975], "texture": "#layer0"},
				"down": {"uv": [11.525, 5.525, 11.975, 5.975], "texture": "#layer0"}
			}
		},
		{
			"name": "pickaxe_85",
			"from": [12, 10, 7.75],
			"to": [12.5, 10.5, 8.25],
			"faces": {
				"north": {"uv": [12.025, 5.975, 12.475, 5.525], "rotation": 180, "texture": "#layer0"},
				"south": {"uv": [12.025, 5.525, 12.475, 5.975], "texture": "#layer0"},
				"down": {"uv": [12.025, 5.525, 12.475, 5.975], "texture": "#layer0"}
			}
		},
		{
			"name": "pickaxe_86",
			"from": [12.5, 10, 7.55],
			"to": [13, 10.5, 8.45],
			"faces": {
				"north": {"uv": [12.525, 5.975, 12.975, 5.525], "rotation": 180, "texture": "#layer0"},
				"south": {"uv": [12.525, 5.525, 12.975, 5.975], "texture": "#layer0"},
				"west": {"uv": [12.525, 5.525, 12.975, 5.975], "texture": "#layer0"},
				"down": {"uv": [12.525, 5.525, 12.975, 5.975], "texture": "#layer0"}
			}
		},
		{
			"name": "pickaxe_87",
			"from": [13, 10, 7.55],
			"to": [13.5, 10.5, 8.45],
			"faces": {
				"north": {"uv": [13.025, 5.975, 13.475, 5.525], "rotation": 180, "texture": "#layer0"},
				"south": {"uv": [13.025, 5.525, 13.475, 5.975], "texture": "#layer0"}
			}
		},
		{
			"name": "pickaxe_88",
			"from": [13.5, 10, 7.55],
			"to": [14, 10.5, 8.45],
			"faces": {
				"north": {"uv": [13.525, 5.975, 13.975, 5.525], "rotation": 180, "texture": "#layer0"},
				"east": {"uv": [13.525, 5.525, 13.975, 5.975], "texture": "#layer0"},
				"south": {"uv": [13.525, 5.525, 13.975, 5.975], "texture": "#layer0"}
			}
		},
		{
			"name": "pickaxe_89",
			"from": [14, 10, 7.75],
			"to": [14.5, 10.5, 8.25],
			"faces": {
				"north": {"uv": [14.025, 5.975, 14.475, 5.525], "rotation": 180, "texture": "#layer0"},
				"east": {"uv": [14.025, 5.525, 14.475, 5.975], "texture": "#layer0"},
				"south": {"uv": [14.025, 5.525, 14.475, 5.975], "texture": "#layer0"}
			}
		},
		{
			"name": "pickaxe_90",
			"from": [9.5, 9.5, 7.75],
			"to": [10, 10, 8.25],
			"faces": {
				"north": {"uv": [9.525, 6.475, 9.975, 6.025], "rotation": 180, "texture": "#layer0"},
				"south": {"uv": [9.525, 6.025, 9.975, 6.475], "texture": "#layer0"},
				"west": {"uv": [9.525, 6.025, 9.975, 6.475], "texture": "#layer0"},
				"up": {"uv": [9.975, 6.025, 9.525, 6.475], "rotation": 180, "texture": "#layer0"}
			}
		},
		{
			"name": "pickaxe_91",
			"from": [10, 9.5, 7.55],
			"to": [10.5, 10, 8.45],
			"faces": {
				"north": {"uv": [10.025, 6.475, 10.475, 6.025], "rotation": 180, "texture": "#layer0"},
				"south": {"uv": [10.025, 6.025, 10.475, 6.475], "texture": "#layer0"},
				"west": {"uv": [10.025, 6.025, 10.475, 6.475], "texture": "#layer0"},
				"up": {"uv": [10.475, 6.025, 10.025, 6.475], "rotation": 180, "texture": "#layer0"}
			}
		},
		{
			"name": "pickaxe_92",
			"from": [10.5, 9.5, 7.55],
			"to": [11, 10, 8.45],
			"faces": {
				"north": {"uv": [10.525, 6.475, 10.975, 6.025], "rotation": 180, "texture": "#layer0"},
				"south": {"uv": [10.525, 6.025, 10.975, 6.475], "texture": "#layer0"}
			}
		},
		{
			"name": "pickaxe_93",
			"from": [11, 9.5, 7.55],
			"to": [11.5, 10, 8.45],
			"faces": {
				"north": {"uv": [11.025, 6.475, 11.475, 6.025], "rotation": 180, "texture": "#layer0"},
				"east": {"uv": [11.025, 6.025, 11.475, 6.475], "texture": "#layer0"},
				"south": {"uv": [11.025, 6.025, 11.475, 6.475], "texture": "#layer0"},
				"down": {"uv": [11.025, 6.025, 11.475, 6.475], "texture": "#layer0"}
			}
		},
		{
			"name": "pickaxe_94",
			"from": [11.5, 9.5, 7.75],
			"to": [12, 10, 8.25],
			"faces": {
				"north": {"uv": [11.525, 6.475, 11.975, 6.025], "rotation": 180, "texture": "#layer0"},
				"east": {"uv": [11.525, 6.025, 11.975, 6.475], "texture": "#layer0"},
				"south": {"uv": [11.525, 6.025, 11.975, 6.475], "texture": "#layer0"},
				"down": {"uv": [11.525, 6.025, 11.975, 6.475], "texture": "#layer0"}
			}
		},
		{
			"name": "pickaxe_95",
			"from": [12.5, 9.5, 7.75],
			"to": [13, 10, 8.25],
			"faces": {
				"north": {"uv": [12.525, 6.475, 12.975, 6.025], "rotation": 180, "texture": "#layer0"},
				"south": {"uv": [12.525, 6.025, 12.975, 6.475], "texture": "#layer0"},
				"west": {"uv": [12.525, 6.025, 12.975, 6.475], "texture": "#layer0"}
			}
		},
		{
			"name": "pickaxe_96",
			"from": [13, 9.5, 7.55],
			"to": [13.5, 10, 8.45],
			"faces": {
				"north": {"uv": [13.025, 6.475, 13.475, 6.025], "rotation": 180, "texture": "#layer0"},
				"south": {"uv": [13.025, 6.025, 13.475, 6.475], "texture": "#layer0"},
				"west": {"uv": [13.025, 6.025, 13.475, 6.475], "texture": "#layer0"}
			}
		},
		{
			"name": "pickaxe_97",
			"from": [13.5, 9.5, 7.55],
			"to": [14, 10, 8.45],
			"faces": {
				"north": {"uv": [13.525, 6.475, 13.975, 6.025], "rotation": 180, "texture": "#layer0"},
				"east": {"uv": [13.525, 6.025, 13.975, 6.475], "texture": "#layer0"},
				"south": {"uv": [13.525, 6.025, 13.975, 6.475], "texture": "#layer0"}
			}
		},
		{
			"name": "pickaxe_98",
			"from": [14, 9.5, 7.75],
			"to": [14.5, 10, 8.25],
			"faces": {
				"north": {"uv": [14.025, 6.475, 14.475, 6.025], "rotation": 180, "texture": "#layer0"},
				"east": {"uv": [14.025, 6.025, 14.475, 6.475], "texture": "#layer0"},
				"south": {"uv": [14.025, 6.025, 14.475, 6.475], "texture": "#layer0"}
			}
		},
		{
			"name": "pickaxe_99",
			"from": [9, 9, 7.75],
			"to": [9.5, 9.5, 8.25],
			"faces": {
				"north": {"uv": [9.025, 6.975, 9.475, 6.525], "rotation": 180, "texture": "#layer0"},
				"south": {"uv": [9.025, 6.525, 9.475, 6.975], "texture": "#layer0"},
				"west": {"uv": [9.025, 6.525, 9.475, 6.975], "texture": "#layer0"},
				"up": {"uv": [9.475, 6.525, 9.025, 6.975], "rotation": 180, "texture": "#layer0"}
			}
		},
		{
			"name": "pickaxe_100",
			"from": [9.5, 9, 7.55],
			"to": [10, 9.5, 8.45],
			"faces": {
				"north": {"uv": [9.525, 6.975, 9.975, 6.525], "rotation": 180, "texture": "#layer0"},
				"south": {"uv": [9.525, 6.525, 9.975, 6.975], "texture": "#layer0"},
				"west": {"uv": [9.525, 6.525, 9.975, 6.975], "texture": "#layer0"},
				"up": {"uv": [9.975, 6.525, 9.525, 6.975], "rotation": 180, "texture": "#layer0"}
			}
		},
		{
			"name": "pickaxe_101",
			"from": [10, 9, 7.55],
			"to": [10.5, 9.5, 8.45],
			"faces": {
				"north": {"uv": [10.025, 6.975, 10.475, 6.525], "rotation": 180, "texture": "#layer0"},
				"south": {"uv": [10.025, 6.525, 10.475, 6.975], "texture": "#layer0"}
			}
		},
		{
			"name": "pickaxe_102",
			"from": [10.5, 9, 7.55],
			"to": [11, 9.5, 8.45],
			"faces": {
				"north": {"uv": [10.525, 6.975, 10.975, 6.525], "rotation": 180, "texture": "#layer0"},
				"east": {"uv": [10.525, 6.525, 10.975, 6.975], "texture": "#layer0"},
				"south": {"uv": [10.525, 6.525, 10.975, 6.975], "texture": "#layer0"},
				"down": {"uv": [10.525, 6.525, 10.975, 6.975], "texture": "#layer0"}
			}
		},
		{
			"name": "pickaxe_103",
			"from": [11, 9, 7.75],
			"to": [11.5, 9.5, 8.25],
			"faces": {
				"north": {"uv": [11.025, 6.975, 11.475, 6.525], "rotation": 180, "texture": "#layer0"},
				"east": {"uv": [11.025, 6.525, 11.475, 6.975], "texture": "#layer0"},
				"south": {"uv": [11.025, 6.525, 11.475, 6.975], "texture": "#layer0"},
				"down": {"uv": [11.025, 6.525, 11.475, 6.975], "texture": "#layer0"}
			}
		},
		{
			"name": "pickaxe_104",
			"from": [12.5, 9, 7.75],
			"to": [13, 9.5, 8.25],
			"faces": {
				"north": {"uv": [12.525, 6.975, 12.975, 6.525], "rotation": 180, "texture": "#layer0"},
				"south": {"uv": [12.525, 6.525, 12.975, 6.975], "texture": "#layer0"},
				"west": {"uv": [12.525, 6.525, 12.975, 6.975], "texture": "#layer0"},
				"down": {"uv": [12.525, 6.525, 12.975, 6.975], "texture": "#layer0"}
			}
		},
		{
			"name": "pickaxe_105",
			"from": [13, 9, 7.55],
			"to": [13.5, 9.5, 8.45],
			"faces": {
				"north": {"uv": [13.025, 6.975, 13.475, 6.525], "rotation": 180, "texture": "#layer0"},
				"south": {"uv": [13.025, 6.525, 13.475, 6.975], "texture": "#layer0"},
				"west": {"uv": [13.025, 6.525, 13.475, 6.975], "texture": "#layer0"},
				"down": {"uv": [13.025, 6.525, 13.475, 6.975], "texture": "#layer0"}
			}
		},
		{
			"name": "pickaxe_106",
			"from": [13.5, 9, 7.55],
			"to": [14, 9.5, 8.45],
			"faces": {
				"north": {"uv": [13.525, 6.975, 13.975, 6.525], "rotation": 180, "texture": "#layer0"},
				"south": {"uv": [13.525, 6.525, 13.975, 6.975], "texture": "#layer0"}
			}
		},
		{
			"name": "pickaxe_107",
			"from": [14, 9, 7.55],
			"to": [14.5, 9.5, 8.45],
			"faces": {
				"north": {"uv": [14.025, 6.975, 14.475, 6.525], "rotation": 180, "texture": "#layer0"},
				"east": {"uv": [14.025, 6.525, 14.475, 6.975], "texture": "#layer0"},
				"south": {"uv": [14.025, 6.525, 14.475, 6.975], "texture": "#layer0"},
				"up": {"uv": [14.475, 6.525, 14.025, 6.975], "rotation": 180, "texture": "#layer0"}
			}
		},
		{
			"name": "pickaxe_108",
			"from": [14.5, 9, 7.75],
			"to": [15, 9.5, 8.25],
			"faces": {
				"north": {"uv": [14.525, 6.975, 14.975, 6.525], "rotation": 180, "texture": "#layer0"},
				"east": {"uv": [14.525, 6.525, 14.975, 6.975], "texture": "#layer0"},
				"south": {"uv": [14.525, 6.525, 14.975, 6.975], "texture": "#layer0"},
				"up": {"uv": [14.975, 6.525, 14.525, 6.975], "rotation": 180, "texture": "#layer0"}
			}
		},
		{
			"name": "pickaxe_109",
			"from": [8.5, 8.5, 7.75],
			"to": [9, 9, 8.25],
			"faces": {
				"north": {"uv": [8.525, 7.475, 8.975, 7.025], "rotation": 180, "texture": "#layer0"},
				"south": {"uv": [8.525, 7.025, 8.975, 7.475], "texture": "#layer0"},
				"west": {"uv": [8.525, 7.025, 8.975, 7.475], "texture": "#layer0"},
				"up": {"uv": [8.975, 7.025, 8.525, 7.475], "rotation": 180, "texture": "#layer0"}
			}
		},
		{
			"name": "pickaxe_110",
			"from": [9, 8.5, 7.55],
			"to": [9.5, 9, 8.45],
			"faces": {
				"north": {"uv": [9.025, 7.475, 9.475, 7.025], "rotation": 180, "texture": "#layer0"},
				"south": {"uv": [9.025, 7.025, 9.475, 7.475], "texture": "#layer0"},
				"west": {"uv": [9.025, 7.025, 9.475, 7.475], "texture": "#layer0"},
				"up": {"uv": [9.475, 7.025, 9.025, 7.475], "rotation": 180, "texture": "#layer0"}
			}
		},
		{
			"name": "pickaxe_111",
			"from": [9.5, 8.5, 7.55],
			"to": [10, 9, 8.45],
			"faces": {
				"north": {"uv": [9.525, 7.475, 9.975, 7.025], "rotation": 180, "texture": "#layer0"},
				"south": {"uv": [9.525, 7.025, 9.975, 7.475], "texture": "#layer0"}
			}
		},
		{
			"name": "pickaxe_112",
			"from": [10, 8.5, 7.55],
			"to": [10.5, 9, 8.45],
			"faces": {
				"north": {"uv": [10.025, 7.475, 10.475, 7.025], "rotation": 180, "texture": "#layer0"},
				"east": {"uv": [10.025, 7.025, 10.475, 7.475], "texture": "#layer0"},
				"south": {"uv": [10.025, 7.025, 10.475, 7.475], "texture": "#layer0"},
				"down": {"uv": [10.025, 7.025, 10.475, 7.475], "texture": "#layer0"}
			}
		},
		{
			"name": "pickaxe_113",
			"from": [10.5, 8.5, 7.75],
			"to": [11, 9, 8.25],
			"faces": {
				"north": {"uv": [10.525, 7.475, 10.975, 7.025], "rotation": 180, "texture": "#layer0"},
				"east": {"uv": [10.525, 7.025, 10.975, 7.475], "texture": "#layer0"},
				"south": {"uv": [10.525, 7.025, 10.975, 7.475], "texture": "#layer0"},
				"down": {"uv": [10.525, 7.025, 10.975, 7.475], "texture": "#layer0"}
			}
		},
		{
			"name": "pickaxe_114",
			"from": [13, 8.5, 7.75],
			"to": [13.5, 9, 8.25],
			"faces": {
				"north": {"uv": [13.025, 7.475, 13.475, 7.025], "rotation": 180, "texture": "#layer0"},
				"south": {"uv": [13.025, 7.025, 13.475, 7.475], "texture": "#layer0"},
				"west": {"uv": [13.025, 7.025, 13.475, 7.475], "texture": "#layer0"}
			}
		},
		{
			"name": "pickaxe_115",
			"from": [13.5, 8.5, 7.55],
			"to": [14, 9, 8.45],
			"faces": {
				"north": {"uv": [13.525, 7.475, 13.975, 7.025], "rotation": 180, "texture": "#layer0"},
				"south": {"uv": [13.525, 7.025, 13.975, 7.475], "texture": "#layer0"},
				"west": {"uv": [13.525, 7.025, 13.975, 7.475], "texture": "#layer0"}
			}
		},
		{
			"name": "pickaxe_116",
			"from": [14, 8.5, 7.55],
			"to": [14.5, 9, 8.45],
			"faces": {
				"north": {"uv": [14.025, 7.475, 14.475, 7.025], "rotation": 180, "texture": "#layer0"},
				"east": {"uv": [14.025, 7.025, 14.475, 7.475], "texture": "#layer0"},
				"south": {"uv": [14.025, 7.025, 14.475, 7.475], "texture": "#layer0"}
			}
		},
		{
			"name": "pickaxe_117",
			"from": [14.5, 8.5, 7.75],
			"to": [15, 9, 8.25],
			"faces": {
				"north": {"uv": [14.525, 7.475, 14.975, 7.025], "rotation": 180, "texture": "#layer0"},
				"east": {"uv": [14.525, 7.025, 14.975, 7.475], "texture": "#layer0"},
				"south": {"uv": [14.525, 7.025, 14.975, 7.475], "texture": "#layer0"}
			}
		},
		{
			"name": "pickaxe_118",
			"from": [8, 8, 7.75],
			"to": [8.5, 8.5, 8.25],
			"faces": {
				"north": {"uv": [8.025, 7.975, 8.475, 7.525], "rotation": 180, "texture": "#layer0"},
				"south": {"uv": [8.025, 7.525, 8.475, 7.975], "texture": "#layer0"},
				"west": {"uv": [8.025, 7.525, 8.475, 7.975], "texture": "#layer0"},
				"up": {"uv": [8.475, 7.525, 8.025, 7.975], "rotation": 180, "texture": "#layer0"}
			}
		},
		{
			"name": "pickaxe_119",
			"from": [8.5, 8, 7.55],
			"to": [9, 8.5, 8.45],
			"faces": {
				"north": {"uv": [8.525, 7.975, 8.975, 7.525], "rotation": 180, "texture": "#layer0"},
				"south": {"uv": [8.525, 7.525, 8.975, 7.975], "texture": "#layer0"},
				"west": {"uv": [8.525, 7.525, 8.975, 7.975], "texture": "#layer0"},
				"up": {"uv": [8.975, 7.525, 8.525, 7.975], "rotation": 180, "texture": "#layer0"}
			}
		},
		{
			"name": "pickaxe_120",
			"from": [9, 8, 7.55],
			"to": [9.5, 8.5, 8.45],
			"faces": {
				"north": {"uv": [9.025, 7.975, 9.475, 7.525], "rotation": 180, "texture": "#layer0"},
				"south": {"uv": [9.025, 7.525, 9.475, 7.975], "texture": "#layer0"}
			}
		},
		{
			"name": "pickaxe_121",
			"from": [9.5, 8, 7.55],
			"to": [10, 8.5, 8.45],
			"faces": {
				"north": {"uv": [9.525, 7.975, 9.975, 7.525], "rotation": 180, "texture": "#layer0"},
				"east": {"uv": [9.525, 7.525, 9.975, 7.975], "texture": "#layer0"},
				"south": {"uv": [9.525, 7.525, 9.975, 7.975], "texture": "#layer0"},
				"down": {"uv": [9.525, 7.525, 9.975, 7.975], "texture": "#layer0"}
			}
		},
		{
			"name": "pickaxe_122",
			"from": [10, 8, 7.75],
			"to": [10.5, 8.5, 8.25],
			"faces": {
				"north": {"uv": [10.025, 7.975, 10.475, 7.525], "rotation": 180, "texture": "#layer0"},
				"east": {"uv": [10.025, 7.525, 10.475, 7.975], "texture": "#layer0"},
				"south": {"uv": [10.025, 7.525, 10.475, 7.975], "texture": "#layer0"},
				"down": {"uv": [10.025, 7.525, 10.475, 7.975], "texture": "#layer0"}
			}
		},
		{
			"name": "pickaxe_123",
			"from": [13, 8, 7.75],
			"to": [13.5, 8.5, 8.25],
			"faces": {
				"north": {"uv": [13.025, 7.975, 13.475, 7.525], "rotation": 180, "texture": "#layer0"},
				"south": {"uv": [13.025, 7.525, 13.475, 7.975], "texture": "#layer0"},
				"west": {"uv": [13.025, 7.525, 13.475, 7.975], "texture": "#layer0"}
			}
		},
		{
			"name": "pickaxe_124",
			"from": [13.5, 8, 7.55],
			"to": [14, 8.5, 8.45],
			"faces": {
				"north": {"uv": [13.525, 7.975, 13.975, 7.525], "rotation": 180, "texture": "#layer0"},
				"south": {"uv": [13.525, 7.525, 13.975, 7.975], "texture": "#layer0"},
				"west": {"uv": [13.525, 7.525, 13.975, 7.975], "texture": "#layer0"}
			}
		},
		{
			"name": "pickaxe_125",
			"from": [14, 8, 7.55],
			"to": [14.5, 8.5, 8.45],
			"faces": {
				"north": {"uv": [14.025, 7.975, 14.475, 7.525], "rotation": 180, "texture": "#layer0"},
				"east": {"uv": [14.025, 7.525, 14.475, 7.975], "texture": "#layer0"},
				"south": {"uv": [14.025, 7.525, 14.475, 7.975], "texture": "#layer0"}
			}
		},
		{
			"name": "pickaxe_126",
			"from": [14.5, 8, 7.75],
			"to": [15, 8.5, 8.25],
			"faces": {
				"north": {"uv": [14.525, 7.975, 14.975, 7.525], "rotation": 180, "texture": "#layer0"},
				"east": {"uv": [14.525, 7.525, 14.975, 7.975], "texture": "#layer0"},
				"south": {"uv": [14.525, 7.525, 14.975, 7.975], "texture": "#layer0"}
			}
		},
		{
			"name": "pickaxe_127",
			"from": [7.5, 7.5, 7.75],
			"to": [8, 8, 8.25],
			"faces": {
				"north": {"uv": [7.525, 8.475, 7.975, 8.025], "rotation": 180, "texture": "#layer0"},
				"south": {"uv": [7.525, 8.025, 7.975, 8.475], "texture": "#layer0"},
				"west": {"uv": [7.525, 8.025, 7.975, 8.475], "texture": "#layer0"},
				"up": {"uv": [7.975, 8.025, 7.525, 8.475], "rotation": 180, "texture": "#layer0"}
			}
		},
		{
			"name": "pickaxe_128",
			"from": [8, 7.5, 7.55],
			"to": [8.5, 8, 8.45],
			"faces": {
				"north": {"uv": [8.025, 8.475, 8.475, 8.025], "rotation": 180, "texture": "#layer0"},
				"south": {"uv": [8.025, 8.025, 8.475, 8.475], "texture": "#layer0"},
				"west": {"uv": [8.025, 8.025, 8.475, 8.475], "texture": "#layer0"},
				"up": {"uv": [8.475, 8.025, 8.025, 8.475], "rotation": 180, "texture": "#layer0"}
			}
		},
		{
			"name": "pickaxe_129",
			"from": [8.5, 7.5, 7.55],
			"to": [9, 8, 8.45],
			"faces": {
				"north": {"uv": [8.525, 8.475, 8.975, 8.025], "rotation": 180, "texture": "#layer0"},
				"south": {"uv": [8.525, 8.025, 8.975, 8.475], "texture": "#layer0"}
			}
		},
		{
			"name": "pickaxe_130",
			"from": [9, 7.5, 7.55],
			"to": [9.5, 8, 8.45],
			"faces": {
				"north": {"uv": [9.025, 8.475, 9.475, 8.025], "rotation": 180, "texture": "#layer0"},
				"east": {"uv": [9.025, 8.025, 9.475, 8.475], "texture": "#layer0"},
				"south": {"uv": [9.025, 8.025, 9.475, 8.475], "texture": "#layer0"},
				"down": {"uv": [9.025, 8.025, 9.475, 8.475], "texture": "#layer0"}
			}
		},
		{
			"name": "pickaxe_131",
			"from": [9.5, 7.5, 7.75],
			"to": [10, 8, 8.25],
			"faces": {
				"north": {"uv": [9.525, 8.475, 9.975, 8.025], "rotation": 180, "texture": "#layer0"},
				"east": {"uv": [9.525, 8.025, 9.975, 8.475], "texture": "#layer0"},
				"south": {"uv": [9.525, 8.025, 9.975, 8.475], "texture": "#layer0"},
				"down": {"uv": [9.525, 8.025, 9.975, 8.475], "texture": "#layer0"}
			}
		},
		{
			"name": "pickaxe_132",
			"from": [13, 7.5, 7.75],
			"to": [13.5, 8, 8.25],
			"faces": {
				"north": {"uv": [13.025, 8.475, 13.475, 8.025], "rotation": 180, "texture": "#layer0"},
				"south": {"uv": [13.025, 8.025, 13.475, 8.475], "texture": "#layer0"},
				"west": {"uv": [13.025, 8.025, 13.475, 8.475], "texture": "#layer0"}
			}
		},
		{
			"name": "pickaxe_133",
			"from": [13.5, 7.5, 7.55],
			"to": [14, 8, 8.45],
			"faces": {
				"north": {"uv": [13.525, 8.475, 13.975, 8.025], "rotation": 180, "texture": "#layer0"},
				"south": {"uv": [13.525, 8.025, 13.975, 8.475], "texture": "#layer0"},
				"west": {"uv": [13.525, 8.025, 13.975, 8.475], "texture": "#layer0"}
			}
		},
		{
			"name": "pickaxe_134",
			"from": [14, 7.5, 7.55],
			"to": [14.5, 8, 8.45],
			"faces": {
				"north": {"uv": [14.025, 8.475, 14.475, 8.025], "rotation": 180, "texture": "#layer0"},
				"east": {"uv": [14.025, 8.025, 14.475, 8.475], "texture": "#layer0"},
				"south": {"uv": [14.025, 8.025, 14.475, 8.475], "texture": "#layer0"}
			}
		},
		{
			"name": "pickaxe_135",
			"from": [14.5, 7.5, 7.75],
			"to": [15, 8, 8.25],
			"faces": {
				"north": {"uv": [14.525, 8.475, 14.975, 8.025], "rotation": 180, "texture": "#layer0"},
				"east": {"uv": [14.525, 8.025, 14.975, 8.475], "texture": "#layer0"},
				"south": {"uv": [14.525, 8.025, 14.975, 8.475], "texture": "#layer0"}
			}
		},
		{
			"name": "pickaxe_136",
			"from": [7, 7, 7.75],
			"to": [7.5, 7.5, 8.25],
			"faces": {
				"north": {"uv": [7.025, 8.975, 7.475, 8.525], "rotation": 180, "texture": "#layer0"},
				"south": {"uv": [7.025, 8.525, 7.475, 8.975], "texture": "#layer0"},
				"west": {"uv": [7.025, 8.525, 7.475, 8.975], "texture": "#layer0"},
				"up": {"uv": [7.475, 8.525, 7.025, 8.975], "rotation": 180, "texture": "#layer0"}
			}
		},
		{
			"name": "pickaxe_137",
			"from": [7.5, 7, 7.55],
			"to": [8, 7.5, 8.45],
			"faces": {
				"north": {"uv": [7.525, 8.975, 7.975, 8.525], "rotation": 180, "texture": "#layer0"},
				"south": {"uv": [7.525, 8.525, 7.975, 8.975], "texture": "#layer0"},
				"west": {"uv": [7.525, 8.525, 7.975, 8.975], "texture": "#layer0"},
				"up": {"uv": [7.975, 8.525, 7.525, 8.975], "rotation": 180, "texture": "#layer0"}
			}
		},
		{
			"name": "pickaxe_138",
			"from": [8, 7, 7.55],
			"to": [8.5, 7.5, 8.45],
			"faces": {
				"north": {"uv": [8.025, 8.975, 8.475, 8.525], "rotation": 180, "texture": "#layer0"},
				"south": {"uv": [8.025, 8.525, 8.475, 8.975], "texture": "#layer0"}
			}
		},
		{
			"name": "pickaxe_139",
			"from": [8.5, 7, 7.55],
			"to": [9, 7.5, 8.45],
			"faces": {
				"north": {"uv": [8.525, 8.975, 8.975, 8.525], "rotation": 180, "texture": "#layer0"},
				"east": {"uv": [8.525, 8.525, 8.975, 8.975], "texture": "#layer0"},
				"south": {"uv": [8.525, 8.525, 8.975, 8.975], "texture": "#layer0"},
				"down": {"uv": [8.525, 8.525, 8.975, 8.975], "texture": "#layer0"}
			}
		},
		{
			"name": "pickaxe_140",
			"from": [9, 7, 7.75],
			"to": [9.5, 7.5, 8.25],
			"faces": {
				"north": {"uv": [9.025, 8.975, 9.475, 8.525], "rotation": 180, "texture": "#layer0"},
				"east": {"uv": [9.025, 8.525, 9.475, 8.975], "texture": "#layer0"},
				"south": {"uv": [9.025, 8.525, 9.475, 8.975], "texture": "#layer0"},
				"down": {"uv": [9.025, 8.525, 9.475, 8.975], "texture": "#layer0"}
			}
		},
		{
			"name": "pickaxe_141",
			"from": [13, 7, 7.75],
			"to": [13.5, 7.5, 8.25],
			"faces": {
				"north": {"uv": [13.025, 8.975, 13.475, 8.525], "rotation": 180, "texture": "#layer0"},
				"south": {"uv": [13.025, 8.525, 13.475, 8.975], "texture": "#layer0"},
				"west": {"uv": [13.025, 8.525, 13.475, 8.975], "texture": "#layer0"}
			}
		},
		{
			"name": "pickaxe_142",
			"from": [13.5, 7, 7.55],
			"to": [14, 7.5, 8.45],
			"faces": {
				"north": {"uv": [13.525, 8.975, 13.975, 8.525], "rotation": 180, "texture": "#layer0"},
				"south": {"uv": [13.525, 8.525, 13.975, 8.975], "texture": "#layer0"},
				"west": {"uv": [13.525, 8.525, 13.975, 8.975], "texture": "#layer0"}
			}
		},
		{
			"name": "pickaxe_143",
			"from": [14, 7, 7.55],
			"to": [14.5, 7.5, 8.45],
			"faces": {
				"north": {"uv": [14.025, 8.975, 14.475, 8.525], "rotation": 180, "texture": "#layer0"},
				"east": {"uv": [14.025, 8.525, 14.475, 8.975], "texture": "#layer0"},
				"south": {"uv": [14.025, 8.525, 14.475, 8.975], "texture": "#layer0"}
			}
		},
		{
			"name": "pickaxe_144",
			"from": [14.5, 7, 7.75],
			"to": [15, 7.5, 8.25],
			"faces": {
				"north": {"uv": [14.525, 8.975, 14.975, 8.525], "rotation": 180, "texture": "#layer0"},
				"east": {"uv": [14.525, 8.525, 14.975, 8.975], "texture": "#layer0"},
				"south": {"uv": [14.525, 8.525, 14.975, 8.975], "texture": "#layer0"}
			}
		},
		{
			"name": "pickaxe_145",
			"from": [6.5, 6.5, 7.75],
			"to": [7, 7, 8.25],
			"faces": {
				"north": {"uv": [6.525, 9.475, 6.975, 9.025], "rotation": 180, "texture": "#layer0"},
				"south": {"uv": [6.525, 9.025, 6.975, 9.475], "texture": "#layer0"},
				"west": {"uv": [6.525, 9.025, 6.975, 9.475], "texture": "#layer0"},
				"up": {"uv": [6.975, 9.025, 6.525, 9.475], "rotation": 180, "texture": "#layer0"}
			}
		},
		{
			"name": "pickaxe_146",
			"from": [7, 6.5, 7.55],
			"to": [7.5, 7, 8.45],
			"faces": {
				"north": {"uv": [7.025, 9.475, 7.475, 9.025], "rotation": 180, "texture": "#layer0"},
				"south": {"uv": [7.025, 9.025, 7.475, 9.475], "texture": "#layer0"},
				"west": {"uv": [7.025, 9.025, 7.475, 9.475], "texture": "#layer0"},
				"up": {"uv": [7.475, 9.025, 7.025, 9.475], "rotation": 180, "texture": "#layer0"}
			}
		},
		{
			"name": "pickaxe_147",
			"from": [7.5, 6.5, 7.55],
			"to": [8, 7, 8.45],
			"faces": {
				"north": {"uv": [7.525, 9.475, 7.975, 9.025], "rotation": 180, "texture": "#layer0"},
				"south": {"uv": [7.525, 9.025, 7.975, 9.475], "texture": "#layer0"}
			}
		},
		{
			"name": "pickaxe_148",
			"from": [8, 6.5, 7.55],
			"to": [8.5, 7, 8.45],
			"faces": {
				"north": {"uv": [8.025, 9.475, 8.475, 9.025], "rotation": 180, "texture": "#layer0"},
				"east": {"uv": [8.025, 9.025, 8.475, 9.475], "texture": "#layer0"},
				"south": {"uv": [8.025, 9.025, 8.475, 9.475], "texture": "#layer0"},
				"down": {"uv": [8.025, 9.025, 8.475, 9.475], "texture": "#layer0"}
			}
		},
		{
			"name": "pickaxe_149",
			"from": [8.5, 6.5, 7.75],
			"to": [9, 7, 8.25],
			"faces": {
				"north": {"uv": [8.525, 9.475, 8.975, 9.025], "rotation": 180, "texture": "#layer0"},
				"east": {"uv": [8.525, 9.025, 8.975, 9.475], "texture": "#layer0"},
				"south": {"uv": [8.525, 9.025, 8.975, 9.475], "texture": "#layer0"},
				"down": {"uv": [8.525, 9.025, 8.975, 9.475], "texture": "#layer0"}
			}
		},
		{
			"name": "pickaxe_150",
			"from": [13, 6.5, 7.75],
			"to": [13.5, 7, 8.25],
			"faces": {
				"north": {"uv": [13.025, 9.475, 13.475, 9.025], "rotation": 180, "texture": "#layer0"},
				"south": {"uv": [13.025, 9.025, 13.475, 9.475], "texture": "#layer0"},
				"west": {"uv": [13.025, 9.025, 13.475, 9.475], "texture": "#layer0"}
			}
		},
		{
			"name": "pickaxe_151",
			"from": [13.5, 6.5, 7.55],
			"to": [14, 7, 8.45],
			"faces": {
				"north": {"uv": [13.525, 9.475, 13.975, 9.025], "rotation": 180, "texture": "#layer0"},
				"south": {"uv": [13.525, 9.025, 13.975, 9.475], "texture": "#layer0"},
				"west": {"uv": [13.525, 9.025, 13.975, 9.475], "texture": "#layer0"}
			}
		},
		{
			"name": "pickaxe_152",
			"from": [14, 6.5, 7.55],
			"to": [14.5, 7, 8.45],
			"faces": {
				"north": {"uv": [14.025, 9.475, 14.475, 9.025], "rotation": 180, "texture": "#layer0"},
				"east": {"uv": [14.025, 9.025, 14.475, 9.475], "texture": "#layer0"},
				"south": {"uv": [14.025, 9.025, 14.475, 9.475], "texture": "#layer0"}
			}
		},
		{
			"name": "pickaxe_153",
			"from": [14.5, 6.5, 7.75],
			"to": [15, 7, 8.25],
			"faces": {
				"north": {"uv": [14.525, 9.475, 14.975, 9.025], "rotation": 180, "texture": "#layer0"},
				"east": {"uv": [14.525, 9.025, 14.975, 9.475], "texture": "#layer0"},
				"south": {"uv": [14.525, 9.025, 14.975, 9.475], "texture": "#layer0"}
			}
		},
		{
			"name": "pickaxe_154",
			"from": [6, 6, 7.75],
			"to": [6.5, 6.5, 8.25],
			"faces": {
				"north": {"uv": [6.025, 9.975, 6.475, 9.525], "rotation": 180, "texture": "#layer0"},
				"south": {"uv": [6.025, 9.525, 6.475, 9.975], "texture": "#layer0"},
				"west": {"uv": [6.025, 9.525, 6.475, 9.975], "texture": "#layer0"},
				"up": {"uv": [6.475, 9.525, 6.025, 9.975], "rotation": 180, "texture": "#layer0"}
			}
		},
		{
			"name": "pickaxe_155",
			"from": [6.5, 6, 7.55],
			"to": [7, 6.5, 8.45],
			"faces": {
				"north": {"uv": [6.525, 9.975, 6.975, 9.525], "rotation": 180, "texture": "#layer0"},
				"south": {"uv": [6.525, 9.525, 6.975, 9.975], "texture": "#layer0"},
				"west": {"uv": [6.525, 9.525, 6.975, 9.975], "texture": "#layer0"},
				"up": {"uv": [6.975, 9.525, 6.525, 9.975], "rotation": 180, "texture": "#layer0"}
			}
		},
		{
			"name": "pickaxe_156",
			"from": [7, 6, 7.55],
			"to": [7.5, 6.5, 8.45],
			"faces": {
				"north": {"uv": [7.025, 9.975, 7.475, 9.525], "rotation": 180, "texture": "#layer0"},
				"south": {"uv": [7.025, 9.525, 7.475, 9.975], "texture": "#layer0"}
			}
		},
		{
			"name": "pickaxe_157",
			"from": [7.5, 6, 7.55],
			"to": [8, 6.5, 8.45],
			"faces": {
				"north": {"uv": [7.525, 9.975, 7.975, 9.525], "rotation": 180, "texture": "#layer0"},
				"east": {"uv": [7.525, 9.525, 7.975, 9.975], "texture": "#layer0"},
				"south": {"uv": [7.525, 9.525, 7.975, 9.975], "texture": "#layer0"},
				"down": {"uv": [7.525, 9.525, 7.975, 9.975], "texture": "#layer0"}
			}
		},
		{
			"name": "pickaxe_158",
			"from": [8, 6, 7.75],
			"to": [8.5, 6.5, 8.25],
			"faces": {
				"north": {"uv": [8.025, 9.975, 8.475, 9.525], "rotation": 180, "texture": "#layer0"},
				"east": {"uv": [8.025, 9.525, 8.475, 9.975], "texture": "#layer0"},
				"south": {"uv": [8.025, 9.525, 8.475, 9.975], "texture": "#layer0"},
				"down": {"uv": [8.025, 9.525, 8.475, 9.975], "texture": "#layer0"}
			}
		},
		{
			"name": "pickaxe_159",
			"from": [13, 6, 7.75],
			"to": [13.5, 6.5, 8.25],
			"faces": {
				"north": {"uv": [13.025, 9.975, 13.475, 9.525], "rotation": 180, "texture": "#layer0"},
				"south": {"uv": [13.025, 9.525, 13.475, 9.975], "texture": "#layer0"},
				"west": {"uv": [13.025, 9.525, 13.475, 9.975], "texture": "#layer0"}
			}
		},
		{
			"name": "pickaxe_160",
			"from": [13.5, 6, 7.55],
			"to": [14, 6.5, 8.45],
			"faces": {
				"north": {"uv": [13.525, 9.975, 13.975, 9.525], "rotation": 180, "texture": "#layer0"},
				"south": {"uv": [13.525, 9.525, 13.975, 9.975], "texture": "#layer0"},
				"west": {"uv": [13.525, 9.525, 13.975, 9.975], "texture": "#layer0"}
			}
		},
		{
			"name": "pickaxe_161",
			"from": [14, 6, 7.55],
			"to": [14.5, 6.5, 8.45],
			"faces": {
				"north": {"uv": [14.025, 9.975, 14.475, 9.525], "rotation": 180, "texture": "#layer0"},
				"east": {"uv": [14.025, 9.525, 14.475, 9.975], "texture": "#layer0"},
				"south": {"uv": [14.025, 9.525, 14.475, 9.975], "texture": "#layer0"}
			}
		},
		{
			"name": "pickaxe_162",
			"from": [14.5, 6, 7.75],
			"to": [15, 6.5, 8.25],
			"faces": {
				"north": {"uv": [14.525, 9.975, 14.975, 9.525], "rotation": 180, "texture": "#layer0"},
				"east": {"uv": [14.525, 9.525, 14.975, 9.975], "texture": "#layer0"},
				"south": {"uv": [14.525, 9.525, 14.975, 9.975], "texture": "#layer0"}
			}
		},
		{
			"name": "pickaxe_163",
			"from": [5.5, 5.5, 7.75],
			"to": [6, 6, 8.25],
			"faces": {
				"north": {"uv": [5.525, 10.475, 5.975, 10.025], "rotation": 180, "texture": "#layer0"},
				"south": {"uv": [5.525, 10.025, 5.975, 10.475], "texture": "#layer0"},
				"west": {"uv": [5.525, 10.025, 5.975, 10.475], "texture": "#layer0"},
				"up": {"uv": [5.975, 10.025, 5.525, 10.475], "rotation": 180, "texture": "#layer0"}
			}
		},
		{
			"name": "pickaxe_164",
			"from": [6, 5.5, 7.55],
			"to": [6.5, 6, 8.45],
			"faces": {
				"north": {"uv": [6.025, 10.475, 6.475, 10.025], "rotation": 180, "texture": "#layer0"},
				"south": {"uv": [6.025, 10.025, 6.475, 10.475], "texture": "#layer0"},
				"west": {"uv": [6.025, 10.025, 6.475, 10.475], "texture": "#layer0"},
				"up": {"uv": [6.475, 10.025, 6.025, 10.475], "rotation": 180, "texture": "#layer0"}
			}
		},
		{
			"name": "pickaxe_165",
			"from": [6.5, 5.5, 7.55],
			"to": [7, 6, 8.45],
			"faces": {
				"north": {"uv": [6.525, 10.475, 6.975, 10.025], "rotation": 180, "texture": "#layer0"},
				"south": {"uv": [6.525, 10.025, 6.975, 10.475], "texture": "#layer0"}
			}
		},
		{
			"name": "pickaxe_166",
			"from": [7, 5.5, 7.55],
			"to": [7.5, 6, 8.45],
			"faces": {
				"north": {"uv": [7.025, 10.475, 7.475, 10.025], "rotation": 180, "texture": "#layer0"},
				"east": {"uv": [7.025, 10.025, 7.475, 10.475], "texture": "#layer0"},
				"south": {"uv": [7.025, 10.025, 7.475, 10.475], "texture": "#layer0"},
				"down": {"uv": [7.025, 10.025, 7.475, 10.475], "texture": "#layer0"}
			}
		},
		{
			"name": "pickaxe_167",
			"from": [7.5, 5.5, 7.75],
			"to": [8, 6, 8.25],
			"faces": {
				"north": {"uv": [7.525, 10.475, 7.975, 10.025], "rotation": 180, "texture": "#layer0"},
				"east": {"uv": [7.525, 10.025, 7.975, 10.475], "texture": "#layer0"},
				"south": {"uv": [7.525, 10.025, 7.975, 10.475], "texture": "#layer0"},
				"down": {"uv": [7.525, 10.025, 7.975, 10.475], "texture": "#layer0"}
			}
		},
		{
			"name": "pickaxe_168",
			"from": [13, 5.5, 7.75],
			"to": [13.5, 6, 8.25],
			"faces": {
				"north": {"uv": [13.025, 10.475, 13.475, 10.025], "rotation": 180, "texture": "#layer0"},
				"south": {"uv": [13.025, 10.025, 13.475, 10.475], "texture": "#layer0"},
				"west": {"uv": [13.025, 10.025, 13.475, 10.475], "texture": "#layer0"}
			}
		},
		{
			"name": "pickaxe_169",
			"from": [13.5, 5.5, 7.55],
			"to": [14, 6, 8.45],
			"faces": {
				"north": {"uv": [13.525, 10.475, 13.975, 10.025], "rotation": 180, "texture": "#layer0"},
				"south": {"uv": [13.525, 10.025, 13.975, 10.475], "texture": "#layer0"},
				"west": {"uv": [13.525, 10.025, 13.975, 10.475], "texture": "#layer0"}
			}
		},
		{
			"name": "pickaxe_170",
			"from": [14, 5.5, 7.55],
			"to": [14.5, 6, 8.45],
			"faces": {
				"north": {"uv": [14.025, 10.475, 14.475, 10.025], "rotation": 180, "texture": "#layer0"},
				"east": {"uv": [14.025, 10.025, 14.475, 10.475], "texture": "#layer0"},
				"south": {"uv": [14.025, 10.025, 14.475, 10.475], "texture": "#layer0"}
			}
		},
		{
			"name": "pickaxe_171",
			"from": [14.5, 5.5, 7.75],
			"to": [15, 6, 8.25],
			"faces": {
				"north": {"uv": [14.525, 10.475, 14.975, 10.025], "rotation": 180, "texture": "#layer0"},
				"east": {"uv": [14.525, 10.025, 14.975, 10.475], "texture": "#layer0"},
				"south": {"uv": [14.525, 10.025, 14.975, 10.475], "texture": "#layer0"}
			}
		},
		{
			"name": "pickaxe_172",
			"from": [5, 5, 7.75],
			"to": [5.5, 5.5, 8.25],
			"faces": {
				"north": {"uv": [5.025, 10.975, 5.475, 10.525], "rotation": 180, "texture": "#layer0"},
				"south": {"uv": [5.025, 10.525, 5.475, 10.975], "texture": "#layer0"},
				"west": {"uv": [5.025, 10.525, 5.475, 10.975], "texture": "#layer0"},
				"up": {"uv": [5.475, 10.525, 5.025, 10.975], "rotation": 180, "texture": "#layer0"}
			}
		},
		{
			"name": "pickaxe_173",
			"from": [5.5, 5, 7.55],
			"to": [6, 5.5, 8.45],
			"faces": {
				"north": {"uv": [5.525, 10.975, 5.975, 10.525], "rotation": 180, "texture": "#layer0"},
				"south": {"uv": [5.525, 10.525, 5.975, 10.975], "texture": "#layer0"},
				"west": {"uv": [5.525, 10.525, 5.975, 10.975], "texture": "#layer0"},
				"up": {"uv": [5.975, 10.525, 5.525, 10.975], "rotation": 180, "texture": "#layer0"}
			}
		},
		{
			"name": "pickaxe_174",
			"from": [6, 5, 7.55],
			"to": [6.5, 5.5, 8.45],
			"faces": {
				"north": {"uv": [6.025, 10.975, 6.475, 10.525], "rotation": 180, "texture": "#layer0"},
				"south": {"uv": [6.025, 10.525, 6.475, 10.975], "texture": "#layer0"}
			}
		},
		{
			"name": "pickaxe_175",
			"from": [6.5, 5, 7.55],
			"to": [7, 5.5, 8.45],
			"faces": {
				"north": {"uv": [6.525, 10.975, 6.975, 10.525], "rotation": 180, "texture": "#layer0"},
				"east": {"uv": [6.525, 10.525, 6.975, 10.975], "texture": "#layer0"},
				"south": {"uv": [6.525, 10.525, 6.975, 10.975], "texture": "#layer0"},
				"down": {"uv": [6.525, 10.525, 6.975, 10.975], "texture": "#layer0"}
			}
		},
		{
			"name": "pickaxe_176",
			"from": [7, 5, 7.75],
			"to": [7.5, 5.5, 8.25],
			"faces": {
				"north": {"uv": [7.025, 10.975, 7.475, 10.525], "rotation": 180, "texture": "#layer0"},
				"east": {"uv": [7.025, 10.525, 7.475, 10.975], "texture": "#layer0"},
				"south": {"uv": [7.025, 10.525, 7.475, 10.975], "texture": "#layer0"},
				"down": {"uv": [7.025, 10.525, 7.475, 10.975], "texture": "#layer0"}
			}
		},
		{
			"name": "pickaxe_177",
			"from": [13, 5, 7.75],
			"to": [13.5, 5.5, 8.25],
			"faces": {
				"north": {"uv": [13.025, 10.975, 13.475, 10.525], "rotation": 180, "texture": "#layer0"},
				"south": {"uv": [13.025, 10.525, 13.475, 10.975], "texture": "#layer0"},
				"west": {"uv": [13.025, 10.525, 13.475, 10.975], "texture": "#layer0"},
				"down": {"uv": [13.025, 10.525, 13.475, 10.975], "texture": "#layer0"}
			}
		},
		{
			"name": "pickaxe_178",
			"from": [13.5, 5, 7.55],
			"to": [14, 5.5, 8.45],
			"faces": {
				"north": {"uv": [13.525, 10.975, 13.975, 10.525], "rotation": 180, "texture": "#layer0"},
				"south": {"uv": [13.525, 10.525, 13.975, 10.975], "texture": "#layer0"},
				"west": {"uv": [13.525, 10.525, 13.975, 10.975], "texture": "#layer0"},
				"down": {"uv": [13.525, 10.525, 13.975, 10.975], "texture": "#layer0"}
			}
		},
		{
			"name": "pickaxe_179",
			"from": [14, 5, 7.55],
			"to": [14.5, 5.5, 8.45],
			"faces": {
				"north": {"uv": [14.025, 10.975, 14.475, 10.525], "rotation": 180, "texture": "#layer0"},
				"east": {"uv": [14.025, 10.525, 14.475, 10.975], "texture": "#layer0"},
				"south": {"uv": [14.025, 10.525, 14.475, 10.975], "texture": "#layer0"}
			}
		},
		{
			"name": "pickaxe_180",
			"from": [14.5, 5, 7.75],
			"to": [15, 5.5, 8.25],
			"faces": {
				"north": {"uv": [14.525, 10.975, 14.975, 10.525], "rotation": 180, "texture": "#layer0"},
				"east": {"uv": [14.525, 10.525, 14.975, 10.975], "texture": "#layer0"},
				"south": {"uv": [14.525, 10.525, 14.975, 10.975], "texture": "#layer0"}
			}
		},
		{
			"name": "pickaxe_181",
			"from": [4.5, 4.5, 7.75],
			"to": [5, 5, 8.25],
			"faces": {
				"north": {"uv": [4.525, 11.475, 4.975, 11.025], "rotation": 180, "texture": "#layer0"},
				"south": {"uv": [4.525, 11.025, 4.975, 11.475], "texture": "#layer0"},
				"west": {"uv": [4.525, 11.025, 4.975, 11.475], "texture": "#layer0"},
				"up": {"uv": [4.975, 11.025, 4.525, 11.475], "rotation": 180, "texture": "#layer0"}
			}
		},
		{
			"name": "pickaxe_182",
			"from": [5, 4.5, 7.55],
			"to": [5.5, 5, 8.45],
			"faces": {
				"north": {"uv": [5.025, 11.475, 5.475, 11.025], "rotation": 180, "texture": "#layer0"},
				"south": {"uv": [5.025, 11.025, 5.475, 11.475], "texture": "#layer0"},
				"west": {"uv": [5.025, 11.025, 5.475, 11.475], "texture": "#layer0"},
				"up": {"uv": [5.475, 11.025, 5.025, 11.475], "rotation": 180, "texture": "#layer0"}
			}
		},
		{
			"name": "pickaxe_183",
			"from": [5.5, 4.5, 7.55],
			"to": [6, 5, 8.45],
			"faces": {
				"north": {"uv": [5.525, 11.475, 5.975, 11.025], "rotation": 180, "texture": "#layer0"},
				"south": {"uv": [5.525, 11.025, 5.975, 11.475], "texture": "#layer0"}
			}
		},
		{
			"name": "pickaxe_184",
			"from": [6, 4.5, 7.55],
			"to": [6.5, 5, 8.45],
			"faces": {
				"north": {"uv": [6.025, 11.475, 6.475, 11.025], "rotation": 180, "texture": "#layer0"},
				"east": {"uv": [6.025, 11.025, 6.475, 11.475], "texture": "#layer0"},
				"south": {"uv": [6.025, 11.025, 6.475, 11.475], "texture": "#layer0"},
				"down": {"uv": [6.025, 11.025, 6.475, 11.475], "texture": "#layer0"}
			}
		},
		{
			"name": "pickaxe_185",
			"from": [6.5, 4.5, 7.75],
			"to": [7, 5, 8.25],
			"faces": {
				"north": {"uv": [6.525, 11.475, 6.975, 11.025], "rotation": 180, "texture": "#layer0"},
				"east": {"uv": [6.525, 11.025, 6.975, 11.475], "texture": "#layer0"},
				"south": {"uv": [6.525, 11.025, 6.975, 11.475], "texture": "#layer0"},
				"down": {"uv": [6.525, 11.025, 6.975, 11.475], "texture": "#layer0"}
			}
		},
		{
			"name": "pickaxe_186",
			"from": [13.5, 4.5, 7.75],
			"to": [14, 5, 8.25],
			"faces": {
				"north": {"uv": [13.525, 11.475, 13.975, 11.025], "rotation": 180, "texture": "#layer0"},
				"south": {"uv": [13.525, 11.025, 13.975, 11.475], "texture": "#layer0"},
				"west": {"uv": [13.525, 11.025, 13.975, 11.475], "texture": "#layer0"},
				"down": {"uv": [13.525, 11.025, 13.975, 11.475], "texture": "#layer0"}
			}
		},
		{
			"name": "pickaxe_187",
			"from": [14, 4.5, 7.55],
			"to": [14.5, 5, 8.45],
			"faces": {
				"north": {"uv": [14.025, 11.475, 14.475, 11.025], "rotation": 180, "texture": "#layer0"},
				"east": {"uv": [14.025, 11.025, 14.475, 11.475], "texture": "#layer0"},
				"south": {"uv": [14.025, 11.025, 14.475, 11.475], "texture": "#layer0"},
				"west": {"uv": [14.025, 11.025, 14.475, 11.475], "texture": "#layer0"},
				"down": {"uv": [14.025, 11.025, 14.475, 11.475], "texture": "#layer0"}
			}
		},
		{
			"name": "pickaxe_188",
			"from": [14.5, 4.5, 7.75],
			"to": [15, 5, 8.25],
			"faces": {
				"north": {"uv": [14.525, 11.475, 14.975, 11.025], "rotation": 180, "texture": "#layer0"},
				"east": {"uv": [14.525, 11.025, 14.975, 11.475], "texture": "#layer0"},
				"south": {"uv": [14.525, 11.025, 14.975, 11.475], "texture": "#layer0"},
				"down": {"uv": [14.525, 11.025, 14.975, 11.475], "texture": "#layer0"}
			}
		},
		{
			"name": "pickaxe_189",
			"from": [4, 4, 7.75],
			"to": [4.5, 4.5, 8.25],
			"faces": {
				"north": {"uv": [4.025, 11.975, 4.475, 11.525], "rotation": 180, "texture": "#layer0"},
				"south": {"uv": [4.025, 11.525, 4.475, 11.975], "texture": "#layer0"},
				"west": {"uv": [4.025, 11.525, 4.475, 11.975], "texture": "#layer0"},
				"up": {"uv": [4.475, 11.525, 4.025, 11.975], "rotation": 180, "texture": "#layer0"}
			}
		},
		{
			"name": "pickaxe_190",
			"from": [4.5, 4, 7.55],
			"to": [5, 4.5, 8.45],
			"faces": {
				"north": {"uv": [4.525, 11.975, 4.975, 11.525], "rotation": 180, "texture": "#layer0"},
				"south": {"uv": [4.525, 11.525, 4.975, 11.975], "texture": "#layer0"},
				"west": {"uv": [4.525, 11.525, 4.975, 11.975], "texture": "#layer0"},
				"up": {"uv": [4.975, 11.525, 4.525, 11.975], "rotation": 180, "texture": "#layer0"}
			}
		},
		{
			"name": "pickaxe_191",
			"from": [5, 4, 7.55],
			"to": [5.5, 4.5, 8.45],
			"faces": {
				"north": {"uv": [5.025, 11.975, 5.475, 11.525], "rotation": 180, "texture": "#layer0"},
				"south": {"uv": [5.025, 11.525, 5.475, 11.975], "texture": "#layer0"}
			}
		},
		{
			"name": "pickaxe_192",
			"from": [5.5, 4, 7.55],
			"to": [6, 4.5, 8.45],
			"faces": {
				"north": {"uv": [5.525, 11.975, 5.975, 11.525], "rotation": 180, "texture": "#layer0"},
				"east": {"uv": [5.525, 11.525, 5.975, 11.975], "texture": "#layer0"},
				"south": {"uv": [5.525, 11.525, 5.975, 11.975], "texture": "#layer0"},
				"down": {"uv": [5.525, 11.525, 5.975, 11.975], "texture": "#layer0"}
			}
		},
		{
			"name": "pickaxe_193",
			"from": [6, 4, 7.75],
			"to": [6.5, 4.5, 8.25],
			"faces": {
				"north": {"uv": [6.025, 11.975, 6.475, 11.525], "rotation": 180, "texture": "#layer0"},
				"east": {"uv": [6.025, 11.525, 6.475, 11.975], "texture": "#layer0"},
				"south": {"uv": [6.025, 11.525, 6.475, 11.975], "texture": "#layer0"},
				"down": {"uv": [6.025, 11.525, 6.475, 11.975], "texture": "#layer0"}
			}
		},
		{
			"name": "pickaxe_194",
			"from": [14, 4, 7.75],
			"to": [14.5, 4.5, 8.25],
			"faces": {
				"north": {"uv": [14.025, 11.975, 14.475, 11.525], "rotation": 180, "texture": "#layer0"},
				"east": {"uv": [14.025, 11.525, 14.475, 11.975], "texture": "#layer0"},
				"south": {"uv": [14.025, 11.525, 14.475, 11.975], "texture": "#layer0"},
				"west": {"uv": [14.025, 11.525, 14.475, 11.975], "texture": "#layer0"},
				"down": {"uv": [14.025, 11.525, 14.475, 11.975], "texture": "#layer0"}
			}
		},
		{
			"name": "pickaxe_195",
			"from": [3.5, 3.5, 7.75],
			"to": [4, 4, 8.25],
			"faces": {
				"north": {"uv": [3.525, 12.475, 3.975, 12.025], "rotation": 180, "texture": "#layer0"},
				"south": {"uv": [3.525, 12.025, 3.975, 12.475], "texture": "#layer0"},
				"west": {"uv": [3.525, 12.025, 3.975, 12.475], "texture": "#layer0"},
				"up": {"uv": [3.975, 12.025, 3.525, 12.475], "rotation": 180, "texture": "#layer0"}
			}
		},
		{
			"name": "pickaxe_196",
			"from": [4, 3.5, 7.55],
			"to": [4.5, 4, 8.45],
			"faces": {
				"north": {"uv": [4.025, 12.475, 4.475, 12.025], "rotation": 180, "texture": "#layer0"},
				"south": {"uv": [4.025, 12.025, 4.475, 12.475], "texture": "#layer0"},
				"west": {"uv": [4.025, 12.025, 4.475, 12.475], "texture": "#layer0"},
				"up": {"uv": [4.475, 12.025, 4.025, 12.475], "rotation": 180, "texture": "#layer0"}
			}
		},
		{
			"name": "pickaxe_197",
			"from": [4.5, 3.5, 7.55],
			"to": [5, 4, 8.45],
			"faces": {
				"north": {"uv": [4.525, 12.475, 4.975, 12.025], "rotation": 180, "texture": "#layer0"},
				"south": {"uv": [4.525, 12.025, 4.975, 12.475], "texture": "#layer0"}
			}
		},
		{
			"name": "pickaxe_198",
			"from": [5, 3.5, 7.55],
			"to": [5.5, 4, 8.45],
			"faces": {
				"north": {"uv": [5.025, 12.475, 5.475, 12.025], "rotation": 180, "texture": "#layer0"},
				"east": {"uv": [5.025, 12.025, 5.475, 12.475], "texture": "#layer0"},
				"south": {"uv": [5.025, 12.025, 5.475, 12.475], "texture": "#layer0"},
				"down": {"uv": [5.025, 12.025, 5.475, 12.475], "texture": "#layer0"}
			}
		},
		{
			"name": "pickaxe_199",
			"from": [5.5, 3.5, 7.75],
			"to": [6, 4, 8.25],
			"faces": {
				"north": {"uv": [5.525, 12.475, 5.975, 12.025], "rotation": 180, "texture": "#layer0"},
				"east": {"uv": [5.525, 12.025, 5.975, 12.475], "texture": "#layer0"},
				"south": {"uv": [5.525, 12.025, 5.975, 12.475], "texture": "#layer0"},
				"down": {"uv": [5.525, 12.025, 5.975, 12.475], "texture": "#layer0"}
			}
		},
		{
			"name": "pickaxe_200",
			"from": [3, 3, 7.75],
			"to": [3.5, 3.5, 8.25],
			"faces": {
				"north": {"uv": [3.025, 12.975, 3.475, 12.525], "rotation": 180, "texture": "#layer0"},
				"south": {"uv": [3.025, 12.525, 3.475, 12.975], "texture": "#layer0"},
				"west": {"uv": [3.025, 12.525, 3.475, 12.975], "texture": "#layer0"},
				"up": {"uv": [3.475, 12.525, 3.025, 12.975], "rotation": 180, "texture": "#layer0"}
			}
		},
		{
			"name": "pickaxe_201",
			"from": [3.5, 3, 7.55],
			"to": [4, 3.5, 8.45],
			"faces": {
				"north": {"uv": [3.525, 12.975, 3.975, 12.525], "rotation": 180, "texture": "#layer0"},
				"south": {"uv": [3.525, 12.525, 3.975, 12.975], "texture": "#layer0"},
				"west": {"uv": [3.525, 12.525, 3.975, 12.975], "texture": "#layer0"},
				"up": {"uv": [3.975, 12.525, 3.525, 12.975], "rotation": 180, "texture": "#layer0"}
			}
		},
		{
			"name": "pickaxe_202",
			"from": [4, 3, 7.55],
			"to": [4.5, 3.5, 8.45],
			"faces": {
				"north": {"uv": [4.025, 12.975, 4.475, 12.525], "rotation": 180, "texture": "#layer0"},
				"south": {"uv": [4.025, 12.525, 4.475, 12.975], "texture": "#layer0"}
			}
		},
		{
			"name": "pickaxe_203",
			"from": [4.5, 3, 7.55],
			"to": [5, 3.5, 8.45],
			"faces": {
				"north": {"uv": [4.525, 12.975, 4.975, 12.525], "rotation": 180, "texture": "#layer0"},
				"east": {"uv": [4.525, 12.525, 4.975, 12.975], "texture": "#layer0"},
				"south": {"uv": [4.525, 12.525, 4.975, 12.975], "texture": "#layer0"},
				"down": {"uv": [4.525, 12.525, 4.975, 12.975], "texture": "#layer0"}
			}
		},
		{
			"name": "pickaxe_204",
			"from": [5, 3, 7.75],
			"to": [5.5, 3.5, 8.25],
			"faces": {
				"north": {"uv": [5.025, 12.975, 5.475, 12.525], "rotation": 180, "texture": "#layer0"},
				"east": {"uv": [5.025, 12.525, 5.475, 12.975], "texture": "#layer0"},
				"south": {"uv": [5.025, 12.525, 5.475, 12.975], "texture": "#layer0"},
				"down": {"uv": [5.025, 12.525, 5.475, 12.975], "texture": "#layer0"}
			}
		},
		{
			"name": "pickaxe_205",
			"from": [2.5, 2.5, 7.75],
			"to": [3, 3, 8.25],
			"faces": {
				"north": {"uv": [2.525, 13.475, 2.975, 13.025], "rotation": 180, "texture": "#layer0"},
				"south": {"uv": [2.525, 13.025, 2.975, 13.475], "texture": "#layer0"},
				"west": {"uv": [2.525, 13.025, 2.975, 13.475], "texture": "#layer0"},
				"up": {"uv": [2.975, 13.025, 2.525, 13.475], "rotation": 180, "texture": "#layer0"}
			}
		},
		{
			"name": "pickaxe_206",
			"from": [3, 2.5, 7.55],
			"to": [3.5, 3, 8.45],
			"faces": {
				"north": {"uv": [3.025, 13.475, 3.475, 13.025], "rotation": 180, "texture": "#layer0"},
				"south": {"uv": [3.025, 13.025, 3.475, 13.475], "texture": "#layer0"},
				"west": {"uv": [3.025, 13.025, 3.475, 13.475], "texture": "#layer0"},
				"up": {"uv": [3.475, 13.025, 3.025, 13.475], "rotation": 180, "texture": "#layer0"}
			}
		},
		{
			"name": "pickaxe_207",
			"from": [3.5, 2.5, 7.55],
			"to": [4, 3, 8.45],
			"faces": {
				"north": {"uv": [3.525, 13.475, 3.975, 13.025], "rotation": 180, "texture": "#layer0"},
				"south": {"uv": [3.525, 13.025, 3.975, 13.475], "texture": "#layer0"}
			}
		},
		{
			"name": "pickaxe_208",
			"from": [4, 2.5, 7.55],
			"to": [4.5, 3, 8.45],
			"faces": {
				"north": {"uv": [4.025, 13.475, 4.475, 13.025], "rotation": 180, "texture": "#layer0"},
				"east": {"uv": [4.025, 13.025, 4.475, 13.475], "texture": "#layer0"},
				"south": {"uv": [4.025, 13.025, 4.475, 13.475], "texture": "#layer0"},
				"down": {"uv": [4.025, 13.025, 4.475, 13.475], "texture": "#layer0"}
			}
		},
		{
			"name": "pickaxe_209",
			"from": [4.5, 2.5, 7.75],
			"to": [5, 3, 8.25],
			"faces": {
				"north": {"uv": [4.525, 13.475, 4.975, 13.025], "rotation": 180, "texture": "#layer0"},
				"east": {"uv": [4.525, 13.025, 4.975, 13.475], "texture": "#layer0"},
				"south": {"uv": [4.525, 13.025, 4.975, 13.475], "texture": "#layer0"},
				"down": {"uv": [4.525, 13.025, 4.975, 13.475], "texture": "#layer0"}
			}
		},
		{
			"name": "pickaxe_210",
			"from": [2, 2, 7.75],
			"to": [2.5, 2.5, 8.25],
			"faces": {
				"north": {"uv": [2.025, 13.975, 2.475, 13.525], "rotation": 180, "texture": "#layer0"},
				"south": {"uv": [2.025, 13.525, 2.475, 13.975], "texture": "#layer0"},
				"west": {"uv": [2.025, 13.525, 2.475, 13.975], "texture": "#layer0"},
				"up": {"uv": [2.475, 13.525, 2.025, 13.975], "rotation": 180, "texture": "#layer0"}
			}
		},
		{
			"name": "pickaxe_211",
			"from": [2.5, 2, 7.55],
			"to": [3, 2.5, 8.45],
			"faces": {
				"north": {"uv": [2.525, 13.975, 2.975, 13.525], "rotation": 180, "texture": "#layer0"},
				"south": {"uv": [2.525, 13.525, 2.975, 13.975], "texture": "#layer0"},
				"west": {"uv": [2.525, 13.525, 2.975, 13.975], "texture": "#layer0"},
				"up": {"uv": [2.975, 13.525, 2.525, 13.975], "rotation": 180, "texture": "#layer0"}
			}
		},
		{
			"name": "pickaxe_212",
			"from": [3, 2, 7.55],
			"to": [3.5, 2.5, 8.45],
			"faces": {
				"north": {"uv": [3.025, 13.975, 3.475, 13.525], "rotation": 180, "texture": "#layer0"},
				"south": {"uv": [3.025, 13.525, 3.475, 13.975], "texture": "#layer0"}
			}
		},
		{
			"name": "pickaxe_213",
			"from": [3.5, 2, 7.55],
			"to": [4, 2.5, 8.45],
			"faces": {
				"north": {"uv": [3.525, 13.975, 3.975, 13.525], "rotation": 180, "texture": "#layer0"},
				"east": {"uv": [3.525, 13.525, 3.975, 13.975], "texture": "#layer0"},
				"south": {"uv": [3.525, 13.525, 3.975, 13.975], "texture": "#layer0"},
				"down": {"uv": [3.525, 13.525, 3.975, 13.975], "texture": "#layer0"}
			}
		},
		{
			"name": "pickaxe_214",
			"from": [4, 2, 7.75],
			"to": [4.5, 2.5, 8.25],
			"faces": {
				"north": {"uv": [4.025, 13.975, 4.475, 13.525], "rotation": 180, "texture": "#layer0"},
				"east": {"uv": [4.025, 13.525, 4.475, 13.975], "texture": "#layer0"},
				"south": {"uv": [4.025, 13.525, 4.475, 13.975], "texture": "#layer0"},
				"down": {"uv": [4.025, 13.525, 4.475, 13.975], "texture": "#layer0"}
			}
		},
		{
			"name": "pickaxe_215",
			"from": [2, 1.5, 7.75],
			"to": [2.5, 2, 8.25],
			"faces": {
				"north": {"uv": [2.025, 14.475, 2.475, 14.025], "rotation": 180, "texture": "#layer0"},
				"south": {"uv": [2.025, 14.025, 2.475, 14.475], "texture": "#layer0"},
				"west": {"uv": [2.025, 14.025, 2.475, 14.475], "texture": "#layer0"},
				"down": {"uv": [2.025, 14.025, 2.475, 14.475], "texture": "#layer0"}
			}
		},
		{
			"name": "pickaxe_216",
			"from": [2.5, 1.5, 7.55],
			"to": [3, 2, 8.45],
			"faces": {
				"north": {"uv": [2.525, 14.475, 2.975, 14.025], "rotation": 180, "texture": "#layer0"},
				"south": {"uv": [2.525, 14.025, 2.975, 14.475], "texture": "#layer0"},
				"west": {"uv": [2.525, 14.025, 2.975, 14.475], "texture": "#layer0"},
				"down": {"uv": [2.525, 14.025, 2.975, 14.475], "texture": "#layer0"}
			}
		},
		{
			"name": "pickaxe_217",
			"from": [3, 1.5, 7.55],
			"to": [3.5, 2, 8.45],
			"faces": {
				"north": {"uv": [3.025, 14.475, 3.475, 14.025], "rotation": 180, "texture": "#layer0"},
				"east": {"uv": [3.025, 14.025, 3.475, 14.475], "texture": "#layer0"},
				"south": {"uv": [3.025, 14.025, 3.475, 14.475], "texture": "#layer0"},
				"down": {"uv": [3.025, 14.025, 3.475, 14.475], "texture": "#layer0"}
			}
		},
		{
			"name": "pickaxe_218",
			"from": [3.5, 1.5, 7.75],
			"to": [4, 2, 8.25],
			"faces": {
				"north": {"uv": [3.525, 14.475, 3.975, 14.025], "rotation": 180, "texture": "#layer0"},
				"east": {"uv": [3.525, 14.025, 3.975, 14.475], "texture": "#layer0"},
				"south": {"uv": [3.525, 14.025, 3.975, 14.475], "texture": "#layer0"},
				"down": {"uv": [3.525, 14.025, 3.975, 14.475], "texture": "#layer0"}
			}
		},
		{
			"name": "pickaxe_219",
			"from": [2.5, 1, 7.75],
			"to": [3, 1.5, 8.25],
			"faces": {
				"north": {"uv": [2.525, 14.975, 2.975, 14.525], "rotation": 180, "texture": "#layer0"},
				"south": {"uv": [2.525, 14.525, 2.975, 14.975], "texture": "#layer0"},
				"west": {"uv": [2.525, 14.525, 2.975, 14.975], "texture": "#layer0"},
				"down": {"uv": [2.525, 14.525, 2.975, 14.975], "texture": "#layer0"}
			}
		},
		{
			"name": "pickaxe_220",
			"from": [3, 1, 7.75],
			"to": [3.5, 1.5, 8.25],
			"faces": {
				"north": {"uv": [3.025, 14.975, 3.475, 14.525], "rotation": 180, "texture": "#layer0"},
				"east": {"uv": [3.025, 14.525, 3.475, 14.975], "texture": "#layer0"},
				"south": {"uv": [3.025, 14.525, 3.475, 14.975], "texture": "#layer0"},
				"down": {"uv": [3.025, 14.525, 3.475, 14.975], "texture": "#layer0"}
			}
		}
	],
	"groups": [
		{
			"name": "pickaxe",
			"origin": [8, 8, 8],
			"children": [0, 1, 2, 3, 4, 5, 6, 7, 8, 9, 10, 11, 12, 13, 14, 15, 16, 17, 18, 19, 20, 21, 22, 23, 24, 25, 26, 27, 28, 29, 30, 31, 32, 33, 34, 35, 36, 37, 38, 39, 40, 41, 42, 43, 44, 45, 46, 47, 48, 49, 50, 51, 52, 53, 54, 55, 56, 57, 58, 59, 60, 61, 62, 63, 64, 65, 66, 67, 68, 69, 70, 71, 72, 73, 74, 75, 76, 77, 78, 79, 80, 81, 82, 83, 84, 85, 86, 87, 88, 89, 90, 91, 92, 93, 94, 95, 96, 97, 98, 99, 100, 101, 102, 103, 104, 105, 106, 107, 108, 109, 110, 111, 112, 113, 114, 115, 116, 117, 118, 119, 120, 121, 122, 123, 124, 125, 126, 127, 128, 129, 130, 131, 132, 133, 134, 135, 136, 137, 138, 139, 140, 141, 142, 143, 144, 145, 146, 147, 148, 149, 150, 151, 152, 153, 154, 155, 156, 157, 158, 159, 160, 161, 162, 163, 164, 165, 166, 167, 168, 169, 170, 171, 172, 173, 174, 175, 176, 177, 178, 179, 180, 181, 182, 183, 184, 185, 186, 187, 188, 189, 190, 191, 192, 193, 194, 195, 196, 197, 198, 199, 200, 201, 202, 203, 204, 205, 206, 207, 208, 209, 210, 211, 212, 213, 214, 215, 216, 217, 218, 219, 220]
		}
	]
}