{
    "name": "支配之杖",
    "icon": "ars_nouveau:dominion_wand",
    "category": "automation",
    "pages": [
        {
            "type": "text",
            "text": "一个用于配置奥术中继器和自动化实体的工具。要设置魔力传输路径，需要先后对提供魔力和接收魔力的方块使用支配之杖。例如：魔力罐到魔力中继器、魔力中继器到魔力中继器或者魔力中继器到魔力罐。要清除连接，只需要潜行并对中继器使用支配之杖。"
        },
    {
      "type": "apparatus_recipe",
      "recipe": "ars_nouveau:dominion_wand"
    },
		{
            "type": "relations",
            "entries":["apparatus/arcane_relay", "apparatus/whelp_charm"]        
        }
    ]
}
