{
  "name": "虚空印记",
  "icon": "bloodmagic:voidsigil",
  "category": "bloodmagic:alchemy_array/sigil",
  "extra_recipe_mappings":[
    ["bloodmagic:reagentvoid", 1],
    ["bloodmagic:voidsigil", 1]
  ],
  "pages": [
    {
      "type": "text",
      "text": "当你手持$(item)虚空印记$()右击任意液体时，印记会摧毁此液体，每摧毁一个方块消耗 50 LP。非常适合清理那些流得遍地都是的熔岩，你再也不需要手动一个个放置覆盖方块，再一个个破坏掉了，这可太无聊了。"
    },
    {
      "type": "crafting_2-step_sigil",
      "alchemy_table.heading": "虚空试剂",
      "alchemy_table.recipe": "bloodmagic:alchemytable/reagent_void",
      "array.heading": "虚空印记",
      "array.recipe": "bloodmagic:array/voidsigil",
      "array.text": "$(italic)胜过速易洁®！"
    }
  ]
}