{
    "name": "至高木",
    "icon": "ars_nouveau:blue_archwood_sapling",
    "category": "resources",
    "pages": [
        {
            "type": "text",
            "text": "至高木共有 4 种类型，而且在任何生物群系都有小概率生成。此外，在罕见情况下，你还可能会找到一片至高木森林，里面满是魔法生物、自然生成的光源和至高木。至高木可以用于装饰、仪式和制作法杖。"
        },
		{
            "type":"crafting",
			"recipe":"ars_nouveau:archwood_planks"
		}
    ]
}
