{
  "name": "掠夺闪芒",
  "icon": "bloodmagic:looting_anointment",
  "category": "bloodmagic:alchemy_table/anointments",
  "extra_recipe_mappings":[["bloodmagic:looting_anointment", 0]],
  "pages": [
    {
      "type": "crafting_alchemy_table",
      "heading": "掠夺闪芒",
      "recipe": "bloodmagic:alchemytable/looting_anointment",
      "text": "增加击杀生物的掉落物的数量。能与抢夺附魔的效果叠加。$(br2)有效物品：工具、剑。$(br2)施加：掠夺 I（256 次攻击）"
    }
  ]
}