{
  "name": "迅捷溶剂",
  "icon": "bloodmagic:quick_draw_anointment",
  "category": "bloodmagic:alchemy_table/anointments",
  "extra_recipe_mappings":[["bloodmagic:quick_draw_anointment", 0]],
  "pages": [
    {
      "type": "crafting_alchemy_table",
      "heading": "迅捷溶剂",
      "recipe": "bloodmagic:alchemytable/quick_draw_anointment",
      "text": "减少 33% 弓与弩的拉弦速度。$(br2)有效物品：弓、弩。$(br2)施加：巧手 I（256 发）"
    }
  ]
}