{
    "variants": {
        "": [
            { "model": "block/lily_pad/lily_pad_1" },
            { "model": "block/lily_pad/lily_pad_1", "y": 90 },
            { "model": "block/lily_pad/lily_pad_1", "y": 180 },
            { "model": "block/lily_pad/lily_pad_1", "y": 270 },
            { "model": "block/lily_pad/lily_pad_0" },
            { "model": "block/lily_pad/lily_pad_0", "y": 90 },
            { "model": "block/lily_pad/lily_pad_0", "y": 180 },
            { "model": "block/lily_pad/lily_pad_0", "y": 270 }
        ]
    }
}
