{
	"credit": "Made with Blockbench by Juknum",
	"textures": {
		"3": "block/candle",
		"bottom": "block/cake_bottom",
		"top": "block/cake_top",
		"particle": "block/cake_side",
		"side": "block/cake_side"
	},
	"elements": [
		{
			"name": "cake",
			"from": [1.5, 0, 1.5],
			"to": [14.5, 8, 14.5],
			"faces": {
				"north": {"uv": [1.5, 8, 14.5, 16], "texture": "#side"},
				"east": {"uv": [1.5, 8, 14.5, 16], "texture": "#side"},
				"south": {"uv": [1.5, 8, 14.5, 16], "texture": "#side"},
				"west": {"uv": [1.5, 8, 14.5, 16], "texture": "#side"},
				"up": {"uv": [1.5, 1.5, 14.5, 14.5], "texture": "#top"},
				"down": {"uv": [1.5, 1.5, 14.5, 14.5], "texture": "#bottom", "cullface": "down"}
			}
		},
		{
			"name": "cream",
			"from": [1, 5, 1],
			"to": [15, 8, 1.5],
			"faces": {
				"north": {"uv": [1, 8, 15, 11], "texture": "#side"},
				"up": {"uv": [1, 1, 15, 1.5], "texture": "#top"},
				"down": {"uv": [15, 10.5, 1, 11], "texture": "#side"}
			}
		},
		{
			"name": "cream",
			"from": [1, 4, 1],
			"to": [2.5, 5, 1.5],
			"faces": {
				"north": {"uv": [13.5, 11, 15, 12], "texture": "#side"},
				"east": {"uv": [13.5, 11, 14, 12], "texture": "#side"},
				"down": {"uv": [15, 11.5, 13.5, 12], "texture": "#side"}
			}
		},
		{
			"name": "cream",
			"from": [13.5, 4, 1],
			"to": [15, 5, 1.5],
			"faces": {
				"north": {"uv": [1, 11, 2.5, 12], "texture": "#side"},
				"west": {"uv": [2, 11, 2.5, 12], "texture": "#side"},
				"down": {"uv": [2.5, 11.5, 1, 12], "texture": "#side"}
			}
		},
		{
			"name": "cream",
			"from": [2.5, 4.5, 1],
			"to": [3, 5, 1.5],
			"faces": {
				"north": {"uv": [13, 11, 13.5, 11.5], "texture": "#side"},
				"east": {"uv": [13, 11, 13.5, 11.5], "texture": "#side"},
				"down": {"uv": [13, 11, 13.5, 11.5], "texture": "#side"}
			}
		},
		{
			"name": "cream",
			"from": [9, 4, 1],
			"to": [9.5, 4.5, 1.5],
			"faces": {
				"north": {"uv": [6.5, 11.5, 7, 12], "texture": "#side"},
				"east": {"uv": [6.5, 11.5, 7, 12], "texture": "#side"},
				"west": {"uv": [6.5, 11.5, 7, 12], "texture": "#side"},
				"down": {"uv": [6.5, 11.5, 7, 12], "texture": "#side"}
			}
		},
		{
			"name": "cream",
			"from": [13, 4.5, 1],
			"to": [13.5, 5, 1.5],
			"faces": {
				"north": {"uv": [2.5, 11, 3, 11.5], "texture": "#side"},
				"west": {"uv": [2.5, 11, 3, 11.5], "texture": "#side"},
				"down": {"uv": [2.5, 11, 3, 11.5], "texture": "#side"}
			}
		},
		{
			"name": "cream",
			"from": [5, 4.5, 1],
			"to": [7, 5, 1.5],
			"faces": {
				"north": {"uv": [9, 11, 11, 11.5], "texture": "#side"},
				"east": {"uv": [9, 11, 9.5, 11.5], "texture": "#side"},
				"west": {"uv": [10.5, 11, 11, 11.5], "texture": "#side"},
				"down": {"uv": [11, 11, 9, 11.5], "texture": "#side"}
			}
		},
		{
			"name": "cream",
			"from": [9, 4.5, 1],
			"to": [11, 5, 1.5],
			"faces": {
				"north": {"uv": [5, 11, 7, 11.5], "texture": "#side"},
				"east": {"uv": [5, 11, 5.5, 11.5], "texture": "#side"},
				"west": {"uv": [6.5, 11, 7, 11.5], "texture": "#side"},
				"down": {"uv": [7, 11, 5, 11.5], "texture": "#side"}
			}
		},
		{
			"name": "cream",
			"from": [5.5, 4, 1],
			"to": [6.5, 4.5, 1.5],
			"faces": {
				"north": {"uv": [9.5, 11.5, 10.5, 12], "texture": "#side"},
				"east": {"uv": [9.5, 11.5, 10, 12], "texture": "#side"},
				"west": {"uv": [9.5, 11.5, 10, 12], "texture": "#side"},
				"down": {"uv": [9.5, 11.5, 10, 12], "texture": "#side"}
			}
		},
		{
			"name": "cream",
			"from": [14.5, 5, 1],
			"to": [15, 8, 15],
			"faces": {
				"east": {"uv": [1, 8, 15, 11], "texture": "#side"},
				"up": {"uv": [1, 1, 15, 1.5], "rotation": 90, "texture": "#top"},
				"down": {"uv": [15, 10.5, 1, 11], "rotation": 270, "texture": "#side"}
			}
		},
		{
			"name": "cream",
			"from": [14.5, 4, 1],
			"to": [15, 5, 2.5],
			"faces": {
				"east": {"uv": [13.5, 11, 15, 12], "texture": "#side"},
				"south": {"uv": [13.5, 11, 14, 12], "texture": "#side"},
				"down": {"uv": [15, 11.5, 13.5, 12], "rotation": 270, "texture": "#side"}
			}
		},
		{
			"name": "cream",
			"from": [14.5, 4, 13.5],
			"to": [15, 5, 15],
			"faces": {
				"north": {"uv": [2, 11, 2.5, 12], "texture": "#side"},
				"east": {"uv": [1, 11, 2.5, 12], "texture": "#side"},
				"down": {"uv": [2.5, 11.5, 1, 12], "rotation": 270, "texture": "#side"}
			}
		},
		{
			"name": "cream",
			"from": [14.5, 4.5, 2.5],
			"to": [15, 5, 3],
			"faces": {
				"east": {"uv": [13, 11, 13.5, 11.5], "texture": "#side"},
				"south": {"uv": [13, 11, 13.5, 11.5], "texture": "#side"},
				"down": {"uv": [13, 11, 13.5, 11.5], "rotation": 270, "texture": "#side"}
			}
		},
		{
			"name": "cream",
			"from": [14.5, 4, 9],
			"to": [15, 4.5, 9.5],
			"faces": {
				"north": {"uv": [6.5, 11.5, 7, 12], "texture": "#side"},
				"east": {"uv": [6.5, 11.5, 7, 12], "texture": "#side"},
				"south": {"uv": [6.5, 11.5, 7, 12], "texture": "#side"},
				"down": {"uv": [6.5, 11.5, 7, 12], "rotation": 270, "texture": "#side"}
			}
		},
		{
			"name": "cream",
			"from": [14.5, 4.5, 13],
			"to": [15, 5, 13.5],
			"faces": {
				"north": {"uv": [2.5, 11, 3, 11.5], "texture": "#side"},
				"east": {"uv": [2.5, 11, 3, 11.5], "texture": "#side"},
				"down": {"uv": [2.5, 11, 3, 11.5], "rotation": 270, "texture": "#side"}
			}
		},
		{
			"name": "cream",
			"from": [14.5, 4.5, 5],
			"to": [15, 5, 7],
			"faces": {
				"north": {"uv": [10.5, 11, 11, 11.5], "texture": "#side"},
				"east": {"uv": [9, 11, 11, 11.5], "texture": "#side"},
				"south": {"uv": [9, 11, 9.5, 11.5], "texture": "#side"},
				"down": {"uv": [11, 11, 9, 11.5], "rotation": 270, "texture": "#side"}
			}
		},
		{
			"name": "cream",
			"from": [14.5, 4.5, 9],
			"to": [15, 5, 11],
			"faces": {
				"north": {"uv": [6.5, 11, 7, 11.5], "texture": "#side"},
				"east": {"uv": [5, 11, 7, 11.5], "texture": "#side"},
				"south": {"uv": [5, 11, 5.5, 11.5], "texture": "#side"},
				"down": {"uv": [7, 11, 5, 11.5], "rotation": 270, "texture": "#side"}
			}
		},
		{
			"name": "cream",
			"from": [14.5, 4, 5.5],
			"to": [15, 4.5, 6.5],
			"faces": {
				"north": {"uv": [9.5, 11.5, 10, 12], "texture": "#side"},
				"east": {"uv": [9.5, 11.5, 10.5, 12], "texture": "#side"},
				"south": {"uv": [9.5, 11.5, 10, 12], "texture": "#side"},
				"down": {"uv": [9.5, 11.5, 10, 12], "rotation": 270, "texture": "#side"}
			}
		},
		{
			"name": "cream",
			"from": [1, 5, 14.5],
			"to": [15, 8, 15],
			"faces": {
				"south": {"uv": [1, 8, 15, 11], "texture": "#side"},
				"up": {"uv": [1, 1, 15, 1.5], "rotation": 180, "texture": "#top"},
				"down": {"uv": [15, 10.5, 1, 11], "rotation": 180, "texture": "#side"}
			}
		},
		{
			"name": "cream",
			"from": [13.5, 4, 14.5],
			"to": [15, 5, 15],
			"faces": {
				"south": {"uv": [13.5, 11, 15, 12], "texture": "#side"},
				"west": {"uv": [13.5, 11, 14, 12], "texture": "#side"},
				"down": {"uv": [15, 11.5, 13.5, 12], "rotation": 180, "texture": "#side"}
			}
		},
		{
			"name": "cream",
			"from": [1, 4, 14.5],
			"to": [2.5, 5, 15],
			"faces": {
				"east": {"uv": [2, 11, 2.5, 12], "texture": "#side"},
				"south": {"uv": [1, 11, 2.5, 12], "texture": "#side"},
				"down": {"uv": [2.5, 11.5, 1, 12], "rotation": 180, "texture": "#side"}
			}
		},
		{
			"name": "cream",
			"from": [13, 4.5, 14.5],
			"to": [13.5, 5, 15],
			"faces": {
				"south": {"uv": [13, 11, 13.5, 11.5], "texture": "#side"},
				"west": {"uv": [13, 11, 13.5, 11.5], "texture": "#side"},
				"down": {"uv": [13, 11, 13.5, 11.5], "rotation": 180, "texture": "#side"}
			}
		},
		{
			"name": "cream",
			"from": [6.5, 4, 14.5],
			"to": [7, 4.5, 15],
			"faces": {
				"east": {"uv": [6.5, 11.5, 7, 12], "texture": "#side"},
				"south": {"uv": [6.5, 11.5, 7, 12], "texture": "#side"},
				"west": {"uv": [6.5, 11.5, 7, 12], "texture": "#side"},
				"down": {"uv": [6.5, 11.5, 7, 12], "rotation": 180, "texture": "#side"}
			}
		},
		{
			"name": "cream",
			"from": [2.5, 4.5, 14.5],
			"to": [3, 5, 15],
			"faces": {
				"east": {"uv": [2.5, 11, 3, 11.5], "texture": "#side"},
				"south": {"uv": [2.5, 11, 3, 11.5], "texture": "#side"},
				"down": {"uv": [2.5, 11, 3, 11.5], "rotation": 180, "texture": "#side"}
			}
		},
		{
			"name": "cream",
			"from": [9, 4.5, 14.5],
			"to": [11, 5, 15],
			"faces": {
				"east": {"uv": [10.5, 11, 11, 11.5], "texture": "#side"},
				"south": {"uv": [9, 11, 11, 11.5], "texture": "#side"},
				"west": {"uv": [9, 11, 9.5, 11.5], "texture": "#side"},
				"down": {"uv": [11, 11, 9, 11.5], "rotation": 180, "texture": "#side"}
			}
		},
		{
			"name": "cream",
			"from": [5, 4.5, 14.5],
			"to": [7, 5, 15],
			"faces": {
				"east": {"uv": [6.5, 11, 7, 11.5], "texture": "#side"},
				"south": {"uv": [5, 11, 7, 11.5], "texture": "#side"},
				"west": {"uv": [5, 11, 5.5, 11.5], "texture": "#side"},
				"down": {"uv": [7, 11, 5, 11.5], "rotation": 180, "texture": "#side"}
			}
		},
		{
			"name": "cream",
			"from": [9.5, 4, 14.5],
			"to": [10.5, 4.5, 15],
			"faces": {
				"east": {"uv": [9.5, 11.5, 10, 12], "texture": "#side"},
				"south": {"uv": [9.5, 11.5, 10.5, 12], "texture": "#side"},
				"west": {"uv": [9.5, 11.5, 10, 12], "texture": "#side"},
				"down": {"uv": [9.5, 11.5, 10, 12], "rotation": 180, "texture": "#side"}
			}
		},
		{
			"name": "cream",
			"from": [1, 5, 1],
			"to": [1.5, 8, 15],
			"faces": {
				"west": {"uv": [1, 8, 15, 11], "texture": "#side"},
				"up": {"uv": [1, 1, 15, 1.5], "rotation": 270, "texture": "#top"},
				"down": {"uv": [15, 10.5, 1, 11], "rotation": 90, "texture": "#side"}
			}
		},
		{
			"name": "cream",
			"from": [1, 4, 13.5],
			"to": [1.5, 5, 15],
			"faces": {
				"north": {"uv": [13.5, 11, 14, 12], "texture": "#side"},
				"west": {"uv": [13.5, 11, 15, 12], "texture": "#side"},
				"down": {"uv": [15, 11.5, 13.5, 12], "rotation": 90, "texture": "#side"}
			}
		},
		{
			"name": "cream",
			"from": [1, 4, 1],
			"to": [1.5, 5, 2.5],
			"faces": {
				"south": {"uv": [2, 11, 2.5, 12], "texture": "#side"},
				"west": {"uv": [1, 11, 2.5, 12], "texture": "#side"},
				"down": {"uv": [2.5, 11.5, 1, 12], "rotation": 90, "texture": "#side"}
			}
		},
		{
			"name": "cream",
			"from": [1, 4.5, 13],
			"to": [1.5, 5, 13.5],
			"faces": {
				"north": {"uv": [13, 11, 13.5, 11.5], "texture": "#side"},
				"west": {"uv": [13, 11, 13.5, 11.5], "texture": "#side"},
				"down": {"uv": [13, 11, 13.5, 11.5], "rotation": 90, "texture": "#side"}
			}
		},
		{
			"name": "cream",
			"from": [1, 4, 6.5],
			"to": [1.5, 4.5, 7],
			"faces": {
				"north": {"uv": [6.5, 11.5, 7, 12], "texture": "#side"},
				"south": {"uv": [6.5, 11.5, 7, 12], "texture": "#side"},
				"west": {"uv": [6.5, 11.5, 7, 12], "texture": "#side"},
				"down": {"uv": [6.5, 11.5, 7, 12], "rotation": 90, "texture": "#side"}
			}
		},
		{
			"name": "cream",
			"from": [1, 4.5, 2.5],
			"to": [1.5, 5, 3],
			"faces": {
				"south": {"uv": [2.5, 11, 3, 11.5], "texture": "#side"},
				"west": {"uv": [2.5, 11, 3, 11.5], "texture": "#side"},
				"down": {"uv": [2.5, 11, 3, 11.5], "rotation": 90, "texture": "#side"}
			}
		},
		{
			"name": "cream",
			"from": [1, 4.5, 9],
			"to": [1.5, 5, 11],
			"faces": {
				"north": {"uv": [9, 11, 9.5, 11.5], "texture": "#side"},
				"south": {"uv": [10.5, 11, 11, 11.5], "texture": "#side"},
				"west": {"uv": [9, 11, 11, 11.5], "texture": "#side"},
				"down": {"uv": [11, 11, 9, 11.5], "rotation": 90, "texture": "#side"}
			}
		},
		{
			"name": "cream",
			"from": [1, 4.5, 5],
			"to": [1.5, 5, 7],
			"faces": {
				"north": {"uv": [5, 11, 5.5, 11.5], "texture": "#side"},
				"south": {"uv": [6.5, 11, 7, 11.5], "texture": "#side"},
				"west": {"uv": [5, 11, 7, 11.5], "texture": "#side"},
				"down": {"uv": [7, 11, 5, 11.5], "rotation": 90, "texture": "#side"}
			}
		},
		{
			"name": "cream",
			"from": [1, 4, 9.5],
			"to": [1.5, 4.5, 10.5],
			"faces": {
				"north": {"uv": [9.5, 11.5, 10, 12], "texture": "#side"},
				"south": {"uv": [9.5, 11.5, 10, 12], "texture": "#side"},
				"west": {"uv": [9.5, 11.5, 10.5, 12], "texture": "#side"},
				"down": {"uv": [9.5, 11.5, 10, 12], "rotation": 90, "texture": "#side"}
			}
		},
		{
			"from": [12, 8, 8.5],
			"to": [13, 8.5, 9.5],
			"faces": {
				"north": {"uv": [8, 2, 9, 2.5], "rotation": 180, "texture": "#top"},
				"east": {"uv": [8.5, 2, 9, 3], "rotation": 90, "texture": "#top"},
				"south": {"uv": [8, 2.5, 9, 3], "texture": "#top"},
				"west": {"uv": [8, 2, 8.5, 3], "rotation": 270, "texture": "#top"},
				"up": {"uv": [8, 2, 9, 3], "texture": "#top"}
			}
		},
		{
			"from": [11.5, 8, 4.5],
			"to": [12.5, 8.5, 5.5],
			"faces": {
				"north": {"uv": [11.5, 4.5, 12.5, 5], "rotation": 180, "texture": "#top"},
				"east": {"uv": [12, 4.5, 12.5, 5.5], "rotation": 90, "texture": "#top"},
				"south": {"uv": [11.5, 5, 12.5, 5.5], "texture": "#top"},
				"west": {"uv": [11.5, 4.5, 12, 5.5], "rotation": 270, "texture": "#top"},
				"up": {"uv": [11.5, 4.5, 12.5, 5.5], "texture": "#top"}
			}
		},
		{
			"from": [9, 8, 11.5],
			"to": [10, 8.5, 12.5],
			"faces": {
				"north": {"uv": [9, 11.5, 10, 12], "rotation": 180, "texture": "#top"},
				"east": {"uv": [9.5, 11.5, 10, 12.5], "rotation": 90, "texture": "#top"},
				"south": {"uv": [9, 12, 10, 12.5], "texture": "#top"},
				"west": {"uv": [9, 11.5, 9.5, 12.5], "rotation": 270, "texture": "#top"},
				"up": {"uv": [9, 11.5, 10, 12.5], "texture": "#top"}
			}
		},
		{
			"from": [3.5, 8, 12],
			"to": [4.5, 8.5, 13],
			"faces": {
				"north": {"uv": [3.5, 12, 4.5, 12.5], "texture": "#top"},
				"east": {"uv": [4, 12, 4.5, 13], "rotation": 90, "texture": "#top"},
				"south": {"uv": [3.5, 12.5, 4.5, 13], "texture": "#top"},
				"west": {"uv": [3.5, 12, 4, 13], "rotation": 270, "texture": "#top"},
				"up": {"uv": [3.5, 12, 4.5, 13], "texture": "#top"}
			}
		},
		{
			"from": [8, 8, 2],
			"to": [9, 8.5, 3],
			"faces": {
				"north": {"uv": [8, 2, 9, 2.5], "rotation": 180, "texture": "#top"},
				"east": {"uv": [8.5, 2, 9, 3], "rotation": 90, "texture": "#top"},
				"south": {"uv": [8, 2.5, 9, 3], "texture": "#top"},
				"west": {"uv": [8, 2, 8.5, 3], "rotation": 270, "texture": "#top"},
				"up": {"uv": [8, 2, 9, 3], "texture": "#top"}
			}
		},
		{
			"from": [2, 8, 7],
			"to": [3, 8.5, 8],
			"rotation": {"angle": 0, "axis": "y", "origin": [2.5, 8, 7.5]},
			"faces": {
				"north": {"uv": [8, 2, 8.5, 3], "rotation": 270, "texture": "#top"},
				"east": {"uv": [8, 2, 9, 2.5], "rotation": 180, "texture": "#top"},
				"south": {"uv": [8.5, 2, 9, 3], "rotation": 90, "texture": "#top"},
				"west": {"uv": [8, 2.5, 9, 3], "texture": "#top"},
				"up": {"uv": [8, 2, 9, 3], "rotation": 90, "texture": "#top"}
			}
		},
		{
			"from": [8.5, 8, 7],
			"to": [9, 8.5, 8.5],
			"rotation": {"angle": 0, "axis": "y", "origin": [2.5, 8, 7.5]},
			"faces": {
				"north": {"uv": [8.5, 7, 9, 7.5], "rotation": 270, "texture": "#top"},
				"east": {"uv": [8, 2, 9, 2.5], "rotation": 180, "texture": "#top"},
				"south": {"uv": [8.5, 8, 9, 8.5], "rotation": 90, "texture": "#top"},
				"up": {"uv": [8.5, 7, 9, 8], "texture": "#top"}
			}
		},
		{
			"from": [6.5, 8, 7],
			"to": [7, 8.5, 8.5],
			"rotation": {"angle": 0, "axis": "y", "origin": [2.5, 8, 7.5]},
			"faces": {
				"north": {"uv": [6.5, 7, 7, 7.5], "rotation": 270, "texture": "#top"},
				"south": {"uv": [6.5, 8, 7, 8.5], "rotation": 90, "texture": "#top"},
				"west": {"uv": [6.5, 7, 7, 8.5], "rotation": 180, "texture": "#top"},
				"up": {"uv": [6.5, 7, 7, 8.5], "rotation": 180, "texture": "#top"}
			}
		},
		{
			"from": [7, 8, 6.5],
			"to": [8.5, 8.5, 7],
			"rotation": {"angle": 0, "axis": "y", "origin": [2.5, 8, 7.5]},
			"faces": {
				"north": {"uv": [6.5, 7, 7, 7.5], "rotation": 270, "texture": "#top"},
				"east": {"uv": [6.5, 7, 7, 8.5], "rotation": 180, "texture": "#top"},
				"west": {"uv": [6.5, 7, 7, 8.5], "rotation": 180, "texture": "#top"},
				"up": {"uv": [6.5, 7, 7, 8.5], "rotation": 180, "texture": "#top"}
			}
		},
		{
			"from": [7, 8, 8.5],
			"to": [8.5, 8.5, 9],
			"rotation": {"angle": 0, "axis": "y", "origin": [2.5, 8, 7.5]},
			"faces": {
				"east": {"uv": [8, 8.5, 8.5, 9], "rotation": 180, "texture": "#top"},
				"south": {"uv": [7, 8.5, 8.5, 9], "texture": "#top"},
				"west": {"uv": [6.5, 7, 7, 8.5], "rotation": 180, "texture": "#top"},
				"up": {"uv": [7, 8.5, 8.5, 9], "texture": "#top"}
			}
		},
		{
			"from": [4, 8, 3.5],
			"to": [5, 8.5, 4.5],
			"faces": {
				"north": {"uv": [4, 3.5, 5, 4], "texture": "#top"},
				"east": {"uv": [4.5, 3.5, 5, 4.5], "rotation": 90, "texture": "#top"},
				"south": {"uv": [4, 4, 5, 4.5], "texture": "#top"},
				"west": {"uv": [4, 3.5, 4.5, 4.5], "rotation": 270, "texture": "#top"},
				"up": {"uv": [4, 3.5, 5, 4.5], "texture": "#top"}
			}
		},
		{
			"name": "candle",
			"from": [7, 8, 7],
			"to": [8.5, 11, 8.5],
			"faces": {
				"north": {"uv": [0, 0, 1.5, 3], "texture": "#3"},
				"east": {"uv": [0, 0, 1.5, 3], "texture": "#3"},
				"south": {"uv": [0, 0, 1.5, 3], "texture": "#3"},
				"west": {"uv": [0, 0, 1.5, 3], "texture": "#3"},
				"up": {"uv": [0, 3, 1.5, 4.5], "texture": "#3"}
			}
		},
		{
			"name": "candle",
			"from": [7.5, 11, 7.5],
			"to": [8, 12, 8],
			"faces": {
				"north": {"uv": [1.5, 0, 2, 1], "texture": "#3"},
				"east": {"uv": [1.5, 0, 2, 1], "texture": "#3"},
				"south": {"uv": [1.5, 0, 2, 1], "texture": "#3"},
				"west": {"uv": [1.5, 0, 2, 1], "texture": "#3"},
				"up": {"uv": [1.5, 0, 2, 0.5], "texture": "#3"}
			}
		}
	],
	"groups": [0,
		{
			"name": "cream north",
			"origin": [8, 8, 8],
			"children": [1, 2, 3, 4, 5, 6, 7, 8, 9]
		},
		{
			"name": "cream east",
			"origin": [8, 8, 8],
			"children": [10, 11, 12, 13, 14, 15, 16, 17, 18]
		},
		{
			"name": "cream south",
			"origin": [8, 8, 8],
			"children": [19, 20, 21, 22, 23, 24, 25, 26, 27]
		},
		{
			"name": "cream west",
			"origin": [8, 8, 8],
			"children": [28, 29, 30, 31, 32, 33, 34, 35, 36]
		},
		{
			"name": "cherry",
			"origin": [8, 8, 8],
			"children": [37, 38, 39, 40, 41, 42, 43, 44, 45, 46, 47]
		},
		{
			"name": "candle",
			"origin": [8, 8, 8],
			"children": [48, 49]
		}
	]
}