{
	"credit": "Designed by Progical",
	"parent": "block/block",
	"ambientocclusion": false,
	"textures": {
		"2": "block/furnace_side",
		"3": "block/furnace_top",
		"4": "block/furnace_front",
		"particle": "block/furnace_top"
	},
	"elements": [
		{
			"from": [0, 0, 0.5],
			"to": [16, 16, 16],
			"rotation": {"angle": 0, "axis": "y", "origin": [8, 8, 8.5]},
			"faces": {
				"north": {"uv": [0, 0, 16, 16], "texture": "#4", "cullface": "north"},
				"east": {"uv": [0, 0, 15.5, 16], "texture": "#2", "cullface": "east"},
				"south": {"uv": [0, 0, 16, 16], "texture": "#2", "cullface": "south"},
				"west": {"uv": [0.5, 0, 16, 16], "texture": "#2", "cullface": "west"},
				"up": {"uv": [0, 0.5, 16, 16], "texture": "#3", "cullface": "up"},
				"down": {"uv": [0, 0, 16, 15.5], "texture": "#3", "cullface": "down"}
			}
		},
		{
			"name": "furnace_front_0",
			"from": [11, 12, 0],
			"to": [16, 16, 0.5],
			"rotation": {"angle": 0, "axis": "y", "origin": [8, 8, -7.5]},
			"faces": {
				"north": {"uv": [0, 0, 5, 4], "texture": "#4", "cullface": "north"},
				"east": {"uv": [15.5, 0, 16, 4], "texture": "#2", "cullface": "east"},
				"south": {"uv": [0, 0, 0, 0], "texture": "#4"},
				"west": {"uv": [4.5, 0, 5, 4], "texture": "#4", "cullface": "north"},
				"up": {"uv": [11, 0, 16, 0.5], "texture": "#3", "cullface": "up"},
				"down": {"uv": [0, 3.5, 5, 4], "rotation": 180, "texture": "#4", "cullface": "north"}
			}
		},
		{
			"name": "furnace_front_1",
			"from": [0, 12.5, 0],
			"to": [11, 16, 0.5],
			"rotation": {"angle": 0, "axis": "y", "origin": [8, 8, -7.5]},
			"faces": {
				"north": {"uv": [5, 0, 16, 3.5], "texture": "#4", "cullface": "north"},
				"east": {"uv": [0, 0, 0, 0], "texture": "#4"},
				"south": {"uv": [0, 0, 0, 0], "texture": "#4"},
				"west": {"uv": [0, 0, 0.5, 3.5], "texture": "#2", "cullface": "west"},
				"up": {"uv": [0, 0, 11, 0.5], "texture": "#3", "cullface": "up"},
				"down": {"uv": [5, 3, 16, 3.5], "rotation": 180, "texture": "#4", "cullface": "north"}
			}
		},
		{
			"name": "furnace_front_2",
			"from": [0, 12, 0],
			"to": [5, 12.5, 0.5],
			"rotation": {"angle": 0, "axis": "y", "origin": [8, 8, -7.5]},
			"faces": {
				"north": {"uv": [11, 3.5, 16, 4], "texture": "#4", "cullface": "north"},
				"east": {"uv": [11, 3.5, 11.5, 4], "texture": "#4", "cullface": "north"},
				"south": {"uv": [0, 0, 0, 0], "texture": "#4"},
				"west": {"uv": [0, 3.5, 0.5, 4], "texture": "#2", "cullface": "west"},
				"up": {"uv": [0, 0, 0, 0], "texture": "#4"},
				"down": {"uv": [11, 3.5, 16, 4], "rotation": 180, "texture": "#4", "cullface": "north"}
			}
		},
		{
			"name": "furnace_front_3",
			"from": [13, 0, 0],
			"to": [16, 12, 0.5],
			"rotation": {"angle": 0, "axis": "y", "origin": [8, 8, -7.5]},
			"faces": {
				"north": {"uv": [0, 4, 3, 16], "texture": "#4", "cullface": "north"},
				"east": {"uv": [15.5, 4, 16, 16], "texture": "#2", "cullface": "east"},
				"south": {"uv": [0, 0, 0, 0], "texture": "#4"},
				"west": {"uv": [2.5, 4, 3, 16], "texture": "#4", "cullface": "north"},
				"up": {"uv": [0, 0, 0, 0], "texture": "#4"},
				"down": {"uv": [13, 15.5, 16, 16], "texture": "#3", "cullface": "down"}
			}
		},
		{
			"name": "furnace_front_4",
			"from": [12, 11, 0],
			"to": [13, 12, 0.5],
			"rotation": {"angle": 0, "axis": "y", "origin": [8, 8, -7.5]},
			"faces": {
				"north": {"uv": [3, 4, 4, 5], "texture": "#4", "cullface": "north"},
				"east": {"uv": [0, 0, 0, 0], "texture": "#4"},
				"south": {"uv": [0, 0, 0, 0], "texture": "#4"},
				"west": {"uv": [3.5, 4, 4, 5], "texture": "#4", "cullface": "north"},
				"up": {"uv": [0, 0, 0, 0], "texture": "#4"},
				"down": {"uv": [3, 4.5, 4, 5], "rotation": 180, "texture": "#4", "cullface": "north"}
			}
		},
		{
			"name": "furnace_front_5",
			"from": [0, 11, 0],
			"to": [4, 12, 0.5],
			"rotation": {"angle": 0, "axis": "y", "origin": [8, 8, -7.5]},
			"faces": {
				"north": {"uv": [12, 4, 16, 5], "texture": "#4", "cullface": "north"},
				"east": {"uv": [12, 4, 12.5, 5], "texture": "#4", "cullface": "north"},
				"south": {"uv": [0, 0, 0, 0], "texture": "#4"},
				"west": {"uv": [0, 4, 0.5, 5], "texture": "#2", "cullface": "west"},
				"up": {"uv": [0, 0, 0, 0], "texture": "#4"},
				"down": {"uv": [12, 4.5, 16, 5], "rotation": 180, "texture": "#4", "cullface": "north"}
			}
		},
		{
			"name": "furnace_front_6",
			"from": [12.5, 10, 0],
			"to": [13, 11, 0.5],
			"rotation": {"angle": 0, "axis": "y", "origin": [8, 8, -7.5]},
			"faces": {
				"north": {"uv": [3, 5, 3.5, 6], "texture": "#4", "cullface": "north"},
				"east": {"uv": [0, 0, 0, 0], "texture": "#4"},
				"south": {"uv": [0, 0, 0, 0], "texture": "#4"},
				"west": {"uv": [3, 5, 3.5, 6], "texture": "#4", "cullface": "north"},
				"up": {"uv": [0, 0, 0, 0], "texture": "#4"},
				"down": {"uv": [3, 5.5, 3.5, 6], "rotation": 180, "texture": "#4", "cullface": "north"}
			}
		},
		{
			"name": "furnace_front_7",
			"from": [0, 10, 0],
			"to": [3.5, 11, 0.5],
			"rotation": {"angle": 0, "axis": "y", "origin": [8, 8, -7.5]},
			"faces": {
				"north": {"uv": [12.5, 5, 16, 6], "texture": "#4", "cullface": "north"},
				"east": {"uv": [12.5, 5, 13, 6], "texture": "#4", "cullface": "north"},
				"south": {"uv": [0, 0, 0, 0], "texture": "#4"},
				"west": {"uv": [0, 5, 0.5, 6], "texture": "#2", "cullface": "west"},
				"up": {"uv": [0, 0, 0, 0], "texture": "#4"},
				"down": {"uv": [12.5, 5.5, 16, 6], "rotation": 180, "texture": "#4", "cullface": "north"}
			}
		},
		{
			"name": "furnace_front_8",
			"from": [0, 0, 0],
			"to": [3, 10, 0.5],
			"rotation": {"angle": 0, "axis": "y", "origin": [8, 8, -7.5]},
			"faces": {
				"north": {"uv": [13, 6, 16, 16], "texture": "#4", "cullface": "north"},
				"east": {"uv": [13, 6, 13.5, 16], "texture": "#4", "cullface": "north"},
				"south": {"uv": [0, 0, 0, 0], "texture": "#4"},
				"west": {"uv": [0, 6, 0.5, 16], "texture": "#2", "cullface": "west"},
				"up": {"uv": [0, 0, 0, 0], "texture": "#4"},
				"down": {"uv": [0, 15.5, 3, 16], "texture": "#3", "cullface": "down"}
			}
		},
		{
			"name": "furnace_front_9",
			"from": [3, 5, 0],
			"to": [13, 9, 0.5],
			"rotation": {"angle": 0, "axis": "y", "origin": [8, 8, -7.5]},
			"faces": {
				"north": {"uv": [3, 7, 13, 11], "texture": "#4", "cullface": "north"},
				"east": {"uv": [0, 0, 0, 0], "texture": "#4"},
				"south": {"uv": [0, 0, 0, 0], "texture": "#4"},
				"west": {"uv": [0, 0, 0, 0], "texture": "#4"},
				"up": {"uv": [13, 7, 3, 7.5], "texture": "#4", "cullface": "north"},
				"down": {"uv": [3, 10.5, 13, 11], "rotation": 180, "texture": "#4", "cullface": "north"}
			}
		},
		{
			"name": "furnace_front_10",
			"from": [11.5, 3.5, 0],
			"to": [13, 5, 0.5],
			"rotation": {"angle": 0, "axis": "y", "origin": [8, 8, -7.5]},
			"faces": {
				"north": {"uv": [3, 11, 4.5, 12.5], "texture": "#4", "cullface": "north"},
				"east": {"uv": [0, 0, 0, 0], "texture": "#4"},
				"south": {"uv": [0, 0, 0, 0], "texture": "#4"},
				"west": {"uv": [4, 11, 4.5, 12.5], "texture": "#4", "cullface": "north"},
				"up": {"uv": [0, 0, 0, 0], "texture": "#4"},
				"down": {"uv": [3, 12, 4.5, 12.5], "rotation": 180, "texture": "#4", "cullface": "north"}
			}
		},
		{
			"name": "furnace_front_11",
			"from": [10.5, 4, 0],
			"to": [11.5, 5, 0.5],
			"rotation": {"angle": 0, "axis": "y", "origin": [8, 8, -7.5]},
			"faces": {
				"north": {"uv": [4.5, 11, 5.5, 12], "texture": "#4", "cullface": "north"},
				"east": {"uv": [0, 0, 0, 0], "texture": "#4"},
				"south": {"uv": [0, 0, 0, 0], "texture": "#4"},
				"west": {"uv": [5, 11, 5.5, 12], "texture": "#4", "cullface": "north"},
				"up": {"uv": [0, 0, 0, 0], "texture": "#4"},
				"down": {"uv": [4.5, 11.5, 5.5, 12], "rotation": 180, "texture": "#4", "cullface": "north"}
			}
		},
		{
			"name": "furnace_front_12",
			"from": [9.5, 4.5, 0],
			"to": [10.5, 5, 0.5],
			"rotation": {"angle": 0, "axis": "y", "origin": [8, 8, -7.5]},
			"faces": {
				"north": {"uv": [5.5, 11, 6.5, 11.5], "texture": "#4", "cullface": "north"},
				"east": {"uv": [0, 0, 0, 0], "texture": "#4"},
				"south": {"uv": [0, 0, 0, 0], "texture": "#4"},
				"west": {"uv": [6, 11, 6.5, 11.5], "texture": "#4", "cullface": "north"},
				"up": {"uv": [0, 0, 0, 0], "texture": "#4"},
				"down": {"uv": [5.5, 11, 6.5, 11.5], "rotation": 180, "texture": "#4", "cullface": "north"}
			}
		},
		{
			"name": "furnace_front_13",
			"from": [3, 4.5, 0],
			"to": [6.5, 5, 0.5],
			"rotation": {"angle": 0, "axis": "y", "origin": [8, 8, -7.5]},
			"faces": {
				"north": {"uv": [9.5, 11, 13, 11.5], "texture": "#4", "cullface": "north"},
				"east": {"uv": [9.5, 11, 10, 11.5], "texture": "#4", "cullface": "north"},
				"south": {"uv": [0, 0, 0, 0], "texture": "#4"},
				"west": {"uv": [0, 0, 0, 0], "texture": "#4"},
				"up": {"uv": [0, 0, 0, 0], "texture": "#4"},
				"down": {"uv": [9.5, 11, 13, 11.5], "rotation": 180, "texture": "#4", "cullface": "north"}
			}
		},
		{
			"name": "furnace_front_14",
			"from": [3, 4, 0],
			"to": [5.5, 4.5, 0.5],
			"rotation": {"angle": 0, "axis": "y", "origin": [8, 8, -7.5]},
			"faces": {
				"north": {"uv": [10.5, 11.5, 13, 12], "texture": "#4", "cullface": "north"},
				"east": {"uv": [10.5, 11.5, 11, 12], "texture": "#4", "cullface": "north"},
				"south": {"uv": [0, 0, 0, 0], "texture": "#4"},
				"west": {"uv": [0, 0, 0, 0], "texture": "#4"},
				"up": {"uv": [0, 0, 0, 0], "texture": "#4"},
				"down": {"uv": [10.5, 11.5, 13, 12], "rotation": 180, "texture": "#4", "cullface": "north"}
			}
		},
		{
			"name": "furnace_front_15",
			"from": [3, 3.5, 0],
			"to": [4.5, 4, 0.5],
			"rotation": {"angle": 0, "axis": "y", "origin": [8, 8, -7.5]},
			"faces": {
				"north": {"uv": [11.5, 12, 13, 12.5], "texture": "#4", "cullface": "north"},
				"east": {"uv": [11.5, 12, 12, 12.5], "texture": "#4", "cullface": "north"},
				"south": {"uv": [0, 0, 0, 0], "texture": "#4"},
				"west": {"uv": [0, 0, 0, 0], "texture": "#4"},
				"up": {"uv": [0, 0, 0, 0], "texture": "#4"},
				"down": {"uv": [11.5, 12, 13, 12.5], "rotation": 180, "texture": "#4", "cullface": "north"}
			}
		},
		{
			"name": "furnace_front_16",
			"from": [12, 2.5, 0],
			"to": [13, 3.5, 0.5],
			"rotation": {"angle": 0, "axis": "y", "origin": [8, 8, -7.5]},
			"faces": {
				"north": {"uv": [3, 12.5, 4, 13.5], "texture": "#4", "cullface": "north"},
				"east": {"uv": [0, 0, 0, 0], "texture": "#4"},
				"south": {"uv": [0, 0, 0, 0], "texture": "#4"},
				"west": {"uv": [3.5, 12.5, 4, 13.5], "texture": "#4", "cullface": "north"},
				"up": {"uv": [0, 0, 0, 0], "texture": "#4"},
				"down": {"uv": [3, 13, 4, 13.5], "rotation": 180, "texture": "#4", "cullface": "north"}
			}
		},
		{
			"name": "furnace_front_17",
			"from": [3, 2.5, 0],
			"to": [4, 3.5, 0.5],
			"rotation": {"angle": 0, "axis": "y", "origin": [8, 8, -7.5]},
			"faces": {
				"north": {"uv": [12, 12.5, 13, 13.5], "texture": "#4", "cullface": "north"},
				"east": {"uv": [12, 12.5, 12.5, 13.5], "texture": "#4", "cullface": "north"},
				"south": {"uv": [0, 0, 0, 0], "texture": "#4"},
				"west": {"uv": [0, 0, 0, 0], "texture": "#4"},
				"up": {"uv": [0, 0, 0, 0], "texture": "#4"},
				"down": {"uv": [12, 13, 13, 13.5], "rotation": 180, "texture": "#4", "cullface": "north"}
			}
		},
		{
			"name": "furnace_front_18",
			"from": [12.5, 1.5, 0],
			"to": [13, 2.5, 0.5],
			"rotation": {"angle": 0, "axis": "y", "origin": [8, 8, -7.5]},
			"faces": {
				"north": {"uv": [3, 13.5, 3.5, 14.5], "texture": "#4", "cullface": "north"},
				"east": {"uv": [0, 0, 0, 0], "texture": "#4"},
				"south": {"uv": [0, 0, 0, 0], "texture": "#4"},
				"west": {"uv": [3, 13.5, 3.5, 14.5], "texture": "#4", "cullface": "north"},
				"up": {"uv": [0, 0, 0, 0], "texture": "#4"},
				"down": {"uv": [3, 14, 3.5, 14.5], "rotation": 180, "texture": "#4", "cullface": "north"}
			}
		},
		{
			"name": "furnace_front_19",
			"from": [3, 1.5, 0],
			"to": [3.5, 2.5, 0.5],
			"rotation": {"angle": 0, "axis": "y", "origin": [8, 8, -7.5]},
			"faces": {
				"north": {"uv": [12.5, 13.5, 13, 14.5], "texture": "#4", "cullface": "north"},
				"east": {"uv": [12.5, 13.5, 13, 14.5], "texture": "#4", "cullface": "north"},
				"south": {"uv": [0, 0, 0, 0], "texture": "#4"},
				"west": {"uv": [0, 0, 0, 0], "texture": "#4"},
				"up": {"uv": [0, 0, 0, 0], "texture": "#4"},
				"down": {"uv": [12.5, 14, 13, 14.5], "rotation": 180, "texture": "#4", "cullface": "north"}
			}
		},
		{
			"name": "furnace_front_20",
			"from": [3, 0, 0],
			"to": [13, 0.5, 0.5],
			"rotation": {"angle": 0, "axis": "y", "origin": [8, 8, -7.5]},
			"faces": {
				"north": {"uv": [3, 15.5, 13, 16], "texture": "#4", "cullface": "north"},
				"east": {"uv": [0, 0, 0, 0], "texture": "#4"},
				"south": {"uv": [0, 0, 0, 0], "texture": "#4"},
				"west": {"uv": [0, 0, 0, 0], "texture": "#4"},
				"up": {"uv": [13, 15.5, 3, 16], "texture": "#4", "cullface": "north"},
				"down": {"uv": [3, 15.5, 13, 16], "texture": "#3", "cullface": "down"}
			}
		}
	],
	"groups": [0,
		{
			"name": "furnace_front",
			"origin": [8, 8, 8],
			"children": [1, 2, 3, 4, 5, 6, 7, 8, 9, 10, 11, 12, 13, 14, 15, 16, 17, 18, 19, 20, 21]
		}
	]
}
