{
	"credit": "Made with Blockbench by Juknum",
	"ambientocclusion": true,
	"textures": {
		"line": "block/redstone_dust_line0",
		"overlay": "block/redstone_dust_overlay"
	},
	"elements": [
		{
			"from": [7.5, 7.5, 0.25],
			"to": [9, 8, 0.75],
			"shade": true,
			"rotation": {"angle": 0, "axis": "x", "origin": [15.5, 8, 10.25]},
			"faces": {
				"north": {"uv": [8, 6, 8.5, 6.5], "rotation": 180, "texture": "#line", "tintindex": 0},
				"east": {"uv": [8, 6, 8.5, 6.5], "rotation": 180, "texture": "#line", "tintindex": 0},
				"south": {"uv": [8, 6, 8.5, 6.5], "rotation": 180, "texture": "#line", "tintindex": 0},
				"west": {"uv": [8, 6, 8.5, 6.5], "rotation": 180, "texture": "#line", "tintindex": 0},
				"down": {"uv": [8, 6, 8.5, 6.5], "rotation": 180, "texture": "#line", "tintindex": 0}
			}
		},
		{
			"from": [7.5, 6, 0.25],
			"to": [9, 6.5, 0.75],
			"shade": true,
			"rotation": {"angle": 0, "axis": "x", "origin": [15.5, 8, 10.25]},
			"faces": {
				"north": {"uv": [8, 6, 8.5, 6.5], "rotation": 180, "texture": "#line", "tintindex": 0},
				"south": {"uv": [8, 6, 8.5, 6.5], "rotation": 180, "texture": "#line", "tintindex": 0},
				"west": {"uv": [8, 6, 8.5, 6.5], "rotation": 180, "texture": "#line", "tintindex": 0},
				"up": {"uv": [8, 6, 8.5, 6.5], "rotation": 180, "texture": "#line", "tintindex": 0},
				"down": {"uv": [8, 6, 8.5, 6.5], "rotation": 180, "texture": "#line", "tintindex": 0}
			}
		},
		{
			"from": [8, 7, 0.25],
			"to": [9, 7.5, 0.75],
			"shade": true,
			"rotation": {"angle": 0, "axis": "x", "origin": [15.5, 8, 10.25]},
			"faces": {
				"north": {"uv": [8, 6, 8.5, 6.5], "rotation": 180, "texture": "#line", "tintindex": 0},
				"east": {"uv": [8, 6, 8.5, 6.5], "rotation": 180, "texture": "#line", "tintindex": 0},
				"south": {"uv": [8, 6, 8.5, 6.5], "rotation": 180, "texture": "#line", "tintindex": 0},
				"west": {"uv": [8, 6, 8.5, 6.5], "rotation": 180, "texture": "#line", "tintindex": 0},
				"down": {"uv": [8, 6, 8.5, 6.5], "rotation": 180, "texture": "#line", "tintindex": 0}
			}
		},
		{
			"from": [8, 5, 0.25],
			"to": [9, 5.5, 0.75],
			"shade": true,
			"rotation": {"angle": 0, "axis": "x", "origin": [15.5, 8, 10.25]},
			"faces": {
				"north": {"uv": [8, 6, 8.5, 6.5], "rotation": 180, "texture": "#line", "tintindex": 0},
				"east": {"uv": [8, 6, 8.5, 6.5], "rotation": 180, "texture": "#line", "tintindex": 0},
				"south": {"uv": [8, 6, 8.5, 6.5], "rotation": 180, "texture": "#line", "tintindex": 0},
				"west": {"uv": [8, 6, 8.5, 6.5], "rotation": 180, "texture": "#line", "tintindex": 0},
				"up": {"uv": [8, 6, 8.5, 6.5], "rotation": 180, "texture": "#line", "tintindex": 0},
				"down": {"uv": [8, 6, 8.5, 6.5], "rotation": 180, "texture": "#line", "tintindex": 0}
			}
		},
		{
			"from": [8, 3, 0.25],
			"to": [9, 3.5, 0.75],
			"shade": true,
			"rotation": {"angle": 0, "axis": "x", "origin": [15.5, 8, 10.25]},
			"faces": {
				"north": {"uv": [8, 6, 8.5, 6.5], "rotation": 180, "texture": "#line", "tintindex": 0},
				"east": {"uv": [8, 6, 8.5, 6.5], "rotation": 180, "texture": "#line", "tintindex": 0},
				"south": {"uv": [8, 6, 8.5, 6.5], "rotation": 180, "texture": "#line", "tintindex": 0},
				"west": {"uv": [8, 6, 8.5, 6.5], "rotation": 180, "texture": "#line", "tintindex": 0},
				"up": {"uv": [8, 6, 8.5, 6.5], "rotation": 180, "texture": "#line", "tintindex": 0},
				"down": {"uv": [8, 6, 8.5, 6.5], "rotation": 180, "texture": "#line", "tintindex": 0}
			}
		},
		{
			"from": [8, 3.5, 0.25],
			"to": [8.5, 4, 0.75],
			"shade": true,
			"rotation": {"angle": 0, "axis": "x", "origin": [15.5, 8, 10.25]},
			"faces": {
				"north": {"uv": [8, 6, 8.5, 6.5], "rotation": 180, "texture": "#line", "tintindex": 0},
				"east": {"uv": [8, 6, 8.5, 6.5], "rotation": 180, "texture": "#line", "tintindex": 0},
				"south": {"uv": [8, 6, 8.5, 6.5], "rotation": 180, "texture": "#line", "tintindex": 0},
				"west": {"uv": [8, 6, 8.5, 6.5], "rotation": 180, "texture": "#line", "tintindex": 0},
				"up": {"uv": [8, 6, 8.5, 6.5], "rotation": 180, "texture": "#line", "tintindex": 0}
			}
		},
		{
			"from": [7.5, 6.5, 0.25],
			"to": [8, 7, 0.75],
			"shade": true,
			"rotation": {"angle": 0, "axis": "x", "origin": [15.5, 8, 10.25]},
			"faces": {
				"north": {"uv": [8, 6, 8.5, 6.5], "rotation": 180, "texture": "#line", "tintindex": 0},
				"east": {"uv": [8, 6, 8.5, 6.5], "rotation": 180, "texture": "#line", "tintindex": 0},
				"south": {"uv": [8, 6, 8.5, 6.5], "rotation": 180, "texture": "#line", "tintindex": 0},
				"west": {"uv": [8, 6, 8.5, 6.5], "rotation": 180, "texture": "#line", "tintindex": 0},
				"up": {"uv": [8, 6, 8.5, 6.5], "rotation": 180, "texture": "#line", "tintindex": 0}
			}
		},
		{
			"from": [7.5, 5.5, 0.25],
			"to": [8, 6, 0.5],
			"shade": true,
			"rotation": {"angle": 0, "axis": "x", "origin": [15.5, 8, 10.25]},
			"faces": {
				"north": {"uv": [8, 6, 8.5, 6.5], "rotation": 180, "texture": "#line", "tintindex": 0},
				"east": {"uv": [8, 6, 8.5, 6.5], "rotation": 180, "texture": "#line", "tintindex": 0},
				"south": {"uv": [8, 6, 8.5, 6.5], "rotation": 180, "texture": "#line", "tintindex": 0},
				"west": {"uv": [8, 6, 8.5, 6.5], "rotation": 180, "texture": "#line", "tintindex": 0},
				"down": {"uv": [8, 6, 8.5, 6.5], "rotation": 180, "texture": "#line", "tintindex": 0}
			}
		},
		{
			"from": [8, 2, 0.25],
			"to": [8.5, 2.5, 0.75],
			"shade": true,
			"rotation": {"angle": 0, "axis": "x", "origin": [15.5, 8, 10.25]},
			"faces": {
				"north": {"uv": [8, 6, 8.5, 6.5], "rotation": 180, "texture": "#line", "tintindex": 0},
				"east": {"uv": [8, 6, 8.5, 6.5], "rotation": 180, "texture": "#line", "tintindex": 0},
				"south": {"uv": [8, 6, 8.5, 6.5], "rotation": 180, "texture": "#line", "tintindex": 0},
				"west": {"uv": [8, 6, 8.5, 6.5], "rotation": 180, "texture": "#line", "tintindex": 0},
				"up": {"uv": [8, 6, 8.5, 6.5], "rotation": 180, "texture": "#line", "tintindex": 0},
				"down": {"uv": [8, 6, 8.5, 6.5], "rotation": 180, "texture": "#line", "tintindex": 0}
			}
		},
		{
			"from": [8.5, 0.5, 0.25],
			"to": [9, 1, 0.5],
			"shade": true,
			"rotation": {"angle": 0, "axis": "x", "origin": [15.5, 8, 10.25]},
			"faces": {
				"north": {"uv": [8, 6, 8.5, 6.5], "rotation": 180, "texture": "#line", "tintindex": 0},
				"east": {"uv": [8, 6, 8.5, 6.5], "rotation": 180, "texture": "#line", "tintindex": 0},
				"south": {"uv": [8, 6, 8.5, 6.5], "rotation": 180, "texture": "#line", "tintindex": 0},
				"west": {"uv": [8, 6, 8.5, 6.5], "rotation": 180, "texture": "#line", "tintindex": 0},
				"up": {"uv": [8, 6, 8.5, 6.5], "rotation": 180, "texture": "#line", "tintindex": 0},
				"down": {"uv": [8, 6, 8.5, 6.5], "rotation": 180, "texture": "#line", "tintindex": 0}
			}
		},
		{
			"from": [8.5, 1.5, 0.25],
			"to": [9, 2, 0.5],
			"shade": true,
			"rotation": {"angle": 0, "axis": "x", "origin": [15.5, 8, 10.25]},
			"faces": {
				"north": {"uv": [8, 6, 8.5, 6.5], "rotation": 180, "texture": "#line", "tintindex": 0},
				"east": {"uv": [8, 6, 8.5, 6.5], "rotation": 180, "texture": "#line", "tintindex": 0},
				"south": {"uv": [8, 6, 8.5, 6.5], "rotation": 180, "texture": "#line", "tintindex": 0},
				"west": {"uv": [8, 6, 8.5, 6.5], "rotation": 180, "texture": "#line", "tintindex": 0},
				"up": {"uv": [8, 6, 8.5, 6.5], "rotation": 180, "texture": "#line", "tintindex": 0},
				"down": {"uv": [8, 6, 8.5, 6.5], "rotation": 180, "texture": "#line", "tintindex": 0}
			}
		},
		{
			"from": [7.5, 0.5, 0.25],
			"to": [8, 1, 0.5],
			"shade": true,
			"rotation": {"angle": 0, "axis": "x", "origin": [15.5, 8, 10.25]},
			"faces": {
				"north": {"uv": [8, 6, 8.5, 6.5], "rotation": 180, "texture": "#line", "tintindex": 0},
				"east": {"uv": [8, 6, 8.5, 6.5], "rotation": 180, "texture": "#line", "tintindex": 0},
				"south": {"uv": [8, 6, 8.5, 6.5], "rotation": 180, "texture": "#line", "tintindex": 0},
				"west": {"uv": [8, 6, 8.5, 6.5], "rotation": 180, "texture": "#line", "tintindex": 0},
				"up": {"uv": [8, 6, 8.5, 6.5], "rotation": 180, "texture": "#line", "tintindex": 0},
				"down": {"uv": [8, 6, 8.5, 6.5], "rotation": 180, "texture": "#line", "tintindex": 0}
			}
		},
		{
			"from": [9, 2, 0.25],
			"to": [9.5, 3, 0.75],
			"shade": true,
			"rotation": {"angle": 0, "axis": "x", "origin": [15.5, 8, 10.25]},
			"faces": {
				"north": {"uv": [8, 6, 8.5, 6.5], "rotation": 180, "texture": "#line", "tintindex": 0},
				"east": {"uv": [8, 6, 8.5, 6.5], "rotation": 180, "texture": "#line", "tintindex": 0},
				"south": {"uv": [8, 6, 8.5, 6.5], "rotation": 180, "texture": "#line", "tintindex": 0},
				"west": {"uv": [8, 6, 8.5, 6.5], "rotation": 180, "texture": "#line", "tintindex": 0},
				"up": {"uv": [8, 6, 8.5, 6.5], "rotation": 180, "texture": "#line", "tintindex": 0},
				"down": {"uv": [8, 6, 8.5, 6.5], "rotation": 180, "texture": "#line", "tintindex": 0}
			}
		},
		{
			"from": [8.5, 4, 0.25],
			"to": [9, 5, 0.75],
			"shade": true,
			"rotation": {"angle": 0, "axis": "x", "origin": [15.5, 8, 10.25]},
			"faces": {
				"north": {"uv": [8, 6, 8.5, 6.5], "rotation": 180, "texture": "#line", "tintindex": 0},
				"east": {"uv": [8, 6, 8.5, 6.5], "rotation": 180, "texture": "#line", "tintindex": 0},
				"south": {"uv": [8, 6, 8.5, 6.5], "rotation": 180, "texture": "#line", "tintindex": 0},
				"west": {"uv": [8, 6, 8.5, 6.5], "rotation": 180, "texture": "#line", "tintindex": 0},
				"down": {"uv": [8, 6, 8.5, 6.5], "rotation": 180, "texture": "#line", "tintindex": 0}
			}
		},
		{
			"from": [10, 5.5, 0.25],
			"to": [10.5, 6.5, 0.5],
			"shade": true,
			"rotation": {"angle": 0, "axis": "x", "origin": [15.5, 8, 10.25]},
			"faces": {
				"north": {"uv": [8, 6, 8.5, 6.5], "rotation": 180, "texture": "#line", "tintindex": 0},
				"east": {"uv": [8, 6, 8.5, 6.5], "rotation": 180, "texture": "#line", "tintindex": 0},
				"south": {"uv": [8, 6, 8.5, 6.5], "rotation": 180, "texture": "#line", "tintindex": 0},
				"west": {"uv": [8, 6, 8.5, 6.5], "rotation": 180, "texture": "#line", "tintindex": 0},
				"up": {"uv": [8, 6, 8.5, 6.5], "rotation": 180, "texture": "#line", "tintindex": 0},
				"down": {"uv": [8, 6, 8.5, 6.5], "rotation": 180, "texture": "#line", "tintindex": 0}
			}
		},
		{
			"from": [8.5, 5.5, 0.25],
			"to": [9, 6, 0.75],
			"shade": true,
			"rotation": {"angle": 0, "axis": "x", "origin": [15.5, 8, 10.25]},
			"faces": {
				"north": {"uv": [8, 6, 8.5, 6.5], "rotation": 180, "texture": "#line", "tintindex": 0},
				"east": {"uv": [8, 6, 8.5, 6.5], "rotation": 180, "texture": "#line", "tintindex": 0},
				"south": {"uv": [8, 6, 8.5, 6.5], "rotation": 180, "texture": "#line", "tintindex": 0},
				"west": {"uv": [8, 6, 8.5, 6.5], "rotation": 180, "texture": "#line", "tintindex": 0}
			}
		},
		{
			"from": [8.5, 6.5, 0.25],
			"to": [9, 7, 0.75],
			"shade": true,
			"rotation": {"angle": 0, "axis": "x", "origin": [15.5, 8, 10.25]},
			"faces": {
				"north": {"uv": [8, 6, 8.5, 6.5], "rotation": 180, "texture": "#line", "tintindex": 0},
				"east": {"uv": [8, 6, 8.5, 6.5], "rotation": 180, "texture": "#line", "tintindex": 0},
				"south": {"uv": [8, 6, 8.5, 6.5], "rotation": 180, "texture": "#line", "tintindex": 0},
				"west": {"uv": [8, 6, 8.5, 6.5], "rotation": 180, "texture": "#line", "tintindex": 0}
			}
		},
		{
			"from": [9, 6, 0.25],
			"to": [9.5, 6.5, 0.75],
			"shade": true,
			"rotation": {"angle": 0, "axis": "x", "origin": [15.5, 8, 10.25]},
			"faces": {
				"north": {"uv": [8, 6, 8.5, 6.5], "rotation": 180, "texture": "#line", "tintindex": 0},
				"east": {"uv": [8, 6, 8.5, 6.5], "rotation": 180, "texture": "#line", "tintindex": 0},
				"south": {"uv": [8, 6, 8.5, 6.5], "rotation": 180, "texture": "#line", "tintindex": 0},
				"up": {"uv": [8, 6, 8.5, 6.5], "rotation": 180, "texture": "#line", "tintindex": 0},
				"down": {"uv": [8, 6, 8.5, 6.5], "rotation": 180, "texture": "#line", "tintindex": 0}
			}
		},
		{
			"from": [8.5, 14, 0.25],
			"to": [9, 15, 0.5],
			"rotation": {"angle": 0, "axis": "x", "origin": [16.5, 7, 8.25]},
			"faces": {
				"north": {"uv": [8, 6, 8.5, 6.5], "rotation": 180, "texture": "#line", "tintindex": 0},
				"east": {"uv": [8, 6, 8.5, 6.5], "rotation": 180, "texture": "#line", "tintindex": 0},
				"south": {"uv": [8, 6, 8.5, 6.5], "rotation": 180, "texture": "#line", "tintindex": 0},
				"west": {"uv": [8, 6, 8.5, 6.5], "rotation": 180, "texture": "#line", "tintindex": 0},
				"up": {"uv": [8, 6, 8.5, 6.5], "rotation": 180, "texture": "#line", "tintindex": 0},
				"down": {"uv": [8, 6, 8.5, 6.5], "rotation": 180, "texture": "#line", "tintindex": 0}
			}
		},
		{
			"from": [8.5, 12.5, 0.25],
			"to": [9, 13.5, 0.75],
			"rotation": {"angle": 0, "axis": "x", "origin": [16.5, 7, 8.25]},
			"faces": {
				"north": {"uv": [8, 6, 8.5, 6.5], "rotation": 180, "texture": "#line", "tintindex": 0},
				"east": {"uv": [8, 6, 8.5, 6.5], "rotation": 180, "texture": "#line", "tintindex": 0},
				"south": {"uv": [8, 6, 8.5, 6.5], "rotation": 180, "texture": "#line", "tintindex": 0},
				"west": {"uv": [8, 6, 8.5, 6.5], "rotation": 180, "texture": "#line", "tintindex": 0},
				"up": {"uv": [8, 6, 8.5, 6.5], "rotation": 180, "texture": "#line", "tintindex": 0},
				"down": {"uv": [8, 6, 8.5, 6.5], "rotation": 180, "texture": "#line", "tintindex": 0}
			}
		},
		{
			"from": [8.5, 11, 0.25],
			"to": [9, 12, 0.75],
			"rotation": {"angle": 0, "axis": "x", "origin": [16.5, 7, 8.25]},
			"faces": {
				"north": {"uv": [8, 6, 8.5, 6.5], "rotation": 180, "texture": "#line", "tintindex": 0},
				"east": {"uv": [8, 6, 8.5, 6.5], "rotation": 180, "texture": "#line", "tintindex": 0},
				"south": {"uv": [8, 6, 8.5, 6.5], "rotation": 180, "texture": "#line", "tintindex": 0},
				"west": {"uv": [8, 6, 8.5, 6.5], "rotation": 180, "texture": "#line", "tintindex": 0},
				"up": {"uv": [8, 6, 8.5, 6.5], "rotation": 180, "texture": "#line", "tintindex": 0},
				"down": {"uv": [8, 6, 8.5, 6.5], "rotation": 180, "texture": "#line", "tintindex": 0}
			}
		},
		{
			"from": [8, 9, 0.25],
			"to": [8.5, 11.5, 0.75],
			"rotation": {"angle": 0, "axis": "x", "origin": [16.5, 7, 8.25]},
			"faces": {
				"north": {"uv": [8, 6, 8.5, 6.5], "rotation": 180, "texture": "#line", "tintindex": 0},
				"east": {"uv": [8, 6, 8.5, 6.5], "rotation": 180, "texture": "#line", "tintindex": 0},
				"south": {"uv": [8, 6, 8.5, 6.5], "rotation": 180, "texture": "#line", "tintindex": 0},
				"west": {"uv": [8, 6, 8.5, 6.5], "rotation": 180, "texture": "#line", "tintindex": 0},
				"up": {"uv": [8, 6, 8.5, 6.5], "rotation": 180, "texture": "#line", "tintindex": 0},
				"down": {"uv": [8, 6, 8.5, 6.5], "rotation": 180, "texture": "#line", "tintindex": 0}
			}
		},
		{
			"from": [8.5, 9, 0.25],
			"to": [9, 10.5, 0.75],
			"rotation": {"angle": 0, "axis": "x", "origin": [16.5, 7, 8.25]},
			"faces": {
				"north": {"uv": [8, 6, 8.5, 6.5], "rotation": 180, "texture": "#line", "tintindex": 0},
				"east": {"uv": [8, 6, 8.5, 6.5], "rotation": 180, "texture": "#line", "tintindex": 0},
				"south": {"uv": [8, 6, 8.5, 6.5], "rotation": 180, "texture": "#line", "tintindex": 0},
				"up": {"uv": [8, 6, 8.5, 6.5], "rotation": 180, "texture": "#line", "tintindex": 0},
				"down": {"uv": [8, 6, 8.5, 6.5], "rotation": 180, "texture": "#line", "tintindex": 0}
			}
		},
		{
			"from": [9, 8.5, 0.25],
			"to": [9.5, 10, 0.75],
			"rotation": {"angle": 0, "axis": "x", "origin": [16.5, 7, 8.25]},
			"faces": {
				"north": {"uv": [8, 6, 8.5, 6.5], "rotation": 180, "texture": "#line", "tintindex": 0},
				"east": {"uv": [8, 6, 8.5, 6.5], "rotation": 180, "texture": "#line", "tintindex": 0},
				"south": {"uv": [8, 6, 8.5, 6.5], "rotation": 180, "texture": "#line", "tintindex": 0},
				"west": {"uv": [8, 6, 8.5, 6.5], "rotation": 180, "texture": "#line", "tintindex": 0},
				"up": {"uv": [8, 6, 8.5, 6.5], "rotation": 180, "texture": "#line", "tintindex": 0},
				"down": {"uv": [8, 6, 8.5, 6.5], "rotation": 180, "texture": "#line", "tintindex": 0}
			}
		},
		{
			"from": [8, 12.5, 0.25],
			"to": [8.5, 13, 0.5],
			"rotation": {"angle": 0, "axis": "x", "origin": [16.5, 7, 8.25]},
			"faces": {
				"north": {"uv": [8, 6, 8.5, 6.5], "rotation": 180, "texture": "#line", "tintindex": 0},
				"south": {"uv": [8, 6, 8.5, 6.5], "rotation": 180, "texture": "#line", "tintindex": 0},
				"west": {"uv": [8, 6, 8.5, 6.5], "rotation": 180, "texture": "#line", "tintindex": 0},
				"up": {"uv": [8, 6, 8.5, 6.5], "rotation": 180, "texture": "#line", "tintindex": 0},
				"down": {"uv": [8, 6, 8.5, 6.5], "rotation": 180, "texture": "#line", "tintindex": 0}
			}
		},
		{
			"from": [7.5, 12, 0.25],
			"to": [8, 12.5, 0.5],
			"rotation": {"angle": 0, "axis": "x", "origin": [16.5, 7, 8.25]},
			"faces": {
				"north": {"uv": [8, 6, 8.5, 6.5], "rotation": 180, "texture": "#line", "tintindex": 0},
				"east": {"uv": [8, 6, 8.5, 6.5], "rotation": 180, "texture": "#line", "tintindex": 0},
				"south": {"uv": [8, 6, 8.5, 6.5], "rotation": 180, "texture": "#line", "tintindex": 0},
				"west": {"uv": [8, 6, 8.5, 6.5], "rotation": 180, "texture": "#line", "tintindex": 0},
				"up": {"uv": [8, 6, 8.5, 6.5], "rotation": 180, "texture": "#line", "tintindex": 0},
				"down": {"uv": [8, 6, 8.5, 6.5], "rotation": 180, "texture": "#line", "tintindex": 0}
			}
		},
		{
			"from": [7.5, 10.5, 0.25],
			"to": [8, 11, 0.5],
			"rotation": {"angle": 0, "axis": "x", "origin": [16.5, 7, 8.25]},
			"faces": {
				"north": {"uv": [8, 6, 8.5, 6.5], "rotation": 180, "texture": "#line", "tintindex": 0},
				"south": {"uv": [8, 6, 8.5, 6.5], "rotation": 180, "texture": "#line", "tintindex": 0},
				"west": {"uv": [8, 6, 8.5, 6.5], "rotation": 180, "texture": "#line", "tintindex": 0},
				"up": {"uv": [8, 6, 8.5, 6.5], "rotation": 180, "texture": "#line", "tintindex": 0},
				"down": {"uv": [8, 6, 8.5, 6.5], "rotation": 180, "texture": "#line", "tintindex": 0}
			}
		},
		{
			"from": [7.5, 9.5, 0.25],
			"to": [8, 10, 0.5],
			"rotation": {"angle": 0, "axis": "x", "origin": [16.5, 7, 8.25]},
			"faces": {
				"north": {"uv": [8, 6, 8.5, 6.5], "rotation": 180, "texture": "#line", "tintindex": 0},
				"south": {"uv": [8, 6, 8.5, 6.5], "rotation": 180, "texture": "#line", "tintindex": 0},
				"west": {"uv": [8, 6, 8.5, 6.5], "rotation": 180, "texture": "#line", "tintindex": 0},
				"up": {"uv": [8, 6, 8.5, 6.5], "rotation": 180, "texture": "#line", "tintindex": 0},
				"down": {"uv": [8, 6, 8.5, 6.5], "rotation": 180, "texture": "#line", "tintindex": 0}
			}
		},
		{
			"from": [6.5, 8, 0.25],
			"to": [7, 8.5, 0.5],
			"rotation": {"angle": 0, "axis": "x", "origin": [16.5, 7, 8.25]},
			"faces": {
				"north": {"uv": [8, 6, 8.5, 6.5], "rotation": 180, "texture": "#line", "tintindex": 0},
				"east": {"uv": [8, 6, 8.5, 6.5], "rotation": 180, "texture": "#line", "tintindex": 0},
				"south": {"uv": [8, 6, 8.5, 6.5], "rotation": 180, "texture": "#line", "tintindex": 0},
				"west": {"uv": [8, 6, 8.5, 6.5], "rotation": 180, "texture": "#line", "tintindex": 0},
				"up": {"uv": [8, 6, 8.5, 6.5], "rotation": 180, "texture": "#line", "tintindex": 0},
				"down": {"uv": [8, 6, 8.5, 6.5], "rotation": 180, "texture": "#line", "tintindex": 0}
			}
		},
		{
			"from": [7.5, 8, 0.25],
			"to": [8, 9, 0.75],
			"rotation": {"angle": 0, "axis": "x", "origin": [16.5, 7, 8.25]},
			"faces": {
				"north": {"uv": [8, 6, 8.5, 6.5], "rotation": 180, "texture": "#line", "tintindex": 0},
				"east": {"uv": [8, 6, 8.5, 6.5], "rotation": 180, "texture": "#line", "tintindex": 0},
				"south": {"uv": [8, 6, 8.5, 6.5], "rotation": 180, "texture": "#line", "tintindex": 0},
				"west": {"uv": [8, 6, 8.5, 6.5], "rotation": 180, "texture": "#line", "tintindex": 0},
				"up": {"uv": [8, 6, 8.5, 6.5], "rotation": 180, "texture": "#line", "tintindex": 0}
			}
		},
		{
			"from": [8, 8, 0.25],
			"to": [9, 8.5, 0.75],
			"rotation": {"angle": 0, "axis": "x", "origin": [16.5, 7, 8.25]},
			"faces": {
				"north": {"uv": [8, 6, 8.5, 6.5], "rotation": 180, "texture": "#line", "tintindex": 0},
				"east": {"uv": [8, 6, 8.5, 6.5], "rotation": 180, "texture": "#line", "tintindex": 0},
				"south": {"uv": [8, 6, 8.5, 6.5], "rotation": 180, "texture": "#line", "tintindex": 0},
				"up": {"uv": [8, 6, 8.5, 6.5], "rotation": 180, "texture": "#line", "tintindex": 0}
			}
		},
		{
			"from": [7.5, 7.5, 0.25],
			"to": [9, 8, 0.75],
			"shade": true,
			"rotation": {"angle": 0, "axis": "x", "origin": [15.5, 8, 10.25]},
			"faces": {
				"north": {"uv": [8, 6, 8.5, 6.5], "rotation": 180, "texture": "#overlay", "tintindex": 0},
				"east": {"uv": [8, 6, 8.5, 6.5], "rotation": 180, "texture": "#overlay", "tintindex": 0},
				"south": {"uv": [8, 6, 8.5, 6.5], "rotation": 180, "texture": "#overlay", "tintindex": 0},
				"west": {"uv": [8, 6, 8.5, 6.5], "rotation": 180, "texture": "#overlay", "tintindex": 0},
				"up": {"uv": [8, 6, 8.5, 6.5], "rotation": 180, "texture": "#overlay", "tintindex": 0},
				"down": {"uv": [8, 6, 8.5, 6.5], "rotation": 180, "texture": "#overlay", "tintindex": 0}
			}
		},
		{
			"from": [7.5, 6, 0.25],
			"to": [9, 6.5, 0.75],
			"shade": true,
			"rotation": {"angle": 0, "axis": "x", "origin": [15.5, 8, 10.25]},
			"faces": {
				"north": {"uv": [8, 6, 8.5, 6.5], "rotation": 180, "texture": "#overlay", "tintindex": 0},
				"east": {"uv": [8, 6, 8.5, 6.5], "rotation": 180, "texture": "#overlay", "tintindex": 0},
				"south": {"uv": [8, 6, 8.5, 6.5], "rotation": 180, "texture": "#overlay", "tintindex": 0},
				"west": {"uv": [8, 6, 8.5, 6.5], "rotation": 180, "texture": "#overlay", "tintindex": 0},
				"up": {"uv": [8, 6, 8.5, 6.5], "rotation": 180, "texture": "#overlay", "tintindex": 0},
				"down": {"uv": [8, 6, 8.5, 6.5], "rotation": 180, "texture": "#overlay", "tintindex": 0}
			}
		},
		{
			"from": [8, 7, 0.25],
			"to": [9, 7.5, 0.75],
			"shade": true,
			"rotation": {"angle": 0, "axis": "x", "origin": [15.5, 8, 10.25]},
			"faces": {
				"north": {"uv": [8, 6, 8.5, 6.5], "rotation": 180, "texture": "#overlay", "tintindex": 0},
				"east": {"uv": [8, 6, 8.5, 6.5], "rotation": 180, "texture": "#overlay", "tintindex": 0},
				"south": {"uv": [8, 6, 8.5, 6.5], "rotation": 180, "texture": "#overlay", "tintindex": 0},
				"west": {"uv": [8, 6, 8.5, 6.5], "rotation": 180, "texture": "#overlay", "tintindex": 0},
				"up": {"uv": [8, 6, 8.5, 6.5], "rotation": 180, "texture": "#overlay", "tintindex": 0},
				"down": {"uv": [8, 6, 8.5, 6.5], "rotation": 180, "texture": "#overlay", "tintindex": 0}
			}
		},
		{
			"from": [8, 5, 0.25],
			"to": [9, 5.5, 0.75],
			"shade": true,
			"rotation": {"angle": 0, "axis": "x", "origin": [15.5, 8, 10.25]},
			"faces": {
				"north": {"uv": [8, 6, 8.5, 6.5], "rotation": 180, "texture": "#overlay", "tintindex": 0},
				"east": {"uv": [8, 6, 8.5, 6.5], "rotation": 180, "texture": "#overlay", "tintindex": 0},
				"south": {"uv": [8, 6, 8.5, 6.5], "rotation": 180, "texture": "#overlay", "tintindex": 0},
				"west": {"uv": [8, 6, 8.5, 6.5], "rotation": 180, "texture": "#overlay", "tintindex": 0},
				"up": {"uv": [8, 6, 8.5, 6.5], "rotation": 180, "texture": "#overlay", "tintindex": 0},
				"down": {"uv": [8, 6, 8.5, 6.5], "rotation": 180, "texture": "#overlay", "tintindex": 0}
			}
		},
		{
			"from": [8, 3, 0.25],
			"to": [9, 3.5, 0.75],
			"shade": true,
			"rotation": {"angle": 0, "axis": "x", "origin": [15.5, 8, 10.25]},
			"faces": {
				"north": {"uv": [8, 6, 8.5, 6.5], "rotation": 180, "texture": "#overlay", "tintindex": 0},
				"east": {"uv": [8, 6, 8.5, 6.5], "rotation": 180, "texture": "#overlay", "tintindex": 0},
				"south": {"uv": [8, 6, 8.5, 6.5], "rotation": 180, "texture": "#overlay", "tintindex": 0},
				"west": {"uv": [8, 6, 8.5, 6.5], "rotation": 180, "texture": "#overlay", "tintindex": 0},
				"up": {"uv": [8, 6, 8.5, 6.5], "rotation": 180, "texture": "#overlay", "tintindex": 0},
				"down": {"uv": [8, 6, 8.5, 6.5], "rotation": 180, "texture": "#overlay", "tintindex": 0}
			}
		},
		{
			"from": [8, 3.5, 0.25],
			"to": [8.5, 4, 0.75],
			"shade": true,
			"rotation": {"angle": 0, "axis": "x", "origin": [15.5, 8, 10.25]},
			"faces": {
				"north": {"uv": [8, 6, 8.5, 6.5], "rotation": 180, "texture": "#overlay", "tintindex": 0},
				"east": {"uv": [8, 6, 8.5, 6.5], "rotation": 180, "texture": "#overlay", "tintindex": 0},
				"south": {"uv": [8, 6, 8.5, 6.5], "rotation": 180, "texture": "#overlay", "tintindex": 0},
				"west": {"uv": [8, 6, 8.5, 6.5], "rotation": 180, "texture": "#overlay", "tintindex": 0},
				"up": {"uv": [8, 6, 8.5, 6.5], "rotation": 180, "texture": "#overlay", "tintindex": 0},
				"down": {"uv": [8, 6, 8.5, 6.5], "rotation": 180, "texture": "#overlay", "tintindex": 0}
			}
		},
		{
			"from": [7.5, 6.5, 0.25],
			"to": [8, 7, 0.75],
			"shade": true,
			"rotation": {"angle": 0, "axis": "x", "origin": [15.5, 8, 10.25]},
			"faces": {
				"north": {"uv": [8, 6, 8.5, 6.5], "rotation": 180, "texture": "#overlay", "tintindex": 0},
				"east": {"uv": [8, 6, 8.5, 6.5], "rotation": 180, "texture": "#overlay", "tintindex": 0},
				"south": {"uv": [8, 6, 8.5, 6.5], "rotation": 180, "texture": "#overlay", "tintindex": 0},
				"west": {"uv": [8, 6, 8.5, 6.5], "rotation": 180, "texture": "#overlay", "tintindex": 0},
				"up": {"uv": [8, 6, 8.5, 6.5], "rotation": 180, "texture": "#overlay", "tintindex": 0},
				"down": {"uv": [8, 6, 8.5, 6.5], "rotation": 180, "texture": "#overlay", "tintindex": 0}
			}
		},
		{
			"from": [7.5, 5.5, 0.25],
			"to": [8, 6, 0.5],
			"shade": true,
			"rotation": {"angle": 0, "axis": "x", "origin": [15.5, 8, 10.25]},
			"faces": {
				"north": {"uv": [8, 6, 8.5, 6.5], "rotation": 180, "texture": "#overlay", "tintindex": 0},
				"east": {"uv": [8, 6, 8.5, 6.5], "rotation": 180, "texture": "#overlay", "tintindex": 0},
				"south": {"uv": [8, 6, 8.5, 6.5], "rotation": 180, "texture": "#overlay", "tintindex": 0},
				"west": {"uv": [8, 6, 8.5, 6.5], "rotation": 180, "texture": "#overlay", "tintindex": 0},
				"up": {"uv": [8, 6, 8.5, 6.5], "rotation": 180, "texture": "#overlay", "tintindex": 0},
				"down": {"uv": [8, 6, 8.5, 6.5], "rotation": 180, "texture": "#overlay", "tintindex": 0}
			}
		},
		{
			"from": [8, 2, 0.25],
			"to": [8.5, 2.5, 0.75],
			"shade": true,
			"rotation": {"angle": 0, "axis": "x", "origin": [15.5, 8, 10.25]},
			"faces": {
				"north": {"uv": [8, 6, 8.5, 6.5], "rotation": 180, "texture": "#overlay", "tintindex": 0},
				"east": {"uv": [8, 6, 8.5, 6.5], "rotation": 180, "texture": "#overlay", "tintindex": 0},
				"south": {"uv": [8, 6, 8.5, 6.5], "rotation": 180, "texture": "#overlay", "tintindex": 0},
				"west": {"uv": [8, 6, 8.5, 6.5], "rotation": 180, "texture": "#overlay", "tintindex": 0},
				"up": {"uv": [8, 6, 8.5, 6.5], "rotation": 180, "texture": "#overlay", "tintindex": 0},
				"down": {"uv": [8, 6, 8.5, 6.5], "rotation": 180, "texture": "#overlay", "tintindex": 0}
			}
		},
		{
			"from": [8.5, 0.5, 0.25],
			"to": [9, 1, 0.5],
			"shade": true,
			"rotation": {"angle": 0, "axis": "x", "origin": [15.5, 8, 10.25]},
			"faces": {
				"north": {"uv": [8, 6, 8.5, 6.5], "rotation": 180, "texture": "#overlay", "tintindex": 0},
				"east": {"uv": [8, 6, 8.5, 6.5], "rotation": 180, "texture": "#overlay", "tintindex": 0},
				"south": {"uv": [8, 6, 8.5, 6.5], "rotation": 180, "texture": "#overlay", "tintindex": 0},
				"west": {"uv": [8, 6, 8.5, 6.5], "rotation": 180, "texture": "#overlay", "tintindex": 0},
				"up": {"uv": [8, 6, 8.5, 6.5], "rotation": 180, "texture": "#overlay", "tintindex": 0},
				"down": {"uv": [8, 6, 8.5, 6.5], "rotation": 180, "texture": "#overlay", "tintindex": 0}
			}
		},
		{
			"from": [8.5, 1.5, 0.25],
			"to": [9, 2, 0.5],
			"shade": true,
			"rotation": {"angle": 0, "axis": "x", "origin": [15.5, 8, 10.25]},
			"faces": {
				"north": {"uv": [8, 6, 8.5, 6.5], "rotation": 180, "texture": "#overlay", "tintindex": 0},
				"east": {"uv": [8, 6, 8.5, 6.5], "rotation": 180, "texture": "#overlay", "tintindex": 0},
				"south": {"uv": [8, 6, 8.5, 6.5], "rotation": 180, "texture": "#overlay", "tintindex": 0},
				"west": {"uv": [8, 6, 8.5, 6.5], "rotation": 180, "texture": "#overlay", "tintindex": 0},
				"up": {"uv": [8, 6, 8.5, 6.5], "rotation": 180, "texture": "#overlay", "tintindex": 0},
				"down": {"uv": [8, 6, 8.5, 6.5], "rotation": 180, "texture": "#overlay", "tintindex": 0}
			}
		},
		{
			"from": [7.5, 0.5, 0.25],
			"to": [8, 1, 0.5],
			"shade": true,
			"rotation": {"angle": 0, "axis": "x", "origin": [15.5, 8, 10.25]},
			"faces": {
				"north": {"uv": [8, 6, 8.5, 6.5], "rotation": 180, "texture": "#overlay", "tintindex": 0},
				"east": {"uv": [8, 6, 8.5, 6.5], "rotation": 180, "texture": "#overlay", "tintindex": 0},
				"south": {"uv": [8, 6, 8.5, 6.5], "rotation": 180, "texture": "#overlay", "tintindex": 0},
				"west": {"uv": [8, 6, 8.5, 6.5], "rotation": 180, "texture": "#overlay", "tintindex": 0},
				"up": {"uv": [8, 6, 8.5, 6.5], "rotation": 180, "texture": "#overlay", "tintindex": 0},
				"down": {"uv": [8, 6, 8.5, 6.5], "rotation": 180, "texture": "#overlay", "tintindex": 0}
			}
		},
		{
			"from": [9, 2, 0.25],
			"to": [9.5, 3, 0.75],
			"shade": true,
			"rotation": {"angle": 0, "axis": "x", "origin": [15.5, 8, 10.25]},
			"faces": {
				"north": {"uv": [8, 6, 8.5, 6.5], "rotation": 180, "texture": "#overlay", "tintindex": 0},
				"east": {"uv": [8, 6, 8.5, 6.5], "rotation": 180, "texture": "#overlay", "tintindex": 0},
				"south": {"uv": [8, 6, 8.5, 6.5], "rotation": 180, "texture": "#overlay", "tintindex": 0},
				"west": {"uv": [8, 6, 8.5, 6.5], "rotation": 180, "texture": "#overlay", "tintindex": 0},
				"up": {"uv": [8, 6, 8.5, 6.5], "rotation": 180, "texture": "#overlay", "tintindex": 0},
				"down": {"uv": [8, 6, 8.5, 6.5], "rotation": 180, "texture": "#overlay", "tintindex": 0}
			}
		},
		{
			"from": [8.5, 4, 0.25],
			"to": [9, 5, 0.75],
			"shade": true,
			"rotation": {"angle": 0, "axis": "x", "origin": [15.5, 8, 10.25]},
			"faces": {
				"north": {"uv": [8, 6, 8.5, 6.5], "rotation": 180, "texture": "#overlay", "tintindex": 0},
				"east": {"uv": [8, 6, 8.5, 6.5], "rotation": 180, "texture": "#overlay", "tintindex": 0},
				"south": {"uv": [8, 6, 8.5, 6.5], "rotation": 180, "texture": "#overlay", "tintindex": 0},
				"west": {"uv": [8, 6, 8.5, 6.5], "rotation": 180, "texture": "#overlay", "tintindex": 0},
				"up": {"uv": [8, 6, 8.5, 6.5], "rotation": 180, "texture": "#overlay", "tintindex": 0},
				"down": {"uv": [8, 6, 8.5, 6.5], "rotation": 180, "texture": "#overlay", "tintindex": 0}
			}
		},
		{
			"from": [10, 5.5, 0.25],
			"to": [10.5, 6.5, 0.5],
			"shade": true,
			"rotation": {"angle": 0, "axis": "x", "origin": [15.5, 8, 10.25]},
			"faces": {
				"north": {"uv": [8, 6, 8.5, 6.5], "rotation": 180, "texture": "#overlay", "tintindex": 0},
				"east": {"uv": [8, 6, 8.5, 6.5], "rotation": 180, "texture": "#overlay", "tintindex": 0},
				"south": {"uv": [8, 6, 8.5, 6.5], "rotation": 180, "texture": "#overlay", "tintindex": 0},
				"west": {"uv": [8, 6, 8.5, 6.5], "rotation": 180, "texture": "#overlay", "tintindex": 0},
				"up": {"uv": [8, 6, 8.5, 6.5], "rotation": 180, "texture": "#overlay", "tintindex": 0},
				"down": {"uv": [8, 6, 8.5, 6.5], "rotation": 180, "texture": "#overlay", "tintindex": 0}
			}
		},
		{
			"from": [8.5, 5.5, 0.25],
			"to": [9, 6, 0.75],
			"shade": true,
			"rotation": {"angle": 0, "axis": "x", "origin": [15.5, 8, 10.25]},
			"faces": {
				"north": {"uv": [8, 6, 8.5, 6.5], "rotation": 180, "texture": "#overlay", "tintindex": 0},
				"east": {"uv": [8, 6, 8.5, 6.5], "rotation": 180, "texture": "#overlay", "tintindex": 0},
				"south": {"uv": [8, 6, 8.5, 6.5], "rotation": 180, "texture": "#overlay", "tintindex": 0},
				"west": {"uv": [8, 6, 8.5, 6.5], "rotation": 180, "texture": "#overlay", "tintindex": 0},
				"up": {"uv": [8, 6, 8.5, 6.5], "rotation": 180, "texture": "#overlay", "tintindex": 0},
				"down": {"uv": [8, 6, 8.5, 6.5], "rotation": 180, "texture": "#overlay", "tintindex": 0}
			}
		},
		{
			"from": [8.5, 6.5, 0.25],
			"to": [9, 7, 0.75],
			"shade": true,
			"rotation": {"angle": 0, "axis": "x", "origin": [15.5, 8, 10.25]},
			"faces": {
				"north": {"uv": [8, 6, 8.5, 6.5], "rotation": 180, "texture": "#overlay", "tintindex": 0},
				"east": {"uv": [8, 6, 8.5, 6.5], "rotation": 180, "texture": "#overlay", "tintindex": 0},
				"south": {"uv": [8, 6, 8.5, 6.5], "rotation": 180, "texture": "#overlay", "tintindex": 0},
				"west": {"uv": [8, 6, 8.5, 6.5], "rotation": 180, "texture": "#overlay", "tintindex": 0},
				"up": {"uv": [8, 6, 8.5, 6.5], "rotation": 180, "texture": "#overlay", "tintindex": 0},
				"down": {"uv": [8, 6, 8.5, 6.5], "rotation": 180, "texture": "#overlay", "tintindex": 0}
			}
		},
		{
			"from": [9, 6, 0.25],
			"to": [9.5, 6.5, 0.75],
			"shade": true,
			"rotation": {"angle": 0, "axis": "x", "origin": [15.5, 8, 10.25]},
			"faces": {
				"north": {"uv": [8, 6, 8.5, 6.5], "rotation": 180, "texture": "#overlay", "tintindex": 0},
				"east": {"uv": [8, 6, 8.5, 6.5], "rotation": 180, "texture": "#overlay", "tintindex": 0},
				"south": {"uv": [8, 6, 8.5, 6.5], "rotation": 180, "texture": "#overlay", "tintindex": 0},
				"west": {"uv": [8, 6, 8.5, 6.5], "rotation": 180, "texture": "#overlay", "tintindex": 0},
				"up": {"uv": [8, 6, 8.5, 6.5], "rotation": 180, "texture": "#overlay", "tintindex": 0},
				"down": {"uv": [8, 6, 8.5, 6.5], "rotation": 180, "texture": "#overlay", "tintindex": 0}
			}
		},
		{
			"from": [8.5, 14, 0.25],
			"to": [9, 15, 0.5],
			"rotation": {"angle": 0, "axis": "x", "origin": [16.5, 7, 8.25]},
			"faces": {
				"north": {"uv": [8, 6, 8.5, 6.5], "rotation": 180, "texture": "#overlay", "tintindex": 0},
				"east": {"uv": [8, 6, 8.5, 6.5], "rotation": 180, "texture": "#overlay", "tintindex": 0},
				"south": {"uv": [8, 6, 8.5, 6.5], "rotation": 180, "texture": "#overlay", "tintindex": 0},
				"west": {"uv": [8, 6, 8.5, 6.5], "rotation": 180, "texture": "#overlay", "tintindex": 0},
				"up": {"uv": [8, 6, 8.5, 6.5], "rotation": 180, "texture": "#overlay", "tintindex": 0},
				"down": {"uv": [8, 6, 8.5, 6.5], "rotation": 180, "texture": "#overlay", "tintindex": 0}
			}
		},
		{
			"from": [8.5, 12.5, 0.25],
			"to": [9, 13.5, 0.75],
			"rotation": {"angle": 0, "axis": "x", "origin": [16.5, 7, 8.25]},
			"faces": {
				"north": {"uv": [8, 6, 8.5, 6.5], "rotation": 180, "texture": "#overlay", "tintindex": 0},
				"east": {"uv": [8, 6, 8.5, 6.5], "rotation": 180, "texture": "#overlay", "tintindex": 0},
				"south": {"uv": [8, 6, 8.5, 6.5], "rotation": 180, "texture": "#overlay", "tintindex": 0},
				"west": {"uv": [8, 6, 8.5, 6.5], "rotation": 180, "texture": "#overlay", "tintindex": 0},
				"up": {"uv": [8, 6, 8.5, 6.5], "rotation": 180, "texture": "#overlay", "tintindex": 0},
				"down": {"uv": [8, 6, 8.5, 6.5], "rotation": 180, "texture": "#overlay", "tintindex": 0}
			}
		},
		{
			"from": [8.5, 11, 0.25],
			"to": [9, 12, 0.75],
			"rotation": {"angle": 0, "axis": "x", "origin": [16.5, 7, 8.25]},
			"faces": {
				"north": {"uv": [8, 6, 8.5, 6.5], "rotation": 180, "texture": "#overlay", "tintindex": 0},
				"east": {"uv": [8, 6, 8.5, 6.5], "rotation": 180, "texture": "#overlay", "tintindex": 0},
				"south": {"uv": [8, 6, 8.5, 6.5], "rotation": 180, "texture": "#overlay", "tintindex": 0},
				"west": {"uv": [8, 6, 8.5, 6.5], "rotation": 180, "texture": "#overlay", "tintindex": 0},
				"up": {"uv": [8, 6, 8.5, 6.5], "rotation": 180, "texture": "#overlay", "tintindex": 0},
				"down": {"uv": [8, 6, 8.5, 6.5], "rotation": 180, "texture": "#overlay", "tintindex": 0}
			}
		},
		{
			"from": [8, 9, 0.25],
			"to": [8.5, 11.5, 0.75],
			"rotation": {"angle": 0, "axis": "x", "origin": [16.5, 7, 8.25]},
			"faces": {
				"north": {"uv": [8, 6, 8.5, 6.5], "rotation": 180, "texture": "#overlay", "tintindex": 0},
				"east": {"uv": [8, 6, 8.5, 6.5], "rotation": 180, "texture": "#overlay", "tintindex": 0},
				"south": {"uv": [8, 6, 8.5, 6.5], "rotation": 180, "texture": "#overlay", "tintindex": 0},
				"west": {"uv": [8, 6, 8.5, 6.5], "rotation": 180, "texture": "#overlay", "tintindex": 0},
				"up": {"uv": [8, 6, 8.5, 6.5], "rotation": 180, "texture": "#overlay", "tintindex": 0},
				"down": {"uv": [8, 6, 8.5, 6.5], "rotation": 180, "texture": "#overlay", "tintindex": 0}
			}
		},
		{
			"from": [8.5, 9, 0.25],
			"to": [9, 10.5, 0.75],
			"rotation": {"angle": 0, "axis": "x", "origin": [16.5, 7, 8.25]},
			"faces": {
				"north": {"uv": [8, 6, 8.5, 6.5], "rotation": 180, "texture": "#overlay", "tintindex": 0},
				"east": {"uv": [8, 6, 8.5, 6.5], "rotation": 180, "texture": "#overlay", "tintindex": 0},
				"south": {"uv": [8, 6, 8.5, 6.5], "rotation": 180, "texture": "#overlay", "tintindex": 0},
				"west": {"uv": [8, 6, 8.5, 6.5], "rotation": 180, "texture": "#overlay", "tintindex": 0},
				"up": {"uv": [8, 6, 8.5, 6.5], "rotation": 180, "texture": "#overlay", "tintindex": 0},
				"down": {"uv": [8, 6, 8.5, 6.5], "rotation": 180, "texture": "#overlay", "tintindex": 0}
			}
		},
		{
			"from": [9, 8.5, 0.25],
			"to": [9.5, 10, 0.75],
			"rotation": {"angle": 0, "axis": "x", "origin": [16.5, 7, 8.25]},
			"faces": {
				"north": {"uv": [8, 6, 8.5, 6.5], "rotation": 180, "texture": "#overlay", "tintindex": 0},
				"east": {"uv": [8, 6, 8.5, 6.5], "rotation": 180, "texture": "#overlay", "tintindex": 0},
				"south": {"uv": [8, 6, 8.5, 6.5], "rotation": 180, "texture": "#overlay", "tintindex": 0},
				"west": {"uv": [8, 6, 8.5, 6.5], "rotation": 180, "texture": "#overlay", "tintindex": 0},
				"up": {"uv": [8, 6, 8.5, 6.5], "rotation": 180, "texture": "#overlay", "tintindex": 0},
				"down": {"uv": [8, 6, 8.5, 6.5], "rotation": 180, "texture": "#overlay", "tintindex": 0}
			}
		},
		{
			"from": [8, 12.5, 0.25],
			"to": [8.5, 13, 0.5],
			"rotation": {"angle": 0, "axis": "x", "origin": [16.5, 7, 8.25]},
			"faces": {
				"north": {"uv": [8, 6, 8.5, 6.5], "rotation": 180, "texture": "#overlay", "tintindex": 0},
				"east": {"uv": [8, 6, 8.5, 6.5], "rotation": 180, "texture": "#overlay", "tintindex": 0},
				"south": {"uv": [8, 6, 8.5, 6.5], "rotation": 180, "texture": "#overlay", "tintindex": 0},
				"west": {"uv": [8, 6, 8.5, 6.5], "rotation": 180, "texture": "#overlay", "tintindex": 0},
				"up": {"uv": [8, 6, 8.5, 6.5], "rotation": 180, "texture": "#overlay", "tintindex": 0},
				"down": {"uv": [8, 6, 8.5, 6.5], "rotation": 180, "texture": "#overlay", "tintindex": 0}
			}
		},
		{
			"from": [7.5, 12, 0.25],
			"to": [8, 12.5, 0.5],
			"rotation": {"angle": 0, "axis": "x", "origin": [16.5, 7, 8.25]},
			"faces": {
				"north": {"uv": [8, 6, 8.5, 6.5], "rotation": 180, "texture": "#overlay", "tintindex": 0},
				"east": {"uv": [8, 6, 8.5, 6.5], "rotation": 180, "texture": "#overlay", "tintindex": 0},
				"south": {"uv": [8, 6, 8.5, 6.5], "rotation": 180, "texture": "#overlay", "tintindex": 0},
				"west": {"uv": [8, 6, 8.5, 6.5], "rotation": 180, "texture": "#overlay", "tintindex": 0},
				"up": {"uv": [8, 6, 8.5, 6.5], "rotation": 180, "texture": "#overlay", "tintindex": 0},
				"down": {"uv": [8, 6, 8.5, 6.5], "rotation": 180, "texture": "#overlay", "tintindex": 0}
			}
		},
		{
			"from": [7.5, 10.5, 0.25],
			"to": [8, 11, 0.5],
			"rotation": {"angle": 0, "axis": "x", "origin": [16.5, 7, 8.25]},
			"faces": {
				"north": {"uv": [8, 6, 8.5, 6.5], "rotation": 180, "texture": "#overlay", "tintindex": 0},
				"east": {"uv": [8, 6, 8.5, 6.5], "rotation": 180, "texture": "#overlay", "tintindex": 0},
				"south": {"uv": [8, 6, 8.5, 6.5], "rotation": 180, "texture": "#overlay", "tintindex": 0},
				"west": {"uv": [8, 6, 8.5, 6.5], "rotation": 180, "texture": "#overlay", "tintindex": 0},
				"up": {"uv": [8, 6, 8.5, 6.5], "rotation": 180, "texture": "#overlay", "tintindex": 0},
				"down": {"uv": [8, 6, 8.5, 6.5], "rotation": 180, "texture": "#overlay", "tintindex": 0}
			}
		},
		{
			"from": [7.5, 9.5, 0.25],
			"to": [8, 10, 0.5],
			"rotation": {"angle": 0, "axis": "x", "origin": [16.5, 7, 8.25]},
			"faces": {
				"north": {"uv": [8, 6, 8.5, 6.5], "rotation": 180, "texture": "#overlay", "tintindex": 0},
				"east": {"uv": [8, 6, 8.5, 6.5], "rotation": 180, "texture": "#overlay", "tintindex": 0},
				"south": {"uv": [8, 6, 8.5, 6.5], "rotation": 180, "texture": "#overlay", "tintindex": 0},
				"west": {"uv": [8, 6, 8.5, 6.5], "rotation": 180, "texture": "#overlay", "tintindex": 0},
				"up": {"uv": [8, 6, 8.5, 6.5], "rotation": 180, "texture": "#overlay", "tintindex": 0},
				"down": {"uv": [8, 6, 8.5, 6.5], "rotation": 180, "texture": "#overlay", "tintindex": 0}
			}
		},
		{
			"from": [6.5, 8, 0.25],
			"to": [7, 8.5, 0.5],
			"rotation": {"angle": 0, "axis": "x", "origin": [16.5, 7, 8.25]},
			"faces": {
				"north": {"uv": [8, 6, 8.5, 6.5], "rotation": 180, "texture": "#overlay", "tintindex": 0},
				"east": {"uv": [8, 6, 8.5, 6.5], "rotation": 180, "texture": "#overlay", "tintindex": 0},
				"south": {"uv": [8, 6, 8.5, 6.5], "rotation": 180, "texture": "#overlay", "tintindex": 0},
				"west": {"uv": [8, 6, 8.5, 6.5], "rotation": 180, "texture": "#overlay", "tintindex": 0},
				"up": {"uv": [8, 6, 8.5, 6.5], "rotation": 180, "texture": "#overlay", "tintindex": 0},
				"down": {"uv": [8, 6, 8.5, 6.5], "rotation": 180, "texture": "#overlay", "tintindex": 0}
			}
		},
		{
			"from": [7.5, 8, 0.25],
			"to": [8, 9, 0.75],
			"rotation": {"angle": 0, "axis": "x", "origin": [16.5, 7, 8.25]},
			"faces": {
				"north": {"uv": [8, 6, 8.5, 6.5], "rotation": 180, "texture": "#overlay", "tintindex": 0},
				"east": {"uv": [8, 6, 8.5, 6.5], "rotation": 180, "texture": "#overlay", "tintindex": 0},
				"south": {"uv": [8, 6, 8.5, 6.5], "rotation": 180, "texture": "#overlay", "tintindex": 0},
				"west": {"uv": [8, 6, 8.5, 6.5], "rotation": 180, "texture": "#overlay", "tintindex": 0},
				"up": {"uv": [8, 6, 8.5, 6.5], "rotation": 180, "texture": "#overlay", "tintindex": 0},
				"down": {"uv": [8, 6, 8.5, 6.5], "rotation": 180, "texture": "#overlay", "tintindex": 0}
			}
		},
		{
			"from": [8, 8, 0.25],
			"to": [9, 8.5, 0.75],
			"rotation": {"angle": 0, "axis": "x", "origin": [16.5, 7, 8.25]},
			"faces": {
				"north": {"uv": [8, 6, 8.5, 6.5], "rotation": 180, "texture": "#overlay", "tintindex": 0},
				"east": {"uv": [8, 6, 8.5, 6.5], "rotation": 180, "texture": "#overlay", "tintindex": 0},
				"south": {"uv": [8, 6, 8.5, 6.5], "rotation": 180, "texture": "#overlay", "tintindex": 0},
				"west": {"uv": [8, 6, 8.5, 6.5], "rotation": 180, "texture": "#overlay", "tintindex": 0},
				"up": {"uv": [8, 6, 8.5, 6.5], "rotation": 180, "texture": "#overlay", "tintindex": 0},
				"down": {"uv": [8, 6, 8.5, 6.5], "rotation": 180, "texture": "#overlay", "tintindex": 0}
			}
		}
	],
	"groups": [
		{
			"name": "redstone",
			"origin": [17, 10, 9.5],
			"children": [0, 1, 2, 3, 4, 5, 6, 7, 8, 9, 10, 11, 12, 13, 14, 15, 16, 17, 18, 19, 20, 21, 22, 23, 24, 25, 26, 27, 28, 29, 30]
		},
		{
			"name": "overlay",
			"origin": [17, 10, 9.5],
			"children": [31, 32, 33, 34, 35, 36, 37, 38, 39, 40, 41, 42, 43, 44, 45, 46, 47, 48, 49, 50, 51, 52, 53, 54, 55, 56, 57, 58, 59, 60, 61]
		}
	]
}