{
	"credit": "Made with Blockbench by Juknum",
	"parent": "minecraft:block/template_torch_wall",
	"ambientocclusion": false,
	"textures": {
		"0": "block/redstone_torch",
		"particle": "#torch"
	},
	"elements": [
		{
			"from": [1.5, 0.8, 7],
			"to": [3.5, 11.3, 9],
			"rotation": {"angle": -22.5, "axis": "z", "origin": [8, 8.3, 8]},
			"faces": {
				"north": {"uv": [7, 5.5, 9, 16], "texture": "#0"},
				"east": {"uv": [7, 5.5, 9, 16], "texture": "#0"},
				"south": {"uv": [7, 5.5, 9, 16], "texture": "#0"},
				"west": {"uv": [7, 5.5, 9, 16], "texture": "#0"},
				"up": {"uv": [7, 6, 9, 8], "texture": "#0"},
				"down": {"uv": [7, 14, 9, 16], "texture": "#0"}
			}
		},
		{
			"from": [1, 8.8, 6.5],
			"to": [4, 10.8, 9.5],
			"rotation": {"angle": -22.5, "axis": "z", "origin": [8, 8.3, 8]},
			"faces": {
				"north": {"uv": [6.5, 6, 9.5, 8], "texture": "#0"},
				"east": {"uv": [6.5, 6, 9.5, 8], "texture": "#0"},
				"south": {"uv": [6.5, 6, 9.5, 8], "texture": "#0"},
				"west": {"uv": [6.5, 6, 9.5, 8], "texture": "#0"},
				"up": {"uv": [7, 5.5, 7.5, 6], "texture": "#0"},
				"down": {"uv": [9, 6, 9.5, 6.5], "texture": "#0"}
			}
		},
		{
			"from": [1, 8.3, 7],
			"to": [1.5, 11.3, 9],
			"rotation": {"angle": -22.5, "axis": "z", "origin": [8, 8.3, 8]},
			"faces": {
				"north": {"uv": [6.5, 6, 7, 6.5], "texture": "#0"},
				"south": {"uv": [7, 8, 9, 8.5], "rotation": 90, "texture": "#0"},
				"west": {"uv": [7, 5.5, 9, 8.5], "texture": "#0"},
				"up": {"uv": [7, 5.5, 7.5, 6], "texture": "#0"},
				"down": {"uv": [7, 8, 9, 8.5], "rotation": 270, "texture": "#0"}
			}
		},
		{
			"from": [3.5, 8.3, 7],
			"to": [4, 11.3, 9],
			"rotation": {"angle": -22.5, "axis": "z", "origin": [8, 8.3, 8]},
			"faces": {
				"north": {"uv": [7, 8, 9, 8.5], "rotation": 90, "texture": "#0"},
				"east": {"uv": [7, 5.5, 9, 8.5], "texture": "#0"},
				"south": {"uv": [9, 6, 9.5, 6.5], "texture": "#0"},
				"up": {"uv": [7, 5.5, 7.5, 6], "texture": "#0"},
				"down": {"uv": [7, 8, 9, 8.5], "rotation": 90, "texture": "#0"}
			}
		},
		{
			"from": [1.5, 8.3, 6.5],
			"to": [3.5, 11.3, 7],
			"rotation": {"angle": -22.5, "axis": "z", "origin": [8, 8.3, 8]},
			"faces": {
				"north": {"uv": [7, 5.5, 9, 8.5], "texture": "#0"},
				"east": {"uv": [9, 6, 9.5, 6.5], "texture": "#0"},
				"west": {"uv": [7, 8, 9, 8.5], "rotation": 90, "texture": "#0"},
				"up": {"uv": [7, 5.5, 7.5, 6], "texture": "#0"},
				"down": {"uv": [7, 8, 9, 8.5], "rotation": 180, "texture": "#0"}
			}
		},
		{
			"from": [1.5, 8.3, 9],
			"to": [3.5, 11.3, 9.5],
			"rotation": {"angle": -22.5, "axis": "z", "origin": [8, 8.3, 8]},
			"faces": {
				"east": {"uv": [7, 8, 9, 8.5], "rotation": 90, "texture": "#0"},
				"south": {"uv": [7, 5.5, 9, 8.5], "texture": "#0"},
				"west": {"uv": [6.5, 6, 7, 6.5], "texture": "#0"},
				"up": {"uv": [7, 5.5, 7.5, 6], "texture": "#0"},
				"down": {"uv": [7, 8, 9, 8.5], "texture": "#0"}
			}
		}
	]
}