{
	"credit": "Made with Blockbench by Saarlodrie & reedited by Juknum",
	"parent": "block/block",
	"textures": {
		"0": "block/smithing_table_bottom",
		"1": "block/smithing_table_front",
		"2": "block/smithing_table_side",
		"3": "block/smithing_table_top",
		"particle": "block/smithing_table_bottom"
	},
	"elements": [
		{
			"name": "corner",
			"from": [0, 0, 0],
			"to": [2, 16, 2],
			"faces": {
				"north": {"uv": [14, 0, 16, 16], "texture": "#1", "cullface": "north"},
				"east": {"uv": [0, 0, 2, 16], "texture": "#1", "cullface": "north"},
				"south": {"uv": [14, 0, 16, 16], "texture": "#1", "cullface": "west"},
				"west": {"uv": [0, 0, 2, 16], "texture": "#1", "cullface": "west"},
				"up": {"uv": [0, 0, 2, 2], "texture": "#3", "cullface": "up"},
				"down": {"uv": [14, 0, 16, 2], "rotation": 180, "texture": "#0", "cullface": "down"}
			}
		},
		{
			"name": "corner",
			"from": [14, 0, 0],
			"to": [16, 16, 2],
			"faces": {
				"north": {"uv": [0, 0, 2, 16], "texture": "#1", "cullface": "north"},
				"east": {"uv": [14, 0, 16, 16], "texture": "#1", "cullface": "east"},
				"south": {"uv": [0, 0, 2, 16], "texture": "#1", "cullface": "east"},
				"west": {"uv": [0, 0, 2, 16], "texture": "#1", "cullface": "north"},
				"up": {"uv": [14, 0, 16, 2], "texture": "#3", "cullface": "up"},
				"down": {"uv": [0, 0, 2, 2], "rotation": 180, "texture": "#0", "cullface": "down"}
			}
		},
		{
			"name": "corner",
			"from": [0, 0, 14],
			"to": [2, 16, 16],
			"faces": {
				"north": {"uv": [0, 0, 2, 16], "texture": "#1", "cullface": "west"},
				"east": {"uv": [14, 0, 16, 16], "texture": "#1", "cullface": "south"},
				"south": {"uv": [0, 0, 2, 16], "texture": "#1", "cullface": "south"},
				"west": {"uv": [14, 0, 16, 16], "texture": "#1", "cullface": "west"},
				"up": {"uv": [0, 14, 2, 16], "texture": "#3", "cullface": "up"},
				"down": {"uv": [14, 14, 16, 16], "rotation": 180, "texture": "#0", "cullface": "down"}
			}
		},
		{
			"name": "corner",
			"from": [14, 0, 14],
			"to": [16, 16, 16],
			"faces": {
				"north": {"uv": [14, 0, 16, 16], "texture": "#1", "cullface": "east"},
				"east": {"uv": [0, 0, 2, 16], "texture": "#1", "cullface": "east"},
				"south": {"uv": [14, 0, 16, 16], "texture": "#1", "cullface": "south"},
				"west": {"uv": [0, 0, 2, 16], "texture": "#1", "cullface": "south"},
				"up": {"uv": [14, 14, 16, 16], "texture": "#3", "cullface": "up"},
				"down": {"uv": [0, 14, 2, 16], "rotation": 180, "texture": "#0", "cullface": "down"}
			}
		},
		{
			"name": "bottom wide",
			"from": [2, 0, 0],
			"to": [14, 0.2, 16],
			"faces": {
				"north": {"uv": [2, 3.5, 14, 3.7], "texture": "#1", "cullface": "north"},
				"south": {"uv": [2.5, 3.5, 14.5, 3.7], "texture": "#1", "cullface": "south"},
				"up": {"uv": [0, 4, 16, 13], "rotation": 270, "texture": "#1"},
				"down": {"uv": [2, 0, 14, 16], "texture": "#0", "cullface": "down"}
			}
		},
		{
			"name": "bottom side",
			"from": [0, 0, 2],
			"to": [2, 0.2, 14],
			"faces": {
				"west": {"uv": [2, 3.5, 14, 3.7], "texture": "#1"},
				"up": {"uv": [0, 2, 2, 14], "texture": "#1", "cullface": "west"},
				"down": {"uv": [0, 2, 2, 14], "texture": "#0"}
			}
		},
		{
			"name": "bottom side",
			"from": [14, 0, 2],
			"to": [16, 0.2, 14],
			"faces": {
				"east": {"uv": [2, 3.5, 14, 3.7], "texture": "#1", "cullface": "east"},
				"up": {"uv": [14, 2, 16, 14], "texture": "#2", "cullface": "east"},
				"down": {"uv": [14, 2, 16, 14], "texture": "#0", "cullface": "down"}
			}
		},
		{
			"name": "wood cube",
			"from": [0.5, 0.2, 0.5],
			"to": [15.5, 12, 15.5],
			"faces": {
				"north": {"uv": [0.5, 4, 15.5, 15.8], "texture": "#1", "cullface": "north"},
				"east": {"uv": [0.5, 4, 15.5, 15.8], "texture": "#2", "cullface": "east"},
				"south": {"uv": [0.5, 4, 15.5, 15.8], "texture": "#1", "cullface": "south"},
				"west": {"uv": [0.5, 4, 15.5, 15.8], "texture": "#2", "cullface": "west"}
			}
		},
		{
			"name": "top side",
			"from": [0, 12, 2],
			"to": [2, 16, 14],
			"faces": {
				"west": {"uv": [2, 0, 14, 4], "texture": "#1", "cullface": "west"},
				"up": {"uv": [0, 2, 2, 14], "texture": "#3", "cullface": "up"},
				"down": {"uv": [0, 0, 2, 12], "texture": "#3", "cullface": "west"}
			}
		},
		{
			"name": "top wide",
			"from": [2, 12, 0],
			"to": [14, 16, 16],
			"rotation": {"angle": 0, "axis": "y", "origin": [10, 23.5, 8]},
			"faces": {
				"north": {"uv": [2, 0, 14, 4], "texture": "#1", "cullface": "north"},
				"south": {"uv": [2, 0, 14, 4], "texture": "#1", "cullface": "south"},
				"up": {"uv": [2, 0, 14, 16], "texture": "#3", "cullface": "up"},
				"down": {"uv": [2, 3.5, 14, 4], "texture": "#1"}
			}
		},
		{
			"name": "top side",
			"from": [14, 12, 2],
			"to": [16, 16, 14],
			"faces": {
				"east": {"uv": [2, 0, 14, 4], "texture": "#1", "cullface": "east"},
				"up": {"uv": [14, 2, 16, 14], "texture": "#3", "cullface": "up"},
				"down": {"uv": [0, 0, 2, 12], "texture": "#3", "cullface": "east"}
			}
		},
		{
			"name": "tools north face",
			"from": [11.5, 4, 0],
			"to": [13, 6.5, 1],
			"faces": {
				"north": {"uv": [3, 9.5, 4.5, 12], "texture": "#1", "cullface": "north"},
				"east": {"uv": [3, 9.5, 4, 12], "texture": "#1", "cullface": "north"},
				"west": {"uv": [3, 9.5, 4, 12], "texture": "#1", "cullface": "north"},
				"down": {"uv": [3, 10.5, 4.5, 11.5], "texture": "#1", "cullface": "north"}
			}
		},
		{
			"name": "tools north face",
			"from": [12, 3.5, 0],
			"to": [12.5, 4, 1],
			"faces": {
				"north": {"uv": [3, 10.5, 3.5, 11], "texture": "#1", "cullface": "north"},
				"east": {"uv": [2.5, 9.5, 3.5, 10], "texture": "#1", "cullface": "north"},
				"west": {"uv": [3.5, 10.5, 4.5, 11], "texture": "#1", "cullface": "north"},
				"down": {"uv": [3, 9.5, 3.5, 10.5], "texture": "#1", "cullface": "north"}
			}
		},
		{
			"name": "tools north face",
			"from": [11.5, 6.5, 0],
			"to": [13, 7, 1],
			"faces": {
				"north": {"uv": [3, 9, 4.5, 9.5], "texture": "#1", "cullface": "north"},
				"east": {"uv": [3, 10, 4.5, 11], "texture": "#1", "cullface": "north"},
				"west": {"uv": [3, 9.5, 5, 10], "texture": "#1", "cullface": "north"},
				"up": {"uv": [3, 9.5, 4.5, 11.5], "texture": "#1", "cullface": "north"}
			}
		},
		{
			"name": "tools north face",
			"from": [12, 7, 0],
			"to": [12.5, 10.5, 1],
			"faces": {
				"north": {"uv": [3.5, 6, 4, 9.5], "texture": "#1", "cullface": "north"},
				"east": {"uv": [0, 0, 1, 3.5], "texture": "#3", "cullface": "north"},
				"west": {"uv": [0, 0, 1, 3.5], "texture": "#3", "cullface": "north"},
				"up": {"uv": [0, 0, 0.5, 1], "texture": "#3", "cullface": "north"}
			}
		},
		{
			"name": "tools north face",
			"from": [11.5, 8.5, 0],
			"to": [13, 9.5, 1],
			"faces": {
				"north": {"uv": [3, 6.5, 4.5, 7.5], "texture": "#1", "cullface": "north"},
				"east": {"uv": [0, 0, 1, 1], "texture": "#3", "cullface": "north"},
				"west": {"uv": [0, 0, 1, 1], "texture": "#3", "cullface": "north"},
				"up": {"uv": [0, 0, 1.5, 1], "texture": "#3", "cullface": "north"},
				"down": {"uv": [0, 0, 1.5, 1], "texture": "#3", "cullface": "north"}
			}
		},
		{
			"name": "tools north face",
			"from": [5, 2.5, 0],
			"to": [5.5, 3.5, 1],
			"faces": {
				"north": {"uv": [10.5, 12.5, 11, 13.5], "texture": "#1", "cullface": "north"},
				"east": {"uv": [0, 0, 1, 1], "texture": "#1", "cullface": "north"},
				"west": {"uv": [0, 0, 1, 1], "texture": "#1", "cullface": "north"},
				"down": {"uv": [0, 0, 0.5, 1], "texture": "#1", "cullface": "north"}
			}
		},
		{
			"name": "tools north face",
			"from": [4.5, 3.5, 0],
			"to": [6, 4.5, 1],
			"faces": {
				"north": {"uv": [10, 11.5, 11.5, 12.5], "texture": "#1", "cullface": "north"},
				"east": {"uv": [0, 0, 1, 1], "texture": "#1", "cullface": "north"},
				"west": {"uv": [0, 0, 1, 1], "texture": "#1", "cullface": "north"},
				"up": {"uv": [0, 0, 1.5, 1], "texture": "#1", "cullface": "north"},
				"down": {"uv": [0, 0, 1.5, 1], "texture": "#1", "cullface": "north"}
			}
		},
		{
			"name": "tools north face",
			"from": [3.5, 9, 0],
			"to": [4.5, 9.5, 1],
			"faces": {
				"north": {"uv": [9, 6.5, 10, 7], "texture": "#1", "cullface": "north"},
				"east": {"uv": [0, 0, 1, 0.5], "texture": "#1", "cullface": "north"},
				"west": {"uv": [0, 0, 1, 0.5], "texture": "#1", "cullface": "north"},
				"up": {"uv": [0, 0, 1, 1], "texture": "#1", "cullface": "north"},
				"down": {"uv": [0, 0, 1, 1], "texture": "#1", "cullface": "north"}
			}
		},
		{
			"name": "tools north face",
			"from": [6, 9, 0],
			"to": [7, 9.5, 1],
			"faces": {
				"north": {"uv": [9, 6.5, 10, 7], "texture": "#1", "cullface": "north"},
				"east": {"uv": [0, 0, 1, 0.5], "texture": "#1", "cullface": "north"},
				"west": {"uv": [0, 0, 1, 0.5], "texture": "#1", "cullface": "north"},
				"up": {"uv": [0, 0, 1, 1], "texture": "#1", "cullface": "north"},
				"down": {"uv": [0, 0, 1, 1], "texture": "#1", "cullface": "north"}
			}
		},
		{
			"name": "tools north face",
			"from": [3, 8.5, 0],
			"to": [4, 9, 1],
			"faces": {
				"north": {"uv": [12, 7, 13, 7.5], "texture": "#1", "cullface": "north"},
				"east": {"uv": [0, 0, 1, 0.5], "texture": "#1", "cullface": "north"},
				"west": {"uv": [0, 0, 1, 0.5], "texture": "#1", "cullface": "north"},
				"up": {"uv": [0, 0, 1, 1], "texture": "#1", "cullface": "north"},
				"down": {"uv": [0, 0, 1, 1], "texture": "#1", "cullface": "north"}
			}
		},
		{
			"name": "tools north face",
			"from": [6.5, 8.5, 0],
			"to": [7.5, 9, 1],
			"faces": {
				"north": {"uv": [8.5, 7, 9.5, 7.5], "texture": "#1", "cullface": "north"},
				"east": {"uv": [0, 0, 1, 0.5], "texture": "#1", "cullface": "north"},
				"west": {"uv": [0, 0, 1, 0.5], "texture": "#1", "cullface": "north"},
				"up": {"uv": [0, 0, 1, 1], "texture": "#1", "cullface": "north"},
				"down": {"uv": [0, 0, 1, 1], "texture": "#1", "cullface": "north"}
			}
		},
		{
			"name": "tools north face",
			"from": [3, 7.5, 0],
			"to": [3.5, 8.5, 1],
			"faces": {
				"north": {"uv": [8.5, 7.5, 9, 8.5], "texture": "#1", "cullface": "north"},
				"east": {"uv": [8.5, 7.5, 9, 8.5], "texture": "#1", "cullface": "north"},
				"west": {"uv": [8.5, 7.5, 9, 8.5], "texture": "#1", "cullface": "north"}
			}
		},
		{
			"name": "tools north face",
			"from": [7, 7.5, 0],
			"to": [7.5, 8.5, 1],
			"faces": {
				"north": {"uv": [8.5, 7.5, 9, 8.5], "texture": "#1", "cullface": "north"},
				"east": {"uv": [8.5, 7.5, 9, 8.5], "texture": "#1", "cullface": "north"},
				"west": {"uv": [8.5, 7.5, 9, 8.5], "texture": "#1", "cullface": "north"}
			}
		},
		{
			"name": "tools north face",
			"from": [3, 6.5, 0],
			"to": [4, 7.5, 1],
			"faces": {
				"north": {"uv": [12, 8.5, 13, 9.5], "texture": "#1", "cullface": "north"},
				"east": {"uv": [9.5, 10.5, 10.5, 11.5], "texture": "#1", "cullface": "north"},
				"west": {"uv": [9.5, 10.5, 10.5, 11.5], "texture": "#1", "cullface": "north"},
				"up": {"uv": [9.5, 10.5, 10.5, 11.5], "texture": "#1", "cullface": "north"},
				"down": {"uv": [9.5, 10.5, 10.5, 11.5], "texture": "#1", "cullface": "north"}
			}
		},
		{
			"name": "tools north face",
			"from": [6.5, 6.5, 0],
			"to": [7.5, 7.5, 1],
			"faces": {
				"north": {"uv": [9.5, 10.5, 10.5, 11.5], "texture": "#1", "cullface": "north"},
				"east": {"uv": [9.5, 10.5, 10.5, 11.5], "texture": "#1", "cullface": "north"},
				"west": {"uv": [9.5, 10.5, 10.5, 11.5], "texture": "#1", "cullface": "north"},
				"up": {"uv": [9.5, 10.5, 10.5, 11.5], "texture": "#1", "cullface": "north"},
				"down": {"uv": [9.5, 10.5, 10.5, 11.5], "texture": "#1", "cullface": "north"}
			}
		},
		{
			"name": "tools north face",
			"from": [4, 4.5, 0],
			"to": [5, 5.5, 1],
			"faces": {
				"north": {"uv": [11, 10.5, 12, 11.5], "texture": "#1", "cullface": "north"},
				"east": {"uv": [9.5, 10.5, 10.5, 11.5], "texture": "#1", "cullface": "north"},
				"west": {"uv": [9.5, 10.5, 10.5, 11.5], "texture": "#1", "cullface": "north"},
				"up": {"uv": [9.5, 10.5, 10.5, 11.5], "texture": "#1", "cullface": "north"},
				"down": {"uv": [9.5, 10.5, 10.5, 11.5], "texture": "#1", "cullface": "north"}
			}
		},
		{
			"name": "tools north face",
			"from": [5.5, 4.5, 0],
			"to": [6.5, 5.5, 1],
			"faces": {
				"north": {"uv": [9.5, 10.5, 10.5, 11.5], "texture": "#1", "cullface": "north"},
				"east": {"uv": [9.5, 10.5, 10.5, 11.5], "texture": "#1", "cullface": "north"},
				"west": {"uv": [9.5, 10.5, 10.5, 11.5], "texture": "#1", "cullface": "north"},
				"up": {"uv": [9.5, 10.5, 10.5, 11.5], "texture": "#1", "cullface": "north"},
				"down": {"uv": [9.5, 10.5, 10.5, 11.5], "texture": "#1", "cullface": "north"}
			}
		},
		{
			"name": "tools north face",
			"from": [3.5, 5.5, 0],
			"to": [4.5, 6.5, 1],
			"faces": {
				"north": {"uv": [11.5, 9.5, 12.5, 10.5], "texture": "#1", "cullface": "north"},
				"east": {"uv": [9, 9.5, 10, 10.5], "texture": "#1", "cullface": "north"},
				"west": {"uv": [9, 9.5, 10, 10.5], "texture": "#1", "cullface": "north"},
				"up": {"uv": [9, 9.5, 10, 10.5], "texture": "#1", "cullface": "north"},
				"down": {"uv": [9, 9.5, 10, 10.5], "texture": "#1", "cullface": "north"}
			}
		},
		{
			"name": "tools north face",
			"from": [6, 5.5, 0],
			"to": [7, 6.5, 1],
			"faces": {
				"north": {"uv": [9, 9.5, 10, 10.5], "texture": "#1", "cullface": "north"},
				"east": {"uv": [9, 9.5, 10, 10.5], "texture": "#1", "cullface": "north"},
				"west": {"uv": [9, 9.5, 10, 10.5], "texture": "#1", "cullface": "north"},
				"up": {"uv": [9, 9.5, 10, 10.5], "texture": "#1", "cullface": "north"},
				"down": {"uv": [9, 9.5, 10, 10.5], "texture": "#1", "cullface": "north"}
			}
		},
		{
			"name": "tools north face",
			"from": [9, 5, 0],
			"to": [10.5, 7, 1],
			"faces": {
				"north": {"uv": [5.5, 9, 7, 11], "texture": "#1", "cullface": "north"},
				"east": {"uv": [5.5, 9, 6.5, 11], "texture": "#1", "cullface": "north"},
				"west": {"uv": [5.5, 9, 6.5, 11], "texture": "#1", "cullface": "north"},
				"up": {"uv": [5.5, 9.5, 7, 10.5], "texture": "#1", "cullface": "north"},
				"down": {"uv": [5.5, 10, 7, 11], "texture": "#1", "cullface": "north"}
			}
		},
		{
			"name": "tools north face",
			"from": [9.5, 3.5, 0],
			"to": [10, 10.5, 1],
			"faces": {
				"north": {"uv": [6, 5.5, 6.5, 12.5], "texture": "#1", "cullface": "north"},
				"east": {"uv": [6, 5.5, 6.5, 12.5], "texture": "#1", "cullface": "north"},
				"west": {"uv": [6, 5.5, 6.5, 12.5], "texture": "#1", "cullface": "north"},
				"up": {"uv": [6, 5.5, 6.5, 6.5], "texture": "#1", "cullface": "north"},
				"down": {"uv": [6, 6.5, 6.5, 7.5], "texture": "#1", "cullface": "north"}
			}
		},
		{
			"name": "tools west face",
			"from": [0, 7, 3.5],
			"to": [1, 10, 7.5],
			"faces": {
				"north": {"uv": [3, 6.5, 8, 8.5], "texture": "#2", "cullface": "west"},
				"south": {"uv": [3, 6.5, 4, 8.5], "texture": "#2", "cullface": "west"},
				"west": {"uv": [3.5, 6, 7.5, 9], "texture": "#2", "cullface": "west"},
				"up": {"uv": [15, 10.5, 16, 15.5], "texture": "#2", "cullface": "west"},
				"down": {"uv": [15, 8, 16, 13], "texture": "#2", "cullface": "west"}
			}
		},
		{
			"name": "tools west face",
			"from": [0, 7.5, 3],
			"to": [1, 9.5, 8],
			"faces": {
				"north": {"uv": [4.5, 6.5, 5.5, 8.5], "texture": "#2", "cullface": "west"},
				"south": {"uv": [3, 6.5, 4, 8.5], "texture": "#2", "cullface": "west"},
				"west": {"uv": [3, 6.5, 8, 8.5], "texture": "#2", "cullface": "west"},
				"up": {"uv": [15, 10.5, 16, 15.5], "texture": "#2", "cullface": "west"},
				"down": {"uv": [15, 8, 16, 13], "texture": "#2", "cullface": "west"}
			}
		},
		{
			"name": "tools west face",
			"from": [0, 3, 5],
			"to": [1, 10.5, 6],
			"faces": {
				"north": {"uv": [5, 5.5, 6, 13], "texture": "#2", "cullface": "west"},
				"south": {"uv": [5, 5.5, 6, 13], "texture": "#2", "cullface": "west"},
				"west": {"uv": [5, 5.5, 6, 13], "texture": "#2", "cullface": "west"},
				"up": {"uv": [5, 5, 6, 6], "rotation": 270, "texture": "#2", "cullface": "west"},
				"down": {"uv": [4.5, 12, 5.5, 13], "texture": "#2", "cullface": "west"}
			}
		},
		{
			"name": "tools south face",
			"from": [3, 8.5, 15],
			"to": [4.5, 9.5, 16],
			"faces": {
				"east": {"uv": [0, 0, 1, 1], "texture": "#3", "cullface": "south"},
				"south": {"uv": [0, 1, 1, 2], "texture": "#3", "cullface": "south"},
				"west": {"uv": [0, 0, 1, 1], "texture": "#3", "cullface": "south"},
				"up": {"uv": [0, 0, 1.5, 1], "texture": "#3", "cullface": "south"},
				"down": {"uv": [0, 0, 1.5, 1], "texture": "#3", "cullface": "south"}
			}
		},
		{
			"name": "tools south face",
			"from": [3.5, 7, 15],
			"to": [4, 10.5, 16],
			"faces": {
				"east": {"uv": [0, 0, 1, 3.5], "texture": "#3", "cullface": "south"},
				"south": {"uv": [0, 0, 0.5, 3.5], "texture": "#3", "cullface": "south"},
				"west": {"uv": [0, 0, 1, 3.5], "texture": "#3", "cullface": "south"},
				"up": {"uv": [0, 0, 0.5, 1], "texture": "#3", "cullface": "south"}
			}
		},
		{
			"name": "tools south face",
			"from": [3, 4, 15],
			"to": [4.5, 6.5, 16],
			"faces": {
				"east": {"uv": [3, 9.5, 4, 12], "texture": "#1", "cullface": "south"},
				"south": {"uv": [3, 9, 4.5, 12], "texture": "#1", "cullface": "south"},
				"west": {"uv": [3, 9.5, 4, 12], "texture": "#1", "cullface": "south"},
				"down": {"uv": [3, 10.5, 4.5, 11.5], "texture": "#1", "cullface": "south"}
			}
		},
		{
			"name": "tools south face",
			"from": [3, 6.5, 15],
			"to": [4.5, 7, 16],
			"faces": {
				"east": {"uv": [3, 10, 4.5, 11], "texture": "#1", "cullface": "south"},
				"south": {"uv": [3, 9, 4.5, 9.5], "texture": "#1", "cullface": "south"},
				"west": {"uv": [3, 9.5, 4, 10.5], "texture": "#1", "cullface": "south"},
				"up": {"uv": [3, 9.5, 4.5, 11.5], "texture": "#1", "cullface": "south"}
			}
		},
		{
			"name": "tools south face",
			"from": [3.5, 3.5, 15],
			"to": [4, 4, 16],
			"faces": {
				"east": {"uv": [2.5, 9.5, 3.5, 10], "texture": "#1", "cullface": "south"},
				"south": {"uv": [3, 9.5, 3.5, 10], "texture": "#1", "cullface": "south"},
				"west": {"uv": [3.5, 10.5, 4.5, 11], "texture": "#1", "cullface": "south"},
				"down": {"uv": [3, 9.5, 3.5, 10.5], "texture": "#1", "cullface": "south"}
			}
		},
		{
			"name": "tools south face",
			"from": [6, 3.5, 15],
			"to": [6.5, 10.5, 16],
			"faces": {
				"east": {"uv": [6, 5.5, 6.5, 12.5], "texture": "#1", "cullface": "south"},
				"south": {"uv": [6, 5.5, 6.5, 12.5], "texture": "#1", "cullface": "south"},
				"west": {"uv": [6, 5.5, 6.5, 12.5], "texture": "#1", "cullface": "south"},
				"up": {"uv": [6, 5.5, 6.5, 6.5], "texture": "#1", "cullface": "south"},
				"down": {"uv": [6, 6.5, 6.5, 7.5], "texture": "#1", "cullface": "south"}
			}
		},
		{
			"name": "tools south face",
			"from": [5.5, 5, 15],
			"to": [7, 7, 16],
			"faces": {
				"east": {"uv": [5.5, 9, 6.5, 11], "texture": "#1", "cullface": "south"},
				"south": {"uv": [5.5, 9, 7, 11], "texture": "#1", "cullface": "south"},
				"west": {"uv": [5.5, 9, 6.5, 11], "texture": "#1", "cullface": "south"},
				"up": {"uv": [5.5, 9.5, 7, 10.5], "texture": "#1", "cullface": "south"},
				"down": {"uv": [5.5, 10, 7, 11], "texture": "#1", "cullface": "south"}
			}
		},
		{
			"name": "tools south face",
			"from": [8.5, 6.5, 15],
			"to": [9.5, 7.5, 16],
			"faces": {
				"east": {"uv": [9.5, 10.5, 10.5, 11.5], "texture": "#1", "cullface": "south"},
				"south": {"uv": [9.5, 10.5, 10.5, 11.5], "texture": "#1", "cullface": "south"},
				"west": {"uv": [9.5, 10.5, 10.5, 11.5], "texture": "#1", "cullface": "south"},
				"up": {"uv": [9.5, 10.5, 10.5, 11.5], "texture": "#1", "cullface": "south"},
				"down": {"uv": [9.5, 10.5, 10.5, 11.5], "texture": "#1", "cullface": "south"}
			}
		},
		{
			"name": "tools south face",
			"from": [8.5, 7.5, 15],
			"to": [9, 8.5, 16],
			"faces": {
				"east": {"uv": [8.5, 7.5, 9, 8.5], "texture": "#1", "cullface": "south"},
				"south": {"uv": [8.5, 7.5, 9, 8.5], "texture": "#1", "cullface": "south"},
				"west": {"uv": [8.5, 7.5, 9, 8.5], "texture": "#1", "cullface": "south"}
			}
		},
		{
			"name": "tools south face",
			"from": [9, 9, 15],
			"to": [10, 9.5, 16],
			"faces": {
				"east": {"uv": [0, 0, 1, 0.5], "texture": "#1", "cullface": "south"},
				"south": {"uv": [9, 6.5, 10, 7], "texture": "#1", "cullface": "south"},
				"west": {"uv": [0, 0, 1, 0.5], "texture": "#1", "cullface": "south"},
				"up": {"uv": [0, 0, 1, 1], "texture": "#1", "cullface": "south"},
				"down": {"uv": [0, 0, 1, 1], "texture": "#1", "cullface": "south"}
			}
		},
		{
			"name": "tools south face",
			"from": [8.5, 8.5, 15],
			"to": [9.5, 9, 16],
			"faces": {
				"east": {"uv": [0, 0, 1, 0.5], "texture": "#1", "cullface": "south"},
				"south": {"uv": [8.5, 7, 9.5, 7.5], "texture": "#1", "cullface": "south"},
				"west": {"uv": [0, 0, 1, 0.5], "texture": "#1", "cullface": "south"},
				"up": {"uv": [0, 0, 1, 1], "texture": "#1", "cullface": "south"},
				"down": {"uv": [0, 0, 1, 1], "texture": "#1", "cullface": "south"}
			}
		},
		{
			"name": "tools south face",
			"from": [9, 5.5, 15],
			"to": [10, 6.5, 16],
			"faces": {
				"east": {"uv": [9, 9.5, 10, 10.5], "texture": "#1", "cullface": "south"},
				"south": {"uv": [9, 9.5, 10, 10.5], "texture": "#1", "cullface": "south"},
				"west": {"uv": [9, 9.5, 10, 10.5], "texture": "#1", "cullface": "south"},
				"up": {"uv": [9, 9.5, 10, 10.5], "texture": "#1", "cullface": "south"},
				"down": {"uv": [9, 9.5, 10, 10.5], "texture": "#1", "cullface": "south"}
			}
		},
		{
			"name": "tools south face",
			"from": [9.5, 4.5, 15],
			"to": [10.5, 5.5, 16],
			"faces": {
				"east": {"uv": [9.5, 10.5, 10.5, 11.5], "texture": "#1", "cullface": "south"},
				"south": {"uv": [9.5, 10.5, 10.5, 11.5], "texture": "#1", "cullface": "south"},
				"west": {"uv": [9.5, 10.5, 10.5, 11.5], "texture": "#1", "cullface": "south"},
				"up": {"uv": [9.5, 10.5, 10.5, 11.5], "texture": "#1", "cullface": "south"},
				"down": {"uv": [9.5, 10.5, 10.5, 11.5], "texture": "#1", "cullface": "south"}
			}
		},
		{
			"name": "tools south face",
			"from": [10, 3.5, 15],
			"to": [11.5, 4.5, 16],
			"faces": {
				"east": {"uv": [0, 0, 1, 1], "texture": "#1", "cullface": "south"},
				"south": {"uv": [10, 11.5, 11.5, 12.5], "texture": "#1", "cullface": "south"},
				"west": {"uv": [0, 0, 1, 1], "texture": "#1", "cullface": "south"},
				"up": {"uv": [0, 0, 1.5, 1], "texture": "#1", "cullface": "south"},
				"down": {"uv": [0, 0, 1.5, 1], "texture": "#1", "cullface": "south"}
			}
		},
		{
			"name": "tools south face",
			"from": [10.5, 2.5, 15],
			"to": [11, 3.5, 16],
			"faces": {
				"east": {"uv": [0, 0, 1, 1], "texture": "#1", "cullface": "south"},
				"south": {"uv": [10.5, 12.5, 11, 13.5], "texture": "#1", "cullface": "south"},
				"west": {"uv": [0, 0, 1, 1], "texture": "#1", "cullface": "south"},
				"down": {"uv": [0, 0, 0.5, 1], "texture": "#1", "cullface": "south"}
			}
		},
		{
			"name": "tools south face",
			"from": [11, 4.5, 15],
			"to": [12, 5.5, 16],
			"faces": {
				"east": {"uv": [9.5, 10.5, 10.5, 11.5], "texture": "#1", "cullface": "south"},
				"south": {"uv": [11, 10.5, 12, 11.5], "texture": "#1", "cullface": "south"},
				"west": {"uv": [9.5, 10.5, 10.5, 11.5], "texture": "#1", "cullface": "south"},
				"up": {"uv": [9.5, 10.5, 10.5, 11.5], "texture": "#1", "cullface": "south"},
				"down": {"uv": [9.5, 10.5, 10.5, 11.5], "texture": "#1", "cullface": "south"}
			}
		},
		{
			"name": "tools south face",
			"from": [11.5, 5.5, 15],
			"to": [12.5, 6.5, 16],
			"faces": {
				"east": {"uv": [9, 9.5, 10, 10.5], "texture": "#1", "cullface": "south"},
				"south": {"uv": [11.5, 9.5, 12.5, 10.5], "texture": "#1", "cullface": "south"},
				"west": {"uv": [9, 9.5, 10, 10.5], "texture": "#1", "cullface": "south"},
				"up": {"uv": [9, 9.5, 10, 10.5], "texture": "#1", "cullface": "south"},
				"down": {"uv": [9, 9.5, 10, 10.5], "texture": "#1", "cullface": "south"}
			}
		},
		{
			"name": "tools south face",
			"from": [12, 6.5, 15],
			"to": [13, 7.5, 16],
			"faces": {
				"east": {"uv": [9.5, 10.5, 10.5, 11.5], "texture": "#1", "cullface": "south"},
				"south": {"uv": [12, 8.5, 13, 9.5], "texture": "#1", "cullface": "south"},
				"west": {"uv": [9.5, 10.5, 10.5, 11.5], "texture": "#1", "cullface": "south"},
				"up": {"uv": [9.5, 10.5, 10.5, 11.5], "texture": "#1", "cullface": "south"},
				"down": {"uv": [9.5, 10.5, 10.5, 11.5], "texture": "#1", "cullface": "south"}
			}
		},
		{
			"name": "tools south face",
			"from": [12.5, 7.5, 15],
			"to": [13, 8.5, 16],
			"faces": {
				"east": {"uv": [8.5, 7.5, 9, 8.5], "texture": "#1", "cullface": "south"},
				"south": {"uv": [8.5, 7.5, 9, 8.5], "texture": "#1", "cullface": "south"},
				"west": {"uv": [8.5, 7.5, 9, 8.5], "texture": "#1", "cullface": "south"}
			}
		},
		{
			"name": "tools south face",
			"from": [12, 8.5, 15],
			"to": [13, 9, 16],
			"faces": {
				"east": {"uv": [0, 0, 1, 0.5], "texture": "#1", "cullface": "south"},
				"south": {"uv": [12, 7, 13, 7.5], "texture": "#1", "cullface": "south"},
				"west": {"uv": [0, 0, 1, 0.5], "texture": "#1", "cullface": "south"},
				"up": {"uv": [0, 0, 1, 1], "texture": "#1", "cullface": "south"},
				"down": {"uv": [0, 0, 1, 1], "texture": "#1", "cullface": "south"}
			}
		},
		{
			"name": "tools south face",
			"from": [11.5, 9, 15],
			"to": [12.5, 9.5, 16],
			"faces": {
				"east": {"uv": [0, 0, 1, 0.5], "texture": "#1", "cullface": "south"},
				"south": {"uv": [11.5, 6.5, 12.5, 7], "texture": "#1", "cullface": "south"},
				"west": {"uv": [0, 0, 1, 0.5], "texture": "#1", "cullface": "south"},
				"up": {"uv": [0, 0, 1, 1], "texture": "#1", "cullface": "south"},
				"down": {"uv": [0, 0, 1, 1], "texture": "#1", "cullface": "south"}
			}
		},
		{
			"name": "tools east face",
			"from": [15, 7.5, 8],
			"to": [16, 9.5, 13],
			"faces": {
				"north": {"uv": [4.5, 6.5, 5.5, 8.5], "texture": "#2", "cullface": "east"},
				"east": {"uv": [3, 6.5, 8, 8.5], "texture": "#2", "cullface": "east"},
				"south": {"uv": [3, 6.5, 4, 8.5], "texture": "#2", "cullface": "east"},
				"up": {"uv": [15, 10.5, 16, 15.5], "texture": "#2", "cullface": "east"},
				"down": {"uv": [15, 8, 16, 13], "texture": "#2", "cullface": "east"}
			}
		},
		{
			"name": "tools east face",
			"from": [15, 7, 8.5],
			"to": [16, 10, 12.5],
			"faces": {
				"north": {"uv": [3, 6.5, 8, 8.5], "texture": "#2", "cullface": "east"},
				"east": {"uv": [3.5, 6, 7.5, 9], "texture": "#2", "cullface": "east"},
				"south": {"uv": [3, 6.5, 4, 8.5], "texture": "#2", "cullface": "east"},
				"up": {"uv": [15, 10.5, 16, 15.5], "texture": "#2", "cullface": "east"},
				"down": {"uv": [15, 8, 16, 13], "texture": "#2", "cullface": "east"}
			}
		},
		{
			"name": "tools east face",
			"from": [15, 3, 10],
			"to": [16, 10.5, 11],
			"faces": {
				"north": {"uv": [5, 5.5, 6, 13], "texture": "#2", "cullface": "east"},
				"east": {"uv": [5, 5.5, 6, 13], "texture": "#2", "cullface": "east"},
				"south": {"uv": [5, 5.5, 6, 13], "texture": "#2", "cullface": "east"},
				"up": {"uv": [5, 5, 6, 6], "rotation": 270, "texture": "#2", "cullface": "east"},
				"down": {"uv": [4.5, 12, 5.5, 13], "texture": "#2", "cullface": "east"}
			}
		}
	],
	"groups": [0, 1, 2, 3, 4, 5, 6, 7, 8, 9, 10,
		{
			"name": "tools north face",
			"origin": [8, 8, 8],
			"children": [11, 12, 13, 14, 15, 16, 17, 18, 19, 20, 21, 22, 23, 24, 25, 26, 27, 28, 29, 30, 31]
		},
		{
			"name": "tools west face",
			"origin": [8, 8, 8],
			"children": [32, 33, 34]
		},
		{
			"name": "tools south face",
			"origin": [8, 8, 8],
			"children": [35, 36, 37, 38, 39, 40, 41, 42, 43, 44, 45, 46, 47, 48, 49, 50, 51, 52, 53, 54, 55]
		},
		{
			"name": "tools east face",
			"origin": [8, 8, 8],
			"children": [56, 57, 58]
		}
	]
}
