{
	"credit": "Made with Blockbench by Juknum",
	"parent": "block/block",
	"textures": {
		"particle": "block/stonecutter_bottom",
		"bottom": "block/stonecutter_bottom",
		"top": "block/stonecutter_top",
		"side": "block/stonecutter_side",
		"saw": "block/stonecutter_saw"
	},
	"elements": [
		{
			"name": "north_stone",
			"from": [3, 1, 0.5],
			"to": [13, 5, 0.5],
			"faces": {
				"north": {"uv": [3.025, 11.025, 12.975, 14.975], "texture": "#side"}
			}
		},
		{
			"name": "east_stone",
			"from": [15.5, 1, 3],
			"to": [15.5, 5, 13],
			"faces": {
				"east": {"uv": [3.025, 11.025, 12.975, 14.975], "texture": "#side", "cullface": "east"},
				"west": {"uv": [3.025, 11.025, 12.975, 14.975], "texture": "#side"}
			}
		},
		{
			"name": "south_stone",
			"from": [3, 1, 15.5],
			"to": [13, 5, 15.5],
			"faces": {
				"south": {"uv": [3.025, 11.025, 12.975, 14.975], "texture": "#side", "cullface": "south"}
			}
		},
		{
			"name": "west_stone",
			"from": [0.5, 1, 3],
			"to": [0.5, 5, 13],
			"faces": {
				"east": {"uv": [3.025, 11.025, 12.975, 14.975], "texture": "#side"},
				"west": {"uv": [3.025, 11.025, 12.975, 14.975], "texture": "#side", "cullface": "west"}
			}
		},
		{
			"name": "northeast_post",
			"from": [13, 0, 0],
			"to": [16, 8.5, 3],
			"faces": {
				"north": {"uv": [0.025, 7.525, 2.975, 15.975], "texture": "#side", "cullface": "north"},
				"east": {"uv": [0.025, 7.525, 2.975, 15.975], "texture": "#side", "cullface": "east"},
				"south": {"uv": [0.025, 7.525, 2.975, 15.975], "texture": "#side"},
				"west": {"uv": [0.025, 7.525, 2.975, 15.975], "texture": "#side"}
			}
		},
		{
			"name": "northeast_post_top",
			"from": [13, 8.5, 0],
			"to": [16, 9, 3],
			"faces": {
				"north": {"uv": [0.025, 7.025, 2.975, 7.475], "texture": "#side", "cullface": "north"},
				"east": {"uv": [0.025, 7.025, 2.975, 7.475], "texture": "#side", "cullface": "east"},
				"south": {"uv": [15.95, 0, 13, 0.45], "texture": "#top"},
				"west": {"uv": [2.95, 0, 0, 0.45], "texture": "#top"},
				"up": {"uv": [0.025, 13.025, 2.975, 15.975], "texture": "#top"}
			}
		},
		{
			"name": "southeast_post",
			"from": [13, 0, 13],
			"to": [16, 8.5, 16],
			"faces": {
				"north": {"uv": [0.025, 7.525, 2.975, 15.975], "texture": "#side"},
				"east": {"uv": [0.025, 7.525, 2.975, 15.975], "texture": "#side", "cullface": "east"},
				"south": {"uv": [0.025, 7.525, 2.975, 15.975], "texture": "#side", "cullface": "south"},
				"west": {"uv": [0.025, 7.525, 2.975, 15.975], "texture": "#side"}
			}
		},
		{
			"name": "southeast_post_top",
			"from": [13, 8.5, 13],
			"to": [16, 9, 16],
			"faces": {
				"north": {"uv": [2.95, 0, 0, 0.45], "texture": "#top"},
				"east": {"uv": [0.025, 7.025, 2.975, 7.475], "texture": "#side", "cullface": "east"},
				"south": {"uv": [0.025, 7.025, 2.975, 7.475], "texture": "#side", "cullface": "south"},
				"west": {"uv": [15.95, 0, 13, 0.45], "texture": "#top"},
				"up": {"uv": [0.025, 0.025, 2.975, 2.975], "texture": "#top"}
			}
		},
		{
			"name": "southwest_post",
			"from": [0, 0, 13],
			"to": [3, 8.5, 16],
			"faces": {
				"north": {"uv": [13.025, 7.525, 15.975, 15.975], "texture": "#side"},
				"east": {"uv": [13.025, 7.525, 15.975, 15.975], "texture": "#side"},
				"south": {"uv": [13.025, 7.525, 15.975, 15.975], "texture": "#side", "cullface": "south"},
				"west": {"uv": [13.025, 7.525, 15.975, 15.975], "texture": "#side", "cullface": "west"}
			}
		},
		{
			"name": "southwest_post_top",
			"from": [0, 8.5, 13],
			"to": [3, 9, 16],
			"faces": {
				"north": {"uv": [0.025, 0.025, 2.975, 0.475], "texture": "#top"},
				"east": {"uv": [3, 0, 0, 0.5], "texture": "#top"},
				"south": {"uv": [13.025, 7.025, 15.975, 7.475], "texture": "#side", "cullface": "south"},
				"west": {"uv": [13.025, 7.025, 15.975, 7.475], "texture": "#side", "cullface": "west"},
				"up": {"uv": [13.025, 0.025, 15.975, 2.975], "texture": "#top"}
			}
		},
		{
			"name": "northwest_post",
			"from": [0, 0, 0],
			"to": [3, 8.5, 3],
			"faces": {
				"north": {"uv": [13.025, 7.525, 15.975, 15.975], "texture": "#side", "cullface": "north"},
				"east": {"uv": [13.025, 7.525, 15.975, 15.975], "texture": "#side"},
				"south": {"uv": [13.025, 7.525, 15.975, 15.975], "texture": "#side"},
				"west": {"uv": [13.025, 7.525, 15.975, 15.975], "texture": "#side", "cullface": "west"}
			}
		},
		{
			"name": "northwest_post_top",
			"from": [0, 8.5, 0],
			"to": [3, 9, 3],
			"faces": {
				"north": {"uv": [13.025, 7.025, 15.975, 7.475], "texture": "#side", "cullface": "north"},
				"east": {"uv": [0, 0, 2.95, 0.45], "texture": "#top"},
				"south": {"uv": [2.95, 0, 0, 0.45], "texture": "#top"},
				"west": {"uv": [13.025, 7.025, 15.975, 7.475], "texture": "#side", "cullface": "west"},
				"up": {"uv": [13.025, 13.025, 15.975, 15.975], "texture": "#top"}
			}
		},
		{
			"name": "north_support_1",
			"from": [3, 5, 0],
			"to": [13, 7, 0.5],
			"faces": {
				"north": {"uv": [3.025, 9.025, 12.975, 10.975], "texture": "#side", "cullface": "north"},
				"south": {"uv": [3.025, 9.025, 12.975, 10.975], "texture": "#side", "cullface": "north"},
				"up": {"uv": [12.975, 9.025, 3.025, 9.475], "texture": "#side"},
				"down": {"uv": [12.975, 10.525, 3.025, 10.975], "texture": "#side", "cullface": "north"}
			}
		},
		{
			"name": "north_support_2",
			"from": [3, 0, 0],
			"to": [13, 1, 0.5],
			"faces": {
				"north": {"uv": [3.025, 10.025, 12.975, 10.975], "texture": "#side", "cullface": "north"},
				"south": {"uv": [3.025, 9.025, 12.975, 10.975], "texture": "#side", "cullface": "north"},
				"up": {"uv": [12.95, 10.025, 3.025, 10.45], "texture": "#side", "cullface": "north"}
			}
		},
		{
			"name": "east_support_1",
			"from": [15.5, 5, 3],
			"to": [16, 7, 13],
			"faces": {
				"east": {"uv": [12.975, 9.025, 3.025, 10.975], "texture": "#side", "cullface": "east"},
				"west": {"uv": [3.025, 9.025, 12.975, 10.975], "texture": "#side", "cullface": "north"},
				"up": {"uv": [3.025, 9.025, 12.975, 9.475], "rotation": 90, "texture": "#side"},
				"down": {"uv": [12.975, 10.525, 3.025, 10.975], "rotation": 90, "texture": "#side", "cullface": "east"}
			}
		},
		{
			"name": "east_support_2",
			"from": [15.5, 0, 3],
			"to": [16, 1, 13],
			"faces": {
				"east": {"uv": [12.975, 10.025, 3.025, 10.975], "texture": "#side", "cullface": "east"},
				"west": {"uv": [3.025, 10.025, 12.975, 10.975], "texture": "#side", "cullface": "north"},
				"up": {"uv": [3.025, 10.025, 12.95, 10.45], "rotation": 90, "texture": "#side", "cullface": "east"}
			}
		},
		{
			"name": "south_support_1",
			"from": [3, 5, 15.5],
			"to": [13, 7, 16],
			"faces": {
				"north": {"uv": [3.025, 9.025, 12.975, 10.975], "texture": "#side", "cullface": "south"},
				"south": {"uv": [12.975, 9.025, 3.025, 10.975], "texture": "#side", "cullface": "south"},
				"up": {"uv": [12.975, 9.025, 3.025, 9.475], "texture": "#side"},
				"down": {"uv": [12.975, 10.525, 3.025, 10.975], "texture": "#side", "cullface": "south"}
			}
		},
		{
			"name": "south_support_2",
			"from": [3, 0, 15.5],
			"to": [13, 1, 16],
			"faces": {
				"north": {"uv": [3.025, 9.025, 12.975, 10.975], "texture": "#side", "cullface": "south"},
				"south": {"uv": [12.975, 10.025, 3.025, 10.975], "texture": "#side", "cullface": "south"},
				"up": {"uv": [12.95, 10.025, 3.025, 10.45], "texture": "#side", "cullface": "south"}
			}
		},
		{
			"name": "west_support_1",
			"from": [0, 5, 3],
			"to": [0.5, 7, 13],
			"faces": {
				"east": {"uv": [3.025, 9.025, 12.975, 10.975], "texture": "#side", "cullface": "north"},
				"west": {"uv": [3.025, 9.025, 12.975, 10.975], "texture": "#side", "cullface": "west"},
				"up": {"uv": [3.025, 9.025, 12.975, 9.475], "rotation": 90, "texture": "#side"},
				"down": {"uv": [12.975, 10.525, 3.025, 10.975], "rotation": 90, "texture": "#side", "cullface": "west"}
			}
		},
		{
			"name": "west_support_2",
			"from": [0, 0, 3],
			"to": [0.5, 1, 13],
			"faces": {
				"east": {"uv": [3.025, 10.025, 12.975, 10.975], "texture": "#side", "cullface": "north"},
				"west": {"uv": [3.025, 10.025, 12.975, 10.975], "texture": "#side", "cullface": "west"},
				"up": {"uv": [3.025, 10.025, 12.95, 10.45], "rotation": 90, "texture": "#side", "cullface": "west"}
			}
		},
		{
			"name": "north_top_1",
			"from": [0.5, 7, 3],
			"to": [15.5, 8.5, 7.5],
			"faces": {
				"east": {"uv": [8.525, 7.025, 12.975, 8.475], "texture": "#side"},
				"south": {"uv": [0.525, 0.525, 15.475, 1.975], "texture": "#bottom"},
				"west": {"uv": [3.025, 7.025, 7.475, 8.475], "texture": "#side"},
				"up": {"uv": [0.525, 3.025, 15.475, 7.475], "texture": "#top"}
			}
		},
		{
			"name": "north_top_2",
			"from": [3, 7, 0.5],
			"to": [13, 8.5, 3],
			"faces": {
				"north": {"uv": [3.025, 7.025, 12.975, 8.475], "texture": "#side"},
				"up": {"uv": [3.025, 0.525, 12.975, 2.975], "texture": "#top"}
			}
		},
		{
			"name": "south_top_1",
			"from": [0.5, 7, 8.5],
			"to": [15.5, 8.5, 13],
			"faces": {
				"north": {"uv": [0.525, 0.525, 15.475, 1.975], "texture": "#bottom"},
				"east": {"uv": [3.025, 7.025, 7.475, 8.475], "texture": "#side"},
				"west": {"uv": [8.525, 7.025, 12.975, 8.475], "texture": "#side"},
				"up": {"uv": [0.525, 8.525, 15.475, 12.975], "texture": "#top"}
			}
		},
		{
			"name": "south_top_2",
			"from": [3, 7, 13],
			"to": [13, 8.5, 15.5],
			"faces": {
				"south": {"uv": [3.025, 7.025, 12.975, 8.475], "texture": "#side"},
				"up": {"uv": [3.025, 13.025, 12.975, 15.475], "texture": "#top"}
			}
		},
		{
			"name": "blade+7",
			"from": [6, 14.75, 7.75],
			"to": [10, 15.25, 8.25],
			"faces": {
				"north": {"uv": [6.025, 9.025, 9.975, 9.475], "texture": "#saw", "tintindex": 0},
				"east": {"uv": [6.025, 9.025, 6.475, 9.475], "texture": "#saw"},
				"south": {"uv": [9.975, 9.025, 6.025, 9.475], "texture": "#saw", "tintindex": 0},
				"west": {"uv": [9.525, 9.025, 9.975, 9.475], "texture": "#saw"},
				"up": {"uv": [9.975, 9.025, 6.025, 9.475], "texture": "#saw"}
			}
		},
		{
			"name": "blade+6",
			"from": [4.5, 14.25, 7.75],
			"to": [11.5, 14.75, 8.25],
			"faces": {
				"north": {"uv": [4.525, 9.525, 11.475, 9.975], "texture": "#saw", "tintindex": 0},
				"east": {"uv": [4.525, 9.525, 4.975, 9.975], "texture": "#saw"},
				"south": {"uv": [11.475, 9.525, 4.525, 9.975], "texture": "#saw", "tintindex": 0},
				"west": {"uv": [11.025, 9.525, 11.475, 9.975], "texture": "#saw"},
				"up": {"uv": [11.475, 9.525, 4.525, 9.975], "texture": "#saw"}
			}
		},
		{
			"name": "blade+5",
			"from": [3.5, 13.75, 7.75],
			"to": [12.5, 14.25, 8.25],
			"faces": {
				"north": {"uv": [3.525, 10.025, 12.475, 10.475], "texture": "#saw", "tintindex": 0},
				"east": {"uv": [3.525, 10.025, 3.975, 10.475], "texture": "#saw"},
				"south": {"uv": [12.475, 10.025, 3.525, 10.475], "texture": "#saw", "tintindex": 0},
				"west": {"uv": [12.025, 10.025, 12.475, 10.475], "texture": "#saw"},
				"up": {"uv": [12.475, 10.025, 3.525, 10.475], "texture": "#saw"}
			}
		},
		{
			"name": "blade+4",
			"from": [3, 13.25, 7.75],
			"to": [13, 13.75, 8.25],
			"faces": {
				"north": {"uv": [3.025, 10.525, 12.975, 10.975], "texture": "#saw", "tintindex": 0},
				"east": {"uv": [3.025, 10.525, 3.475, 10.975], "texture": "#saw"},
				"south": {"uv": [12.975, 10.525, 3.025, 10.975], "texture": "#saw", "tintindex": 0},
				"west": {"uv": [12.525, 10.525, 12.975, 10.975], "texture": "#saw"},
				"up": {"uv": [12.975, 10.525, 3.025, 10.975], "texture": "#saw"}
			}
		},
		{
			"name": "blade+3",
			"from": [2.5, 12.75, 7.75],
			"to": [13.5, 13.25, 8.25],
			"faces": {
				"north": {"uv": [2.525, 11.025, 13.475, 11.475], "texture": "#saw", "tintindex": 0},
				"east": {"uv": [2.525, 11.025, 2.975, 11.475], "texture": "#saw"},
				"south": {"uv": [13.475, 11.025, 2.525, 11.475], "texture": "#saw", "tintindex": 0},
				"west": {"uv": [13.025, 11.025, 13.475, 11.475], "texture": "#saw"},
				"up": {"uv": [13.475, 11.025, 2.525, 11.475], "texture": "#saw"}
			}
		},
		{
			"name": "blade+2",
			"from": [2, 11.75, 7.75],
			"to": [14, 12.75, 8.25],
			"faces": {
				"north": {"uv": [2.025, 11.525, 13.975, 12.475], "texture": "#saw", "tintindex": 0},
				"east": {"uv": [2.025, 11.525, 2.475, 12.475], "texture": "#saw"},
				"south": {"uv": [13.975, 11.525, 2.025, 12.475], "texture": "#saw", "tintindex": 0},
				"west": {"uv": [13.525, 11.525, 13.975, 12.475], "texture": "#saw"},
				"up": {"uv": [13.975, 11.525, 2.025, 11.975], "texture": "#saw"}
			}
		},
		{
			"name": "blade+1",
			"from": [1.5, 10.25, 7.75],
			"to": [14.5, 11.75, 8.25],
			"faces": {
				"north": {"uv": [1.525, 12.525, 14.475, 13.975], "texture": "#saw", "tintindex": 0},
				"east": {"uv": [1.525, 12.525, 1.975, 13.975], "texture": "#saw"},
				"south": {"uv": [14.475, 12.525, 1.525, 13.975], "texture": "#saw", "tintindex": 0},
				"west": {"uv": [14.025, 12.525, 14.475, 13.975], "texture": "#saw"},
				"up": {"uv": [14.475, 12.525, 1.525, 12.975], "texture": "#saw"}
			}
		},
		{
			"name": "blade+",
			"from": [1, 8.25, 7.75],
			"to": [15, 10.25, 8.25],
			"faces": {
				"north": {"uv": [1.025, 14.025, 14.975, 15.975], "texture": "#saw", "tintindex": 0},
				"east": {"uv": [1.025, 14.025, 1.475, 15.975], "texture": "#saw"},
				"south": {"uv": [14.975, 14.025, 1.025, 15.975], "texture": "#saw", "tintindex": 0},
				"west": {"uv": [14.525, 14.025, 14.975, 15.975], "texture": "#saw"},
				"up": {"uv": [14.975, 14.025, 1.025, 14.475], "texture": "#saw"}
			}
		},
		{
			"name": "blade-",
			"from": [1, 6.25, 7.75],
			"to": [15, 8.25, 8.25],
			"faces": {
				"north": {"uv": [1.025, 14.025, 14.975, 15.975], "rotation": 180, "texture": "#saw", "tintindex": 0},
				"east": {"uv": [14.525, 14.025, 14.975, 15.975], "rotation": 180, "texture": "#saw"},
				"south": {"uv": [14.975, 14.025, 1.025, 15.975], "rotation": 180, "texture": "#saw", "tintindex": 0},
				"west": {"uv": [1.025, 14.025, 1.475, 15.975], "rotation": 180, "texture": "#saw"},
				"down": {"uv": [1.025, 14.025, 14.975, 14.475], "texture": "#saw"}
			}
		},
		{
			"name": "blade-1",
			"from": [1.5, 4.75, 7.75],
			"to": [14.5, 6.25, 8.25],
			"faces": {
				"north": {"uv": [1.525, 12.525, 14.475, 13.975], "rotation": 180, "texture": "#saw", "tintindex": 0},
				"east": {"uv": [14.025, 12.525, 14.475, 13.975], "rotation": 180, "texture": "#saw"},
				"south": {"uv": [14.475, 12.525, 1.525, 13.975], "rotation": 180, "texture": "#saw", "tintindex": 0},
				"west": {"uv": [1.525, 12.525, 1.975, 13.975], "rotation": 180, "texture": "#saw"},
				"down": {"uv": [1.525, 12.525, 14.475, 12.975], "texture": "#saw"}
			}
		},
		{
			"name": "blade-2",
			"from": [2, 3.75, 7.75],
			"to": [14, 4.75, 8.25],
			"faces": {
				"north": {"uv": [2.025, 11.525, 13.975, 12.475], "rotation": 180, "texture": "#saw", "tintindex": 0},
				"east": {"uv": [13.525, 11.525, 13.975, 12.475], "rotation": 180, "texture": "#saw"},
				"south": {"uv": [13.975, 11.525, 2.025, 12.475], "rotation": 180, "texture": "#saw", "tintindex": 0},
				"west": {"uv": [2.025, 11.525, 2.475, 12.475], "rotation": 180, "texture": "#saw"},
				"down": {"uv": [2.025, 11.525, 13.975, 11.975], "texture": "#saw"}
			}
		},
		{
			"name": "blade-3",
			"from": [2.5, 3.25, 7.75],
			"to": [13.5, 3.75, 8.25],
			"faces": {
				"north": {"uv": [2.525, 11.025, 13.475, 11.475], "rotation": 180, "texture": "#saw", "tintindex": 0},
				"east": {"uv": [13.025, 11.025, 13.475, 11.475], "rotation": 180, "texture": "#saw"},
				"south": {"uv": [13.475, 11.025, 2.525, 11.475], "rotation": 180, "texture": "#saw", "tintindex": 0},
				"west": {"uv": [2.525, 11.025, 2.975, 11.475], "rotation": 180, "texture": "#saw"},
				"down": {"uv": [2.525, 11.025, 13.475, 11.475], "texture": "#saw"}
			}
		},
		{
			"name": "blade-4",
			"from": [3, 2.75, 7.75],
			"to": [13, 3.25, 8.25],
			"faces": {
				"north": {"uv": [3.025, 10.525, 12.975, 10.975], "rotation": 180, "texture": "#saw", "tintindex": 0},
				"east": {"uv": [12.525, 10.525, 12.975, 10.975], "rotation": 180, "texture": "#saw"},
				"south": {"uv": [12.975, 10.525, 3.025, 10.975], "rotation": 180, "texture": "#saw", "tintindex": 0},
				"west": {"uv": [3.025, 10.525, 3.475, 10.975], "rotation": 180, "texture": "#saw"},
				"down": {"uv": [3.025, 10.525, 12.975, 10.975], "texture": "#saw"}
			}
		},
		{
			"name": "blade-5",
			"from": [3.5, 2.25, 7.75],
			"to": [12.5, 2.75, 8.25],
			"faces": {
				"north": {"uv": [3.525, 10.025, 12.475, 10.475], "rotation": 180, "texture": "#saw", "tintindex": 0},
				"east": {"uv": [12.025, 10.025, 12.475, 10.475], "rotation": 180, "texture": "#saw"},
				"south": {"uv": [12.475, 10.025, 3.525, 10.475], "rotation": 180, "texture": "#saw", "tintindex": 0},
				"west": {"uv": [3.525, 10.025, 3.975, 10.475], "rotation": 180, "texture": "#saw"},
				"down": {"uv": [3.525, 10.025, 12.475, 10.475], "texture": "#saw"}
			}
		},
		{
			"name": "blade-6",
			"from": [4.5, 1.75, 7.75],
			"to": [11.5, 2.25, 8.25],
			"faces": {
				"north": {"uv": [4.525, 9.525, 11.475, 9.975], "rotation": 180, "texture": "#saw", "tintindex": 0},
				"east": {"uv": [11.025, 9.525, 11.475, 9.975], "rotation": 180, "texture": "#saw"},
				"south": {"uv": [11.475, 9.525, 4.525, 9.975], "rotation": 180, "texture": "#saw", "tintindex": 0},
				"west": {"uv": [4.525, 9.525, 4.975, 9.975], "rotation": 180, "texture": "#saw"},
				"down": {"uv": [4.525, 9.525, 11.475, 9.975], "texture": "#saw"}
			}
		},
		{
			"name": "blade-7",
			"from": [6, 1.25, 7.75],
			"to": [10, 1.75, 8.25],
			"faces": {
				"north": {"uv": [6.025, 9.025, 9.975, 9.475], "rotation": 180, "texture": "#saw", "tintindex": 0},
				"east": {"uv": [9.525, 9.025, 9.975, 9.475], "rotation": 180, "texture": "#saw"},
				"south": {"uv": [9.975, 9.025, 6.025, 9.475], "rotation": 180, "texture": "#saw", "tintindex": 0},
				"west": {"uv": [6.025, 9.025, 6.475, 9.475], "rotation": 180, "texture": "#saw"},
				"down": {"uv": [6.025, 9.025, 9.975, 9.475], "texture": "#saw"}
			}
		},
		{
			"name": "south_stone_inside",
			"from": [0.5, 0.001, 8.5],
			"to": [15.5, 7.001, 8.5],
			"faces": {
				"north": {"uv": [0.525, 2.025, 15.475, 8.975], "texture": "#bottom"}
			}
		},
		{
			"name": "north_stone_inside",
			"from": [0.5, 0.001, 7.5],
			"to": [15.5, 7.001, 7.5],
			"faces": {
				"south": {"uv": [0.525, 2.025, 15.475, 8.975], "texture": "#bottom"}
			}
		},
		{
			"name": "blade_post",
			"from": [7.25, 7.5, 4.5],
			"to": [8.75, 9, 11.5],
			"faces": {
				"north": {"uv": [1.45, 7, 0, 8.45], "texture": "#side"},
				"east": {"uv": [0, 13.95, 1.45, 7], "rotation": 270, "texture": "#side"},
				"south": {"uv": [0, 12.5, 1.45, 13.95], "texture": "#side"},
				"west": {"uv": [1.45, 7, 0, 13.95], "rotation": 270, "texture": "#side"},
				"up": {"uv": [0, 7, 1.5, 14], "texture": "#side"},
				"down": {"uv": [0, 7, 1.45, 13.95], "texture": "#side"}
			}
		},
		{
			"name": "bottom",
			"from": [0, 0, 0],
			"to": [16, 0, 16],
			"faces": {
				"up": {"uv": [0, 0, 16, 16], "texture": "#bottom"},
				"down": {"uv": [0.025, 0.025, 15.975, 15.975], "texture": "#bottom"}
			}
		}
	],
	"groups": [
		{
			"name": "side_stone",
			"origin": [8, 8, 8],
			"children": [0, 1, 2, 3]
		},
		{
			"name": "posts",
			"origin": [8, 8, 8],
			"children": [4, 5, 6, 7, 8, 9, 10, 11]
		},
		{
			"name": "supports",
			"origin": [8, 8, 8],
			"children": [12, 13, 14, 15, 16, 17, 18, 19]
		},
		{
			"name": "top",
			"origin": [8, 8, 8],
			"children": [20, 21, 22, 23]
		},
		{
			"name": "blade",
			"origin": [8, 8, 8],
			"children": [24, 25, 26, 27, 28, 29, 30, 31, 32, 33, 34, 35, 36, 37, 38, 39]
		}, 40, 41, 42, 43]
}