{
	"credit": "Made with Blockbench by Juknum",
	"ambientocclusion": true,
	"textures": {
		"particle": "block/tripwire"
	},
	"elements": [
		{
			"name": "part1",
			"from": [7.75, 1.5, 0],
			"to": [8, 1.75, 0.25],
			"shade": true,
			"color": 7,
			"faces": {
				"north": {"uv": [0, 1, 1, 2], "rotation": 90, "texture": "#particle"},
				"east": {"uv": [0, 1, 1, 2], "rotation": 90, "texture": "#particle"},
				"south": {"uv": [0, 1, 1, 2], "rotation": 90, "texture": "#particle"},
				"west": {"uv": [0, 1, 1, 2], "rotation": 90, "texture": "#particle"},
				"up": {"uv": [0, 1, 1, 2], "rotation": 90, "texture": "#particle"},
				"down": {"uv": [0, 1, 1, 2], "rotation": 90, "texture": "#particle"}
			}
		},
		{
			"name": "part2",
			"from": [7.75, 1.5, 4],
			"to": [8, 1.75, 4.25],
			"shade": true,
			"rotation": {"angle": 0, "axis": "y", "origin": [8, 8, 12]},
			"color": 7,
			"faces": {
				"north": {"uv": [0, 1, 1, 2], "rotation": 90, "texture": "#particle"},
				"east": {"uv": [0, 1, 1, 2], "rotation": 90, "texture": "#particle"},
				"south": {"uv": [0, 1, 1, 2], "rotation": 90, "texture": "#particle"},
				"west": {"uv": [0, 1, 1, 2], "rotation": 90, "texture": "#particle"},
				"up": {"uv": [0, 1, 1, 2], "rotation": 90, "texture": "#particle"},
				"down": {"uv": [0, 1, 1, 2], "rotation": 90, "texture": "#particle"}
			}
		},
		{
			"name": "part3",
			"from": [12, 1.5, 8],
			"to": [12.25, 1.75, 8.25],
			"shade": true,
			"rotation": {"angle": 0, "axis": "y", "origin": [20, 8, 8]},
			"color": 7,
			"faces": {
				"north": {"uv": [0, 1, 1, 2], "rotation": 90, "texture": "#particle"},
				"east": {"uv": [0, 1, 1, 2], "rotation": 90, "texture": "#particle"},
				"south": {"uv": [0, 1, 1, 2], "rotation": 90, "texture": "#particle"},
				"west": {"uv": [0, 1, 1, 2], "rotation": 90, "texture": "#particle"},
				"up": {"uv": [0, 1, 1, 2], "texture": "#particle"},
				"down": {"uv": [0, 1, 1, 2], "rotation": 180, "texture": "#particle"}
			}
		},
		{
			"name": "part4",
			"from": [8, 1.5, 8],
			"to": [8.25, 1.75, 8.25],
			"shade": true,
			"rotation": {"angle": 0, "axis": "y", "origin": [16, 8, 8]},
			"color": 7,
			"faces": {
				"north": {"uv": [0, 1, 1, 2], "rotation": 90, "texture": "#particle"},
				"east": {"uv": [0, 1, 1, 2], "rotation": 90, "texture": "#particle"},
				"south": {"uv": [0, 1, 1, 2], "rotation": 90, "texture": "#particle"},
				"west": {"uv": [0, 1, 1, 2], "rotation": 90, "texture": "#particle"},
				"up": {"uv": [0, 1, 1, 2], "texture": "#particle"},
				"down": {"uv": [0, 1, 1, 2], "rotation": 180, "texture": "#particle"}
			}
		},
		{
			"name": "part1",
			"from": [8, 1.5, 1.75],
			"to": [8.25, 1.75, 2],
			"shade": true,
			"rotation": {"angle": 0, "axis": "y", "origin": [8.25, 8, 9.75]},
			"color": 7,
			"faces": {
				"north": {"uv": [7, 0, 8, 1], "rotation": 90, "texture": "#particle"},
				"east": {"uv": [7, 0, 8, 1], "rotation": 90, "texture": "#particle"},
				"south": {"uv": [7, 0, 8, 1], "rotation": 90, "texture": "#particle"},
				"west": {"uv": [7, 0, 8, 1], "rotation": 90, "texture": "#particle"},
				"up": {"uv": [7, 0, 8, 1], "rotation": 90, "texture": "#particle"},
				"down": {"uv": [7, 0, 8, 1], "rotation": 90, "texture": "#particle"}
			}
		},
		{
			"name": "part2",
			"from": [8, 1.5, 5.75],
			"to": [8.25, 1.75, 6],
			"shade": true,
			"rotation": {"angle": 0, "axis": "y", "origin": [8.25, 8, 13.75]},
			"color": 7,
			"faces": {
				"north": {"uv": [7, 0, 8, 1], "rotation": 90, "texture": "#particle"},
				"east": {"uv": [7, 0, 8, 1], "rotation": 90, "texture": "#particle"},
				"south": {"uv": [7, 0, 8, 1], "rotation": 90, "texture": "#particle"},
				"west": {"uv": [7, 0, 8, 1], "rotation": 90, "texture": "#particle"},
				"up": {"uv": [7, 0, 8, 1], "rotation": 90, "texture": "#particle"},
				"down": {"uv": [7, 0, 8, 1], "rotation": 90, "texture": "#particle"}
			}
		},
		{
			"name": "part3",
			"from": [13.75, 1.5, 7.75],
			"to": [14, 1.75, 8],
			"shade": true,
			"rotation": {"angle": 0, "axis": "y", "origin": [20, 8, 8]},
			"color": 7,
			"faces": {
				"north": {"uv": [7, 0, 8, 1], "rotation": 90, "texture": "#particle"},
				"east": {"uv": [7, 0, 8, 1], "rotation": 90, "texture": "#particle"},
				"south": {"uv": [7, 0, 8, 1], "rotation": 90, "texture": "#particle"},
				"west": {"uv": [7, 0, 8, 1], "rotation": 90, "texture": "#particle"},
				"up": {"uv": [7, 0, 8, 1], "texture": "#particle"},
				"down": {"uv": [7, 0, 8, 1], "rotation": 180, "texture": "#particle"}
			}
		},
		{
			"name": "part4",
			"from": [9.75, 1.5, 7.75],
			"to": [10, 1.75, 8],
			"shade": true,
			"rotation": {"angle": 0, "axis": "y", "origin": [16, 8, 8]},
			"color": 7,
			"faces": {
				"north": {"uv": [7, 0, 8, 1], "rotation": 90, "texture": "#particle"},
				"east": {"uv": [7, 0, 8, 1], "rotation": 90, "texture": "#particle"},
				"south": {"uv": [7, 0, 8, 1], "rotation": 90, "texture": "#particle"},
				"west": {"uv": [7, 0, 8, 1], "rotation": 90, "texture": "#particle"},
				"up": {"uv": [7, 0, 8, 1], "texture": "#particle"},
				"down": {"uv": [7, 0, 8, 1], "rotation": 180, "texture": "#particle"}
			}
		},
		{
			"name": "part1",
			"from": [8, 1.5, 3.5],
			"to": [8.25, 1.75, 3.75],
			"shade": true,
			"rotation": {"angle": 0, "axis": "y", "origin": [8.25, 8, 11.5]},
			"color": 7,
			"faces": {
				"north": {"uv": [14, 0, 15, 1], "rotation": 90, "texture": "#particle"},
				"east": {"uv": [14, 0, 15, 1], "rotation": 90, "texture": "#particle"},
				"south": {"uv": [14, 0, 15, 1], "rotation": 90, "texture": "#particle"},
				"west": {"uv": [14, 0, 15, 1], "rotation": 90, "texture": "#particle"},
				"up": {"uv": [14, 0, 15, 1], "rotation": 90, "texture": "#particle"},
				"down": {"uv": [14, 0, 15, 1], "rotation": 90, "texture": "#particle"}
			}
		},
		{
			"name": "part2",
			"from": [8, 1.5, 7.5],
			"to": [8.25, 1.75, 7.75],
			"shade": true,
			"rotation": {"angle": 0, "axis": "y", "origin": [8.25, 8, 15.5]},
			"color": 7,
			"faces": {
				"north": {"uv": [14, 0, 15, 1], "rotation": 90, "texture": "#particle"},
				"east": {"uv": [14, 0, 15, 1], "rotation": 90, "texture": "#particle"},
				"south": {"uv": [14, 0, 15, 1], "rotation": 90, "texture": "#particle"},
				"west": {"uv": [14, 0, 15, 1], "rotation": 90, "texture": "#particle"},
				"up": {"uv": [14, 0, 15, 1], "rotation": 90, "texture": "#particle"},
				"down": {"uv": [14, 0, 15, 1], "rotation": 90, "texture": "#particle"}
			}
		},
		{
			"name": "part3",
			"from": [15.5, 1.5, 7.75],
			"to": [15.75, 1.75, 8],
			"shade": true,
			"rotation": {"angle": 0, "axis": "y", "origin": [20, 8, 8]},
			"color": 7,
			"faces": {
				"north": {"uv": [14, 0, 15, 1], "rotation": 90, "texture": "#particle"},
				"east": {"uv": [14, 0, 15, 1], "rotation": 90, "texture": "#particle"},
				"south": {"uv": [14, 0, 15, 1], "rotation": 90, "texture": "#particle"},
				"west": {"uv": [14, 0, 15, 1], "rotation": 90, "texture": "#particle"},
				"up": {"uv": [14, 0, 15, 1], "texture": "#particle"},
				"down": {"uv": [14, 0, 15, 1], "rotation": 180, "texture": "#particle"}
			}
		},
		{
			"name": "part4",
			"from": [11.5, 1.5, 7.75],
			"to": [11.75, 1.75, 8],
			"shade": true,
			"rotation": {"angle": 0, "axis": "y", "origin": [16, 8, 8]},
			"color": 7,
			"faces": {
				"north": {"uv": [14, 0, 15, 1], "rotation": 90, "texture": "#particle"},
				"east": {"uv": [14, 0, 15, 1], "rotation": 90, "texture": "#particle"},
				"south": {"uv": [14, 0, 15, 1], "rotation": 90, "texture": "#particle"},
				"west": {"uv": [14, 0, 15, 1], "rotation": 90, "texture": "#particle"},
				"up": {"uv": [14, 0, 15, 1], "texture": "#particle"},
				"down": {"uv": [14, 0, 15, 1], "rotation": 180, "texture": "#particle"}
			}
		},
		{
			"name": "part1",
			"from": [7.75, 1.5, 2.5],
			"to": [8, 1.75, 2.75],
			"shade": true,
			"rotation": {"angle": 0, "axis": "y", "origin": [8, 8, 10.5]},
			"color": 7,
			"faces": {
				"north": {"uv": [10, 1, 11, 2], "rotation": 90, "texture": "#particle"},
				"south": {"uv": [10, 1, 11, 2], "rotation": 90, "texture": "#particle"},
				"west": {"uv": [10, 1, 11, 2], "rotation": 90, "texture": "#particle"},
				"up": {"uv": [10, 1, 11, 2], "rotation": 90, "texture": "#particle"},
				"down": {"uv": [10, 1, 11, 2], "rotation": 90, "texture": "#particle"}
			}
		},
		{
			"name": "part2",
			"from": [7.75, 1.5, 6.5],
			"to": [8, 1.75, 6.75],
			"shade": true,
			"rotation": {"angle": 0, "axis": "y", "origin": [8, 8, 14.5]},
			"color": 7,
			"faces": {
				"north": {"uv": [10, 1, 11, 2], "rotation": 90, "texture": "#particle"},
				"south": {"uv": [10, 1, 11, 2], "rotation": 90, "texture": "#particle"},
				"west": {"uv": [10, 1, 11, 2], "rotation": 90, "texture": "#particle"},
				"up": {"uv": [10, 1, 11, 2], "rotation": 90, "texture": "#particle"},
				"down": {"uv": [10, 1, 11, 2], "rotation": 90, "texture": "#particle"}
			}
		},
		{
			"name": "part3",
			"from": [14.5, 1.5, 8],
			"to": [14.75, 1.75, 8.25],
			"shade": true,
			"rotation": {"angle": 0, "axis": "y", "origin": [20, 8, 8]},
			"color": 7,
			"faces": {
				"east": {"uv": [10, 1, 11, 2], "rotation": 90, "texture": "#particle"},
				"south": {"uv": [10, 1, 11, 2], "rotation": 90, "texture": "#particle"},
				"west": {"uv": [10, 1, 11, 2], "rotation": 90, "texture": "#particle"},
				"up": {"uv": [10, 1, 11, 2], "texture": "#particle"},
				"down": {"uv": [10, 1, 11, 2], "rotation": 180, "texture": "#particle"}
			}
		},
		{
			"name": "part4",
			"from": [10.5, 1.5, 8],
			"to": [10.75, 1.75, 8.25],
			"shade": true,
			"rotation": {"angle": 0, "axis": "y", "origin": [16, 8, 8]},
			"color": 7,
			"faces": {
				"east": {"uv": [10, 1, 11, 2], "rotation": 90, "texture": "#particle"},
				"south": {"uv": [10, 1, 11, 2], "rotation": 90, "texture": "#particle"},
				"west": {"uv": [10, 1, 11, 2], "rotation": 90, "texture": "#particle"},
				"up": {"uv": [10, 1, 11, 2], "texture": "#particle"},
				"down": {"uv": [10, 1, 11, 2], "rotation": 180, "texture": "#particle"}
			}
		},
		{
			"name": "part1",
			"from": [8, 1.5, 2.5],
			"to": [8.25, 1.75, 3],
			"shade": true,
			"rotation": {"angle": 0, "axis": "y", "origin": [8.25, 8, 10.5]},
			"color": 7,
			"faces": {
				"north": {"uv": [10, 0, 11, 1], "rotation": 90, "texture": "#particle"},
				"east": {"uv": [12, 0, 10, 1], "texture": "#particle"},
				"south": {"uv": [11, 0, 12, 1], "rotation": 90, "texture": "#particle"},
				"west": {"uv": [10, 0, 12, 1], "texture": "#particle"},
				"up": {"uv": [10, 0, 12, 1], "rotation": 90, "texture": "#particle"},
				"down": {"uv": [10, 0, 12, 1], "rotation": 90, "texture": "#particle"}
			}
		},
		{
			"name": "part2",
			"from": [8, 1.5, 6.5],
			"to": [8.25, 1.75, 7],
			"shade": true,
			"rotation": {"angle": 0, "axis": "y", "origin": [8.25, 8, 14.5]},
			"color": 7,
			"faces": {
				"north": {"uv": [10, 0, 11, 1], "rotation": 90, "texture": "#particle"},
				"east": {"uv": [10, 0, 11, 2], "texture": "#particle"},
				"south": {"uv": [11, 0, 12, 1], "rotation": 90, "texture": "#particle"},
				"west": {"uv": [10, 0, 12, 1], "texture": "#particle"},
				"up": {"uv": [10, 0, 12, 1], "rotation": 90, "texture": "#particle"},
				"down": {"uv": [10, 0, 12, 1], "rotation": 90, "texture": "#particle"}
			}
		},
		{
			"name": "part3",
			"from": [14.5, 1.5, 7.75],
			"to": [15, 1.75, 8],
			"shade": true,
			"rotation": {"angle": 0, "axis": "y", "origin": [20, 8, 8]},
			"color": 7,
			"faces": {
				"north": {"uv": [12, 0, 10, 1], "texture": "#particle"},
				"east": {"uv": [11, 0, 12, 1], "rotation": 90, "texture": "#particle"},
				"south": {"uv": [10, 0, 12, 1], "texture": "#particle"},
				"west": {"uv": [10, 0, 11, 1], "rotation": 90, "texture": "#particle"},
				"up": {"uv": [10, 0, 12, 1], "texture": "#particle"},
				"down": {"uv": [10, 0, 12, 1], "rotation": 180, "texture": "#particle"}
			}
		},
		{
			"name": "part4",
			"from": [10.5, 1.5, 7.75],
			"to": [11, 1.75, 8],
			"shade": true,
			"rotation": {"angle": 0, "axis": "y", "origin": [16, 8, 8]},
			"color": 7,
			"faces": {
				"north": {"uv": [12, 0, 10, 1], "texture": "#particle"},
				"east": {"uv": [11, 0, 12, 1], "rotation": 90, "texture": "#particle"},
				"south": {"uv": [10, 0, 12, 1], "texture": "#particle"},
				"west": {"uv": [10, 0, 11, 1], "rotation": 90, "texture": "#particle"},
				"up": {"uv": [10, 0, 12, 1], "texture": "#particle"},
				"down": {"uv": [10, 0, 12, 1], "rotation": 180, "texture": "#particle"}
			}
		},
		{
			"name": "part1",
			"from": [7.75, 1.5, 3],
			"to": [8, 1.75, 3.5],
			"shade": true,
			"rotation": {"angle": 0, "axis": "y", "origin": [8, 8, 11]},
			"color": 7,
			"faces": {
				"north": {"uv": [12, 1, 13, 2], "rotation": 90, "texture": "#particle"},
				"east": {"uv": [14, 1, 12, 2], "texture": "#particle"},
				"south": {"uv": [13, 1, 14, 2], "rotation": 90, "texture": "#particle"},
				"west": {"uv": [12, 1, 14, 2], "texture": "#particle"},
				"up": {"uv": [12, 1, 14, 2], "rotation": 90, "texture": "#particle"},
				"down": {"uv": [14, 1, 12, 2], "rotation": 90, "texture": "#particle"}
			}
		},
		{
			"name": "part2",
			"from": [7.75, 1.5, 7],
			"to": [8, 1.75, 7.5],
			"shade": true,
			"rotation": {"angle": 0, "axis": "y", "origin": [8, 8, 15]},
			"color": 7,
			"faces": {
				"north": {"uv": [12, 1, 13, 2], "rotation": 90, "texture": "#particle"},
				"east": {"uv": [14, 1, 12, 2], "texture": "#particle"},
				"south": {"uv": [13, 1, 14, 2], "rotation": 90, "texture": "#particle"},
				"west": {"uv": [12, 1, 14, 2], "texture": "#particle"},
				"up": {"uv": [12, 1, 14, 2], "rotation": 90, "texture": "#particle"},
				"down": {"uv": [14, 1, 12, 2], "rotation": 90, "texture": "#particle"}
			}
		},
		{
			"name": "part3",
			"from": [15, 1.5, 8],
			"to": [15.5, 1.75, 8.25],
			"shade": true,
			"rotation": {"angle": 0, "axis": "y", "origin": [20, 8, 8]},
			"color": 7,
			"faces": {
				"north": {"uv": [14, 1, 12, 2], "texture": "#particle"},
				"east": {"uv": [13, 1, 14, 2], "rotation": 90, "texture": "#particle"},
				"south": {"uv": [12, 1, 14, 2], "texture": "#particle"},
				"west": {"uv": [12, 1, 13, 2], "rotation": 90, "texture": "#particle"},
				"up": {"uv": [12, 1, 14, 2], "texture": "#particle"},
				"down": {"uv": [14, 1, 12, 2], "rotation": 180, "texture": "#particle"}
			}
		},
		{
			"name": "part4",
			"from": [11, 1.5, 8],
			"to": [11.5, 1.75, 8.25],
			"shade": true,
			"rotation": {"angle": 0, "axis": "y", "origin": [16, 8, 8]},
			"color": 7,
			"faces": {
				"north": {"uv": [14, 1, 12, 2], "texture": "#particle"},
				"east": {"uv": [13, 1, 14, 2], "rotation": 90, "texture": "#particle"},
				"south": {"uv": [12, 1, 14, 2], "texture": "#particle"},
				"west": {"uv": [12, 1, 13, 2], "rotation": 90, "texture": "#particle"},
				"up": {"uv": [12, 1, 14, 2], "texture": "#particle"},
				"down": {"uv": [14, 1, 12, 2], "rotation": 180, "texture": "#particle"}
			}
		},
		{
			"name": "part1",
			"from": [8, 1.5, 0.5],
			"to": [8.25, 1.75, 1],
			"shade": true,
			"rotation": {"angle": 0, "axis": "y", "origin": [8.25, 8, 8.5]},
			"color": 7,
			"faces": {
				"north": {"uv": [2, 0, 3, 1], "rotation": 90, "texture": "#particle"},
				"east": {"uv": [4, 0, 2, 1], "texture": "#particle"},
				"south": {"uv": [3, 0, 4, 1], "rotation": 90, "texture": "#particle"},
				"west": {"uv": [2, 0, 4, 1], "texture": "#particle"},
				"up": {"uv": [2, 0, 4, 1], "rotation": 90, "texture": "#particle"},
				"down": {"uv": [4, 0, 2, 1], "rotation": 90, "texture": "#particle"}
			}
		},
		{
			"name": "part2",
			"from": [8, 1.5, 4.5],
			"to": [8.25, 1.75, 5],
			"shade": true,
			"rotation": {"angle": 0, "axis": "y", "origin": [8.25, 8, 12.5]},
			"color": 7,
			"faces": {
				"north": {"uv": [2, 0, 3, 1], "rotation": 90, "texture": "#particle"},
				"east": {"uv": [4, 0, 2, 1], "texture": "#particle"},
				"south": {"uv": [3, 0, 4, 1], "rotation": 90, "texture": "#particle"},
				"west": {"uv": [2, 0, 4, 1], "texture": "#particle"},
				"up": {"uv": [2, 0, 4, 1], "rotation": 90, "texture": "#particle"},
				"down": {"uv": [4, 0, 2, 1], "rotation": 90, "texture": "#particle"}
			}
		},
		{
			"name": "part3",
			"from": [12.5, 1.5, 7.75],
			"to": [13, 1.75, 8],
			"shade": true,
			"rotation": {"angle": 0, "axis": "y", "origin": [20, 8, 8]},
			"color": 7,
			"faces": {
				"north": {"uv": [4, 0, 2, 1], "texture": "#particle"},
				"east": {"uv": [3, 0, 4, 1], "rotation": 90, "texture": "#particle"},
				"south": {"uv": [2, 0, 4, 1], "texture": "#particle"},
				"west": {"uv": [2, 0, 3, 1], "rotation": 90, "texture": "#particle"},
				"up": {"uv": [2, 0, 4, 1], "texture": "#particle"},
				"down": {"uv": [4, 0, 2, 1], "rotation": 180, "texture": "#particle"}
			}
		},
		{
			"name": "part4",
			"from": [8.5, 1.5, 7.75],
			"to": [9, 1.75, 8],
			"shade": true,
			"rotation": {"angle": 0, "axis": "y", "origin": [16, 8, 8]},
			"color": 7,
			"faces": {
				"north": {"uv": [4, 0, 2, 1], "texture": "#particle"},
				"east": {"uv": [3, 0, 4, 1], "rotation": 90, "texture": "#particle"},
				"south": {"uv": [2, 0, 4, 1], "texture": "#particle"},
				"west": {"uv": [2, 0, 3, 1], "rotation": 90, "texture": "#particle"},
				"up": {"uv": [2, 0, 4, 1], "texture": "#particle"},
				"down": {"uv": [4, 0, 2, 1], "rotation": 180, "texture": "#particle"}
			}
		},
		{
			"name": "part1",
			"from": [7.75, 1.5, 1],
			"to": [8, 1.75, 1.75],
			"shade": true,
			"rotation": {"angle": 0, "axis": "y", "origin": [8, 8, 9]},
			"color": 7,
			"faces": {
				"north": {"uv": [4, 1, 5, 2], "rotation": 90, "texture": "#particle"},
				"east": {"uv": [7, 1, 4, 2], "texture": "#particle"},
				"south": {"uv": [6, 1, 7, 2], "rotation": 90, "texture": "#particle"},
				"west": {"uv": [4, 1, 7, 2], "texture": "#particle"},
				"up": {"uv": [4, 1, 7, 2], "rotation": 90, "texture": "#particle"},
				"down": {"uv": [7, 1, 4, 2], "rotation": 90, "texture": "#particle"}
			}
		},
		{
			"name": "part2",
			"from": [7.75, 1.5, 5],
			"to": [8, 1.75, 5.75],
			"shade": true,
			"rotation": {"angle": 0, "axis": "y", "origin": [8, 8, 13]},
			"color": 7,
			"faces": {
				"north": {"uv": [4, 1, 5, 2], "rotation": 90, "texture": "#particle"},
				"east": {"uv": [7, 1, 4, 2], "texture": "#particle"},
				"south": {"uv": [6, 1, 7, 2], "rotation": 90, "texture": "#particle"},
				"west": {"uv": [4, 1, 7, 2], "texture": "#particle"},
				"up": {"uv": [4, 1, 7, 2], "rotation": 90, "texture": "#particle"},
				"down": {"uv": [7, 1, 4, 2], "rotation": 90, "texture": "#particle"}
			}
		},
		{
			"name": "part3",
			"from": [13, 1.5, 8],
			"to": [13.75, 1.75, 8.25],
			"shade": true,
			"rotation": {"angle": 0, "axis": "y", "origin": [20, 8, 8]},
			"color": 7,
			"faces": {
				"north": {"uv": [7, 1, 4, 2], "texture": "#particle"},
				"east": {"uv": [6, 1, 7, 2], "rotation": 90, "texture": "#particle"},
				"south": {"uv": [4, 1, 7, 2], "texture": "#particle"},
				"west": {"uv": [4, 1, 5, 2], "rotation": 90, "texture": "#particle"},
				"up": {"uv": [4, 1, 7, 2], "texture": "#particle"},
				"down": {"uv": [7, 1, 4, 2], "rotation": 180, "texture": "#particle"}
			}
		},
		{
			"name": "part4",
			"from": [9, 1.5, 8],
			"to": [9.75, 1.75, 8.25],
			"shade": true,
			"rotation": {"angle": 0, "axis": "y", "origin": [16, 8, 8]},
			"color": 7,
			"faces": {
				"north": {"uv": [7, 1, 4, 2], "texture": "#particle"},
				"east": {"uv": [6, 1, 7, 2], "rotation": 90, "texture": "#particle"},
				"south": {"uv": [4, 1, 7, 2], "texture": "#particle"},
				"west": {"uv": [4, 1, 5, 2], "rotation": 90, "texture": "#particle"},
				"up": {"uv": [4, 1, 7, 2], "texture": "#particle"},
				"down": {"uv": [7, 1, 4, 2], "rotation": 180, "texture": "#particle"}
			}
		}
	],
	"groups": [
		{
			"name": "string",
			"origin": [8, 8, 8],
			"children": [0, 1, 2, 3, 4, 5, 6, 7, 8, 9, 10, 11, 12, 13, 14, 15, 16, 17, 18, 19, 20, 21, 22, 23, 24, 25, 26, 27, 28, 29, 30, 31]
		}
	]
}