{
    "name": "魔符压印器",
    "icon": "ars_nouveau:glyph_press",
    "category": "machines",
    "pages": [
        {
            "type": "text",
            "text": "得到新法术需要一种设计用于将试剂转换为法术魔符的特殊机器。这些魔符可用于解锁法术书的新法术构件，也可用于特殊的合成配方。制造魔符需要一种特殊的魔法粘土、一种用于法术的试剂，还有来自附近魔力罐的魔力。要使用魔符压印器，首先放入粘土。"
        },
		{
		"type":"text",
		"text":"然后，对压印器使用试剂。如果附近有足够魔力，压印器会开始合成。魔力可通过附近的魔力罐提供。魔符压印器能被漏斗自动化。漏斗可以从任何侧面插入粘土，从顶部插入试剂。如果附近有足够的魔力，合成会自动开始。魔符会自动放入压印器旁的箱子内。"
		},
		{
            "type":"crafting",
			"recipe":"ars_nouveau:glyph_press",
			"recipe2":"ars_nouveau:magic_clay"
		},{
			"type":"crafting",
			"recipe":"ars_nouveau:marvelous_clay",
			"recipe2":"ars_nouveau:mythical_clay"
		}
    ]
}
