{
    "name": "药水混合器",
    "icon": "ars_nouveau:potion_melder",
    "category": "automation",
    "pages": [
        {
            "type": "text",
            "text": "消耗水平相邻的两个药水罐的各三剂药水，并向下方的药水罐输出一剂混合后的药水。每次混合时药水混合器都会消耗魔力。"
        },
    {
      "type": "apparatus_recipe",
      "recipe": "ars_nouveau:potion_melder"
    },{
	"type":"multiblock",
	"multiblock":{
		"mapping":{
			"C":"ars_nouveau:potion_jar",
			"0":"ars_nouveau:potion_melder",
			"J":"ars_nouveau:mana_jar"
		},
		"pattern":[
			["   "],
			["C0C"],
			[" C "]
		],
		"symmetrical": true
	},
	"text":"从两个相邻药水罐抽取并向下方输出，比例为 3:1。"
	},
		{
            "type": "relations",
            "entries":["machines/potion_jar"]        
        }
    ]
}
