{
	"credit": "Designed by Progical",
	"textures": {
		"0": "block/dark_oak_trapdoor",
		"1": "custom/block/trapdoors/dark_oak/front",
		"2": "custom/block/trapdoors/dark_oak/side",
		"particle": "block/dark_oak_trapdoor"
	},
	"elements": [
		{
			"from": [0, 0, 14],
			"to": [16, 3, 16],
			"faces": {
				"north": {"uv": [0, 1.5, 16, 2], "rotation": 180, "texture": "#0"},
				"east": {"uv": [0, 0, 2, 3], "texture": "#2", "cullface": "east"},
				"south": {"uv": [0, 0, 16, 3], "texture": "#1", "cullface": "south"},
				"west": {"uv": [14, 0, 16, 3], "texture": "#2", "cullface": "west"},
				"up": {"uv": [0, 0, 16, 2], "rotation": 180, "texture": "#0"},
				"down": {"uv": [16, 0, 0, 2], "texture": "#0", "cullface": "down"}
			}
		},
		{
			"from": [0, 0, 0],
			"to": [16, 3, 2],
			"faces": {
				"north": {"uv": [0, 0, 16, 3], "texture": "#1", "cullface": "north"},
				"east": {"uv": [14, 0, 16, 3], "texture": "#2", "cullface": "east"},
				"south": {"uv": [0, 14, 16, 14.5], "texture": "#0"},
				"west": {"uv": [0, 0, 2, 3], "texture": "#2", "cullface": "west"},
				"up": {"uv": [0, 14, 16, 16], "rotation": 180, "texture": "#0"},
				"down": {"uv": [16, 14, 0, 16], "texture": "#0", "cullface": "down"}
			}
		},
		{
			"from": [0, 0, 2],
			"to": [2, 3, 14],
			"faces": {
				"east": {"uv": [14, 2, 14.5, 14], "rotation": 90, "texture": "#0"},
				"west": {"uv": [2, 0, 14, 3], "texture": "#2", "cullface": "west"},
				"up": {"uv": [14, 2, 16, 14], "rotation": 180, "texture": "#0"},
				"down": {"uv": [16, 2, 14, 14], "texture": "#0", "cullface": "down"}
			}
		},
		{
			"from": [14, 0, 2],
			"to": [16, 3, 14],
			"faces": {
				"east": {"uv": [2, 0, 14, 3], "texture": "#2", "cullface": "east"},
				"west": {"uv": [1.5, 2, 2, 14], "rotation": 270, "texture": "#0"},
				"up": {"uv": [0, 2, 2, 14], "rotation": 180, "texture": "#0"},
				"down": {"uv": [2, 2, 0, 14], "texture": "#0", "cullface": "down"}
			}
		},
		{
			"from": [10, 0, 6],
			"to": [14, 3, 10],
			"faces": {
				"north": {"uv": [2, 9.5, 6, 10], "texture": "#0"},
				"south": {"uv": [10, 6, 14, 6.5], "texture": "#0"},
				"up": {"uv": [2, 6, 6, 10], "rotation": 180, "texture": "#0"},
				"down": {"uv": [6, 6, 2, 10], "texture": "#0", "cullface": "down"}
			}
		},
		{
			"from": [2, 0, 6],
			"to": [6, 3, 10],
			"faces": {
				"north": {"uv": [10, 9.5, 14, 10], "texture": "#0"},
				"south": {"uv": [2, 6, 6, 6.5], "texture": "#0"},
				"up": {"uv": [10, 6, 14, 10], "rotation": 180, "texture": "#0"},
				"down": {"uv": [14, 6, 10, 10], "texture": "#0", "cullface": "down"}
			}
		},
		{
			"from": [6, 0, 2],
			"to": [10, 3, 14],
			"faces": {
				"east": {"uv": [6, 2, 6.5, 14], "rotation": 90, "texture": "#0"},
				"west": {"uv": [9.5, 2, 10, 14], "rotation": 270, "texture": "#0"},
				"up": {"uv": [6, 2, 10, 14], "rotation": 180, "texture": "#0"},
				"down": {"uv": [10, 2, 6, 14], "texture": "#0", "cullface": "down"}
			}
		},
		{
			"from": [2, 0.5, 2],
			"to": [14, 2.5, 14],
			"faces": {
				"up": {"uv": [2, 2, 14, 14], "rotation": 180, "texture": "#0"},
				"down": {"uv": [14, 2, 2, 14], "texture": "#0", "cullface": "down"}
			}
		}
	]
}
