{
	"credit": "Designed by Progical",
	"textures": {
		"0": "block/jungle_trapdoor",
		"1": "custom/block/trapdoors/jungle/front",
		"2": "custom/block/trapdoors/jungle/side",
		"particle": "block/jungle_trapdoor"
	},
	"elements": [
		{
			"name": "jungle_trapdoor_0",
			"from": [12.5, 0, 12],
			"to": [16, 3, 16],
			"faces": {
				"north": {"uv": [0, 1, 3.5, 4], "rotation": 180, "texture": "#0"},
				"east": {"uv": [0, 0, 4, 3], "texture": "#2", "cullface": "east"},
				"south": {"uv": [12.5, 0, 16, 3], "texture": "#1", "cullface": "south"},
				"west": {"uv": [0.5, 0, 3.5, 4], "rotation": 90, "texture": "#0"},
				"up": {"uv": [0, 0, 3.5, 4], "rotation": 180, "texture": "#0"},
				"down": {"uv": [0, 4, 3.5, 0], "rotation": 180, "texture": "#0", "cullface": "down"}
			}
		},
		{
			"name": "jungle_trapdoor_1",
			"from": [0, 0, 13.5],
			"to": [12.5, 3, 16],
			"faces": {
				"south": {"uv": [0, 0, 12.5, 3], "texture": "#1", "cullface": "south"},
				"west": {"uv": [13.5, 0, 16, 3], "texture": "#2", "cullface": "west"},
				"up": {"uv": [3.5, 0, 16, 2.5], "rotation": 180, "texture": "#0"},
				"down": {"uv": [3.5, 2.5, 16, 0], "rotation": 180, "texture": "#0", "cullface": "down"}
			}
		},
		{
			"name": "jungle_trapdoor_2",
			"from": [11.5, 0, 13],
			"to": [12.5, 3, 13.5],
			"faces": {
				"north": {"uv": [1.5, 0, 2.5, 3], "rotation": 180, "texture": "#0"},
				"west": {"uv": [1.5, 2.5, 4.5, 3], "rotation": 90, "texture": "#0"},
				"up": {"uv": [3.5, 2.5, 4.5, 3], "rotation": 180, "texture": "#0"},
				"down": {"uv": [3.5, 3, 4.5, 2.5], "rotation": 180, "texture": "#0", "cullface": "down"}
			}
		},
		{
			"name": "jungle_trapdoor_3",
			"from": [9, 0, 0],
			"to": [10.5, 3, 13.5],
			"faces": {
				"north": {"uv": [5.5, 0, 7, 3], "texture": "#1", "cullface": "north"},
				"up": {"uv": [5.5, 2.5, 7, 16], "rotation": 180, "texture": "#0"},
				"down": {"uv": [5.5, 16, 7, 2.5], "rotation": 180, "texture": "#0", "cullface": "down"}
			}
		},
		{
			"name": "jungle_trapdoor_4",
			"from": [5.5, 0, 0],
			"to": [7, 3, 13.5],
			"faces": {
				"north": {"uv": [9, 0, 10.5, 3], "texture": "#1", "cullface": "north"},
				"east": {"uv": [9, 2.5, 9.5, 16], "rotation": 270, "texture": "#0"},
				"west": {"uv": [10, 2.5, 10.5, 16], "rotation": 90, "texture": "#0"},
				"up": {"uv": [9, 2.5, 10.5, 16], "rotation": 180, "texture": "#0"},
				"down": {"uv": [9, 16, 10.5, 2.5], "rotation": 180, "texture": "#0", "cullface": "down"}
			}
		},
		{
			"name": "jungle_trapdoor_5",
			"from": [0, 0, 13],
			"to": [4.5, 3, 13.5],
			"faces": {
				"east": {"uv": [11.5, 2.5, 14.5, 3], "rotation": 90, "texture": "#0"},
				"west": {"uv": [12.5, 0, 13, 3], "texture": "#2", "cullface": "west"},
				"up": {"uv": [11.5, 2.5, 16, 3], "rotation": 180, "texture": "#0"},
				"down": {"uv": [11.5, 3, 16, 2.5], "rotation": 180, "texture": "#0", "cullface": "down"}
			}
		},
		{
			"name": "jungle_trapdoor_6",
			"from": [0, 0, 12],
			"to": [3.5, 3, 13],
			"faces": {
				"north": {"uv": [12.5, 2.5, 16, 3.5], "rotation": 90, "texture": "#0"},
				"east": {"uv": [12.5, 2.5, 16, 3.5], "rotation": 90, "texture": "#0"},
				"west": {"uv": [11.5, 0, 12.5, 3], "texture": "#2", "cullface": "west"},
				"up": {"uv": [12.5, 3, 16, 4], "rotation": 180, "texture": "#0"},
				"down": {"uv": [12.5, 4, 16, 3], "rotation": 180, "texture": "#0", "cullface": "down"}
			}
		},
		{
			"name": "jungle_trapdoor_7",
			"from": [13.5, 0, 0],
			"to": [16, 3, 12],
			"faces": {
				"north": {"uv": [0, 0, 2.5, 3], "texture": "#1", "cullface": "north"},
				"east": {"uv": [4, 0, 16, 3], "texture": "#2", "cullface": "east"},
				"west": {"uv": [0, 2, 3, 14], "rotation": 90, "texture": "#0"},
				"up": {"uv": [0, 4, 2.5, 16], "rotation": 180, "texture": "#0"},
				"down": {"uv": [0, 16, 2.5, 4], "rotation": 180, "texture": "#0", "cullface": "down"}
			}
		},
		{
			"name": "jungle_trapdoor_8",
			"from": [13, 0, 10.5],
			"to": [13.5, 3, 12],
			"faces": {
				"north": {"uv": [2.5, 8.5, 3, 11.5], "texture": "#0"},
				"west": {"uv": [0, 4, 3, 5.5], "rotation": 90, "texture": "#0"},
				"up": {"uv": [2.5, 4, 3, 5.5], "rotation": 180, "texture": "#0"},
				"down": {"uv": [2.5, 5.5, 3, 4], "rotation": 180, "texture": "#0", "cullface": "down"}
			}
		},
		{
			"name": "jungle_trapdoor_9",
			"from": [0, 0, 10.5],
			"to": [3, 3, 12],
			"faces": {
				"north": {"uv": [13, 5, 16, 5.5], "rotation": 90, "texture": "#0"},
				"east": {"uv": [13, 4, 16, 5.5], "rotation": 90, "texture": "#0"},
				"west": {"uv": [10, 0, 11.5, 3], "texture": "#2", "cullface": "west"},
				"up": {"uv": [13, 4, 16, 5.5], "rotation": 180, "texture": "#0"},
				"down": {"uv": [13, 5.5, 16, 4], "rotation": 180, "texture": "#0", "cullface": "down"}
			}
		},
		{
			"name": "jungle_trapdoor_10",
			"from": [0, 0, 0],
			"to": [2.5, 3, 10.5],
			"faces": {
				"north": {"uv": [13.5, 0, 16, 3], "texture": "#1", "cullface": "north"},
				"east": {"uv": [13, 3.5, 16, 14], "rotation": 90, "texture": "#0"},
				"west": {"uv": [0, 0, 10, 3], "texture": "#2", "cullface": "west"},
				"up": {"uv": [13.5, 5.5, 16, 16], "rotation": 180, "texture": "#0"},
				"down": {"uv": [13.5, 16, 16, 5.5], "rotation": 180, "texture": "#0", "cullface": "down"}
			}
		},
		{
			"name": "jungle_trapdoor_11",
			"from": [10.5, 0, 7],
			"to": [13.5, 3, 8.5],
			"faces": {
				"south": {"uv": [3.5, 13, 0.5, 16], "texture": "#0"},
				"up": {"uv": [2.5, 7.5, 5.5, 9], "rotation": 180, "texture": "#0"},
				"down": {"uv": [2.5, 9, 5.5, 7.5], "rotation": 180, "texture": "#0", "cullface": "down"}
			}
		},
		{
			"name": "jungle_trapdoor_12",
			"from": [7, 0, 7],
			"to": [9, 3, 8.5],
			"faces": {
				"south": {"uv": [6, 13, 4, 16], "texture": "#0"},
				"up": {"uv": [7, 7.5, 9, 9], "rotation": 180, "texture": "#0"},
				"down": {"uv": [7, 9, 9, 7.5], "rotation": 180, "texture": "#0", "cullface": "down"}
			}
		},
		{
			"name": "jungle_trapdoor_13",
			"from": [2.5, 0, 7],
			"to": [5.5, 3, 8.5],
			"faces": {
				"south": {"uv": [13.5, 13, 10.5, 16], "texture": "#0"},
				"up": {"uv": [10.5, 7.5, 13.5, 9], "rotation": 180, "texture": "#0"},
				"down": {"uv": [10.5, 9, 13.5, 7.5], "rotation": 180, "texture": "#0", "cullface": "down"}
			}
		},
		{
			"name": "jungle_trapdoor_14",
			"from": [13, 0, 0],
			"to": [13.5, 3, 7],
			"faces": {
				"north": {"uv": [2.5, 0, 3, 3], "texture": "#1", "cullface": "north"},
				"west": {"uv": [0, 9, 3, 16], "rotation": 90, "texture": "#0"},
				"up": {"uv": [2.5, 9, 3, 16], "rotation": 180, "texture": "#0"},
				"down": {"uv": [2.5, 16, 3, 9], "rotation": 180, "texture": "#0", "cullface": "down"}
			}
		},
		{
			"name": "jungle_trapdoor_15",
			"from": [2.5, 0, 0],
			"to": [3, 3, 7],
			"faces": {
				"north": {"uv": [13, 0, 13.5, 3], "texture": "#1", "cullface": "north"},
				"east": {"uv": [13, 6, 16, 13], "rotation": 90, "texture": "#0"},
				"up": {"uv": [13, 9, 13.5, 16], "rotation": 180, "texture": "#0"},
				"down": {"uv": [13, 16, 13.5, 9], "rotation": 180, "texture": "#0", "cullface": "down"}
			}
		},
		{
			"name": "jungle_trapdoor_16",
			"from": [12.5, 0, 0],
			"to": [13, 3, 4.5],
			"faces": {
				"north": {"uv": [3, 0, 3.5, 3], "texture": "#1", "cullface": "north"},
				"south": {"uv": [2.5, 11.5, 2, 14.5], "texture": "#0"},
				"west": {"uv": [0, 13, 4.5, 16], "texture": "#0"},
				"up": {"uv": [3, 11.5, 3.5, 16], "rotation": 180, "texture": "#0"},
				"down": {"uv": [3, 16, 3.5, 11.5], "rotation": 180, "texture": "#0", "cullface": "down"}
			}
		},
		{
			"name": "jungle_trapdoor_17",
			"from": [3, 0, 0],
			"to": [3.5, 3, 4.5],
			"faces": {
				"north": {"uv": [12.5, 0, 13, 3], "texture": "#1", "cullface": "north"},
				"east": {"uv": [0.5, 13, 5, 16], "texture": "#0"},
				"south": {"uv": [12.5, 13, 12, 16], "texture": "#0"},
				"up": {"uv": [12.5, 11.5, 13, 16], "rotation": 180, "texture": "#0"},
				"down": {"uv": [12.5, 16, 13, 11.5], "rotation": 180, "texture": "#0", "cullface": "down"}
			}
		},
		{
			"name": "jungle_trapdoor_18",
			"from": [11.5, 0, 0],
			"to": [12.5, 3, 3.5],
			"faces": {
				"north": {"uv": [3.5, 0, 4.5, 3], "texture": "#1", "cullface": "north"},
				"south": {"uv": [4.5, 13, 3.5, 16], "texture": "#0"},
				"west": {"uv": [1.5, 12.5, 4.5, 16], "texture": "#0"},
				"up": {"uv": [3.5, 12.5, 4.5, 16], "rotation": 180, "texture": "#0"},
				"down": {"uv": [3.5, 16, 4.5, 12.5], "rotation": 180, "texture": "#0", "cullface": "down"}
			}
		},
		{
			"name": "jungle_trapdoor_19",
			"from": [3.5, 0, 0],
			"to": [4.5, 3, 3.5],
			"faces": {
				"north": {"uv": [11.5, 0, 12.5, 3], "texture": "#1", "cullface": "north"},
				"east": {"uv": [11.5, 12.5, 12, 16], "rotation": 270, "texture": "#0"},
				"south": {"uv": [12.5, 12.5, 11.5, 15.5], "texture": "#0"},
				"up": {"uv": [11.5, 12.5, 12.5, 16], "rotation": 180, "texture": "#0"},
				"down": {"uv": [11.5, 16, 12.5, 12.5], "rotation": 180, "texture": "#0", "cullface": "down"}
			}
		},
		{
			"name": "jungle_trapdoor_20",
			"from": [10.5, 0, 0],
			"to": [11.5, 3, 3],
			"faces": {
				"north": {"uv": [4.5, 0, 5.5, 3], "texture": "#1", "cullface": "north"},
				"south": {"uv": [3.5, 13, 2.5, 16], "texture": "#0"},
				"up": {"uv": [4.5, 13, 5.5, 16], "rotation": 180, "texture": "#0"},
				"down": {"uv": [4.5, 16, 5.5, 13], "rotation": 180, "texture": "#0", "cullface": "down"}
			}
		},
		{
			"name": "jungle_trapdoor_21",
			"from": [7, 0, 0],
			"to": [9, 3, 3],
			"faces": {
				"north": {"uv": [7, 0, 9, 3], "texture": "#1", "cullface": "north"},
				"south": {"uv": [6, 13, 4, 16], "texture": "#0"},
				"up": {"uv": [7, 13, 9, 16], "rotation": 180, "texture": "#0"},
				"down": {"uv": [7, 16, 9, 13], "rotation": 180, "texture": "#0", "cullface": "down"}
			}
		},
		{
			"name": "jungle_trapdoor_22",
			"from": [4.5, 0, 0],
			"to": [5.5, 3, 3],
			"faces": {
				"north": {"uv": [10.5, 0, 11.5, 3], "texture": "#1", "cullface": "north"},
				"south": {"uv": [12.5, 12.5, 11.5, 15.5], "texture": "#0"},
				"up": {"uv": [10.5, 13, 11.5, 16], "rotation": 180, "texture": "#0"},
				"down": {"uv": [10.5, 16, 11.5, 13], "rotation": 180, "texture": "#0", "cullface": "down"}
			}
		},
		{
			"from": [9, 1.5, 3],
			"to": [9, 3, 13.5],
			"faces": {
				"west": {"uv": [14, 1.5, 15.5, 12], "rotation": 270, "texture": "#0"}
			}
		},
		{
			"from": [9, 0, 3],
			"to": [9, 1.5, 13.5],
			"faces": {
				"west": {"uv": [0, 2.5, 1.5, 13], "rotation": 270, "texture": "#0"}
			}
		},
		{
			"from": [10.5, 2, 3],
			"to": [10.5, 3, 13.5],
			"faces": {
				"east": {"uv": [5.5, 2, 6.5, 12.5], "rotation": 90, "texture": "#0"}
			}
		},
		{
			"from": [10.5, 0, 3],
			"to": [10.5, 2, 13.5],
			"faces": {
				"east": {"uv": [0, 3, 2, 13.5], "rotation": 270, "texture": "#0"}
			}
		},
		{
			"from": [6, 3, 1],
			"to": [10, 3.5, 1.5],
			"faces": {
				"north": {"uv": [6, 14.5, 10, 15], "texture": "#0"},
				"east": {"uv": [6, 14.5, 6.5, 15], "texture": "#0"},
				"south": {"uv": [6, 14.5, 10, 15], "rotation": 180, "texture": "#0"},
				"west": {"uv": [9.5, 14.5, 10, 15], "texture": "#0"},
				"up": {"uv": [6, 14.5, 10, 15], "rotation": 180, "texture": "#0"}
			}
		},
		{
			"from": [8, 0, 7],
			"to": [13, 3, 7],
			"faces": {
				"north": {"uv": [0.5, 13, 5.5, 16], "texture": "#0"}
			}
		},
		{
			"from": [3, 0, 7],
			"to": [8, 3, 7],
			"faces": {
				"north": {"uv": [10, 13, 15, 16], "texture": "#0"}
			}
		},
		{
			"from": [6, -0.5, 1],
			"to": [10, 0, 1.5],
			"faces": {
				"north": {"uv": [6, 14.5, 10, 15], "rotation": 180, "texture": "#0", "cullface": "down"},
				"east": {"uv": [6, 14.5, 6.5, 15], "texture": "#0", "cullface": "down"},
				"south": {"uv": [6, 14.5, 10, 15], "texture": "#0", "cullface": "down"},
				"west": {"uv": [9.5, 14.5, 10, 15], "texture": "#0", "cullface": "down"},
				"down": {"uv": [6, 14.5, 10, 15], "texture": "#0", "cullface": "down"}
			}
		},
		{
			"from": [4.5, 1, 13.5],
			"to": [11.5, 3, 13.5],
			"faces": {
				"north": {"uv": [3, 0.5, 10, 2.5], "rotation": 180, "texture": "#0"}
			}
		},
		{
			"from": [4.5, 0, 13.5],
			"to": [11.5, 1, 13.5],
			"faces": {
				"north": {"uv": [7, 0, 14, 1], "rotation": 180, "texture": "#0"}
			}
		},
		{
			"from": [3.5, 0, 13],
			"to": [4.5, 3, 13],
			"faces": {
				"north": {"uv": [14, 1, 15, 4], "texture": "#0"}
			}
		}
	],
	"groups": [
		{
			"name": "jungle_trapdoor",
			"origin": [8, 8, 8],
			"children": [0, 1, 2, 3, 4, 5, 6, 7, 8, 9, 10, 11, 12, 13, 14, 15, 16, 17, 18, 19, 20, 21, 22]
		},
		{
			"name": "group",
			"origin": [8, 8, 8],
			"children": [23, 24, 25, 26, 27, 28, 29, 30, 31, 32, 33]
		}
	]
}