{
	"__comment": "Designed by XeKr with Cubik Studio - https://cubik.studio",
	"parent": "block/rail_flat",
	"textures": {
		"rail": "block/activator_rail_3d",
		"wood": "block/oak_planks"
	},
	"elements": [ 	 
		{
			"__comment": "Box2",
			"from": [ 3, 0, 1 ],
			"to": [ 13, 1, 3 ],
			"faces": {
				"down": { "uv": [ 3, 13, 13, 15 ], "texture": "#wood" },
				"up": { "uv": [ 3, 1, 13, 3 ], "texture": "#wood" },
				"north": { "uv": [ 3, 15, 13, 16 ], "texture": "#wood" },
				"south": { "uv": [ 3, 15, 13, 16 ], "texture": "#wood" },
				"west": { "uv": [ 1, 15, 3, 16 ], "texture": "#wood" },
				"east": { "uv": [ 13, 15, 15, 16 ], "texture": "#wood" }
			}
		},
		{
			"__comment": "Box2",
			"from": [ 3, 0, 5 ],
			"to": [ 13, 1, 7 ],
			"faces": {
				"down": { "uv": [ 3, 9, 13, 11 ], "texture": "#wood" },
				"up": { "uv": [ 3, 5, 13, 7 ], "texture": "#wood" },
				"north": { "uv": [ 3, 15, 13, 16 ], "texture": "#wood" },
				"south": { "uv": [ 3, 15, 13, 16 ], "texture": "#wood" },
				"west": { "uv": [ 5, 15, 7, 16 ], "texture": "#wood" },
				"east": { "uv": [ 9, 15, 11, 16 ], "texture": "#wood" }
			}
		},
		{
			"__comment": "Box2",
			"from": [ 3, 0, 9 ],
			"to": [ 13, 1, 11 ],
			"faces": {
				"down": { "uv": [ 3, 5, 13, 7 ], "texture": "#wood" },
				"up": { "uv": [ 3, 9, 13, 11 ], "texture": "#wood" },
				"north": { "uv": [ 3, 15, 13, 16 ], "texture": "#wood" },
				"south": { "uv": [ 3, 15, 13, 16 ], "texture": "#wood" },
				"west": { "uv": [ 9, 15, 11, 16 ], "texture": "#wood" },
				"east": { "uv": [ 5, 15, 7, 16 ], "texture": "#wood" }
			}
		},
		{
			"__comment": "Box2",
			"from": [ 3, 0, 13 ],
			"to": [ 13, 1, 15 ],
			"faces": {
				"down": { "uv": [ 3, 1, 13, 3 ], "texture": "#wood" },
				"up": { "uv": [ 3, 13, 13, 15 ], "texture": "#wood" },
				"north": { "uv": [ 3, 15, 13, 16 ], "texture": "#wood" },
				"south": { "uv": [ 3, 15, 13, 16 ], "texture": "#wood" },
				"west": { "uv": [ 13, 15, 15, 16 ], "texture": "#wood" },
				"east": { "uv": [ 1, 15, 3, 16 ], "texture": "#wood" }
			}
		},
		{
			"__comment": "Box6",
			"from": [ 6, 0.5, 0 ],
			"to": [ 7, 2, 16 ],
			"faces": {
				"down": { "uv": [ 6, 0, 7, 16 ], "texture": "#rail" },
				"up": { "uv": [ 6, 0, 7, 16 ], "texture": "#rail" },
				"north": { "uv": [ 6, 15, 7, 16 ], "texture": "#rail" },
				"south": { "uv": [ 8.999999, 15, 9.999999, 16 ], "texture": "#rail" },
				"west": { "uv": [ 6, 0, 7, 16 ], "texture": "#rail", "rotation": 270 },
				"east": { "uv": [ 6, 16, 7, 0 ], "texture": "#rail", "rotation": 270 }
			}
		},
		{
			"__comment": "Box6",
			"from": [ 9, 0.5, 0 ],
			"to": [ 10, 2, 16 ],
			"faces": {
				"down": { "uv": [ 9, 0, 10, 16 ], "texture": "#rail" },
				"up": { "uv": [ 9, 0, 10, 16 ], "texture": "#rail" },
				"north": { "uv": [ 6, 15, 7, 16 ], "texture": "#rail" },
				"south": { "uv": [ 8.999999, 15, 9.999999, 16 ], "texture": "#rail" },
				"west": { "uv": [ 9, 0, 10, 16 ], "texture": "#rail", "rotation": 270 },
				"east": { "uv": [ 9, 16, 10, 0 ], "texture": "#rail", "rotation": 270 }
			}
		},
		{
			"__comment": "Box6",
			"from": [ 7, 1, 0 ],
			"to": [ 9, 1.5, 16 ],
			"faces": {
				"down": { "uv": [ 7, 0, 9, 16 ], "texture": "#rail" },
				"up": { "uv": [ 7, 0, 9, 16 ], "texture": "#rail" },
				"north": { "uv": [ 7, 15, 9, 16 ], "texture": "#rail" },
				"south": { "uv": [ 7, 0, 9, 1 ], "texture": "#rail" }
			}
		},
		{
			"__comment": "Box8",
			"from": [ 5, 1, 1 ],
			"to": [ 6, 1.5, 3 ],
			"faces": {
				"down": { "uv": [ 5, 1, 6, 3 ], "texture": "#rail" },
				"up": { "uv": [ 5, 1, 6, 3 ], "texture": "#rail" },
				"north": { "uv": [ 10, 13, 11, 13.5 ], "texture": "#rail" },
				"south": { "uv": [ 5, 14, 6, 14.5 ], "texture": "#rail" },
				"west": { "uv": [ 5, 13, 6, 15 ], "texture": "#rail", "rotation": 270 },
				"east": { "uv": [ 5, 15, 6, 13 ], "texture": "#rail", "rotation": 270 }
			}
		},
		{
			"__comment": "Box8",
			"from": [ 10, 1, 1 ],
			"to": [ 11, 1.5, 3 ],
			"faces": {
				"down": { "uv": [ 5, 1, 6, 3 ], "texture": "#rail" },
				"up": { "uv": [ 5, 1, 6, 3 ], "texture": "#rail" },
				"north": { "uv": [ 10, 13, 11, 13.5 ], "texture": "#rail" },
				"south": { "uv": [ 5, 14, 6, 14.5 ], "texture": "#rail" },
				"west": { "uv": [ 5, 13, 6, 15 ], "texture": "#rail", "rotation": 270 },
				"east": { "uv": [ 5, 15, 6, 13 ], "texture": "#rail", "rotation": 270 }
			}
		},
		{
			"__comment": "Box8",
			"from": [ 10, 1, 5 ],
			"to": [ 11, 1.5, 7 ],
			"faces": {
				"down": { "uv": [ 5, 1, 6, 3 ], "texture": "#rail" },
				"up": { "uv": [ 5, 1, 6, 3 ], "texture": "#rail" },
				"north": { "uv": [ 10, 13, 11, 13.5 ], "texture": "#rail" },
				"south": { "uv": [ 5, 14, 6, 14.5 ], "texture": "#rail" },
				"west": { "uv": [ 5, 13, 6, 15 ], "texture": "#rail", "rotation": 270 },
				"east": { "uv": [ 5, 15, 6, 13 ], "texture": "#rail", "rotation": 270 }
			}
		},
		{
			"__comment": "Box8",
			"from": [ 5, 1, 5 ],
			"to": [ 6, 1.5, 7 ],
			"faces": {
				"down": { "uv": [ 5, 1, 6, 3 ], "texture": "#rail" },
				"up": { "uv": [ 5, 1, 6, 3 ], "texture": "#rail" },
				"north": { "uv": [ 10, 13, 11, 13.5 ], "texture": "#rail" },
				"south": { "uv": [ 5, 14, 6, 14.5 ], "texture": "#rail" },
				"west": { "uv": [ 5, 13, 6, 15 ], "texture": "#rail", "rotation": 270 },
				"east": { "uv": [ 5, 15, 6, 13 ], "texture": "#rail", "rotation": 270 }
			}
		},
		{
			"__comment": "Box8",
			"from": [ 10, 1, 9 ],
			"to": [ 11, 1.5, 11 ],
			"faces": {
				"down": { "uv": [ 5, 1, 6, 3 ], "texture": "#rail" },
				"up": { "uv": [ 5, 1, 6, 3 ], "texture": "#rail" },
				"north": { "uv": [ 10, 13, 11, 13.5 ], "texture": "#rail" },
				"south": { "uv": [ 5, 14, 6, 14.5 ], "texture": "#rail" },
				"west": { "uv": [ 5, 13, 6, 15 ], "texture": "#rail", "rotation": 270 },
				"east": { "uv": [ 5, 15, 6, 13 ], "texture": "#rail", "rotation": 270 }
			}
		},
		{
			"__comment": "Box8",
			"from": [ 5, 1, 9 ],
			"to": [ 6, 1.5, 11 ],
			"faces": {
				"down": { "uv": [ 5, 1, 6, 3 ], "texture": "#rail" },
				"up": { "uv": [ 5, 1, 6, 3 ], "texture": "#rail" },
				"north": { "uv": [ 10, 13, 11, 13.5 ], "texture": "#rail" },
				"south": { "uv": [ 5, 14, 6, 14.5 ], "texture": "#rail" },
				"west": { "uv": [ 5, 13, 6, 15 ], "texture": "#rail", "rotation": 270 },
				"east": { "uv": [ 5, 15, 6, 13 ], "texture": "#rail", "rotation": 270 }
			}
		},
		{
			"__comment": "Box8",
			"from": [ 10, 1, 13 ],
			"to": [ 11, 1.5, 15 ],
			"faces": {
				"down": { "uv": [ 5, 1, 6, 3 ], "texture": "#rail" },
				"up": { "uv": [ 5, 1, 6, 3 ], "texture": "#rail" },
				"north": { "uv": [ 10, 13, 11, 13.5 ], "texture": "#rail" },
				"south": { "uv": [ 5, 14, 6, 14.5 ], "texture": "#rail" },
				"west": { "uv": [ 5, 13, 6, 15 ], "texture": "#rail", "rotation": 270 },
				"east": { "uv": [ 5, 15, 6, 13 ], "texture": "#rail", "rotation": 270 }
			}
		},
		{
			"__comment": "Box8",
			"from": [ 5, 1, 13 ],
			"to": [ 6, 1.5, 15 ],
			"faces": {
				"down": { "uv": [ 5, 1, 6, 3 ], "texture": "#rail" },
				"up": { "uv": [ 5, 1, 6, 3 ], "texture": "#rail" },
				"north": { "uv": [ 10, 13, 11, 13.5 ], "texture": "#rail" },
				"south": { "uv": [ 5, 14, 6, 14.5 ], "texture": "#rail" },
				"west": { "uv": [ 5, 13, 6, 15 ], "texture": "#rail", "rotation": 270 },
				"east": { "uv": [ 5, 15, 6, 13 ], "texture": "#rail", "rotation": 270 }
			}
		}
	]
}