{
	"credit": "Made by XeKr with Blockbench",
	"parent": "block/block0",
	"textures": {
		"3": "block/stone_bricks_end",
		"particle": "block/stone_bricks_end",
		"top": "block/stone_bricks_top",
		"side": "block/stone_bricks_side",
		"body": "block/chiseled_stone_bricks",
		"big": "block/stone_anvil"
	},
	"elements": [
		{
			"name": "Anvil base",
			"from": [2, 0, 2],
			"to": [14, 4, 14],
			"faces": {
				"north": {"uv": [4, 4, 0, 16], "rotation": 270, "texture": "#side"},
				"east": {"uv": [4, 4, 0, 16], "rotation": 270, "texture": "#side"},
				"south": {"uv": [4, 4, 0, 16], "rotation": 270, "texture": "#side"},
				"west": {"uv": [4, 4, 0, 16], "rotation": 270, "texture": "#side"},
				"up": {"uv": [2, 2, 14, 14], "rotation": 90, "texture": "#top"}
			}
		},
		{
			"name": "Lower narrow portion",
			"from": [3, 4, 4],
			"to": [13, 5, 12],
			"faces": {
				"north": {"uv": [4, 5, 5, 15], "rotation": 90, "texture": "#side"},
				"east": {"uv": [4, 4, 12, 5], "texture": "#3"},
				"south": {"uv": [4, 5, 5, 15], "rotation": 90, "texture": "#side"},
				"west": {"uv": [4, 4, 12, 5], "texture": "#3"},
				"up": {"uv": [4, 3, 12, 13], "rotation": 90, "texture": "#top"}
			}
		},
		{
			"name": "Wider section beneath top portion",
			"from": [4, 5, 6],
			"to": [12, 11, 10],
			"faces": {
				"north": {"uv": [4, 5, 12, 11], "texture": "#3"},
				"east": {"uv": [4, 5, 8, 11], "texture": "#3"},
				"south": {"uv": [4, 5, 12, 11], "texture": "#3"},
				"west": {"uv": [4, 5, 8, 11], "texture": "#3"}
			}
		},
		{
			"name": "Anvil top",
			"from": [0, 11, 3],
			"to": [16, 16, 13],
			"faces": {
				"north": {"uv": [0, 0, 16, 5], "texture": "#3"},
				"east": {"uv": [3, 0, 13, 5], "texture": "#3"},
				"south": {"uv": [0, 0, 16, 5], "texture": "#3"},
				"west": {"uv": [3, 0, 13, 5], "texture": "#3"},
				"up": {"uv": [0, 3, 16, 13], "texture": "#top"},
				"down": {"uv": [0, 3, 16, 13], "rotation": 180, "texture": "#top"}
			}
		},
		{
			"name": "Box5",
			"from": [-4, 3, -4],
			"to": [20, 4, 20],
			"faces": {
				"north": {"uv": [0, 12, 12, 12.5], "texture": "#big", "cullface": "down"},
				"east": {"uv": [0, 12, 12, 12.5], "texture": "#big", "cullface": "down"},
				"south": {"uv": [0, 12, 12, 12.5], "texture": "#big", "cullface": "down"},
				"west": {"uv": [0, 12, 12, 12.5], "texture": "#big", "cullface": "down"},
				"up": {"uv": [0, 0, 12, 12], "texture": "#big", "cullface": "down"},
				"down": {"uv": [0, 0, 12, 12], "texture": "#big", "cullface": "down"}
			}
		},
		{
			"name": "Box5",
			"from": [-4, 0, -4],
			"to": [20, 1, 20],
			"faces": {
				"north": {"uv": [0, 12, 12, 12.5], "texture": "#big", "cullface": "down"},
				"east": {"uv": [0, 12, 12, 12.5], "texture": "#big", "cullface": "down"},
				"south": {"uv": [0, 12, 12, 12.5], "texture": "#big", "cullface": "down"},
				"west": {"uv": [0, 12, 12, 12.5], "texture": "#big", "cullface": "down"},
				"up": {"uv": [0, 0, 12, 12], "texture": "#big", "cullface": "down"},
				"down": {"uv": [0, 0, 12, 12], "texture": "#big", "cullface": "down"}
			}
		},
		{
			"name": "Box5",
			"from": [-3, 1, -3],
			"to": [19, 3, 19],
			"faces": {
				"north": {"uv": [0.5, 12.5, 11.5, 13.5], "texture": "#big", "cullface": "down"},
				"east": {"uv": [0.5, 12.5, 11.5, 13.5], "texture": "#big", "cullface": "down"},
				"south": {"uv": [0.5, 12.5, 11.5, 13.5], "texture": "#big", "cullface": "down"},
				"west": {"uv": [0.5, 12.5, 11.5, 13.5], "texture": "#big", "cullface": "down"}
			}
		},
		{
			"name": "Box5",
			"from": [-3, 16, -3],
			"to": [19, 17, 19],
			"faces": {
				"north": {"uv": [0.5, 12, 11.5, 12.5], "texture": "#big", "cullface": "down"},
				"east": {"uv": [0.5, 12, 11.5, 12.5], "texture": "#big", "cullface": "down"},
				"south": {"uv": [0.5, 12, 11.5, 12.5], "texture": "#big", "cullface": "down"},
				"west": {"uv": [0.5, 12, 11.5, 12.5], "texture": "#big", "cullface": "down"},
				"up": {"uv": [0.5, 0.5, 11.5, 11.5], "texture": "#big", "cullface": "down"},
				"down": {"uv": [0.5, 0.5, 11.5, 11.5], "texture": "#big", "cullface": "down"}
			}
		},
		{
			"name": "Box5",
			"from": [-2, 17, -2],
			"to": [18, 20, 18],
			"faces": {
				"north": {"uv": [1, 14, 11, 15.5], "texture": "#big", "cullface": "down"},
				"east": {"uv": [1, 14, 11, 15.5], "texture": "#big", "cullface": "down"},
				"south": {"uv": [1, 14, 11, 15.5], "texture": "#big", "cullface": "down"},
				"west": {"uv": [1, 14, 11, 15.5], "texture": "#big", "cullface": "down"}
			}
		},
		{
			"name": "Box9",
			"from": [-2, 2, 14],
			"to": [2, 16, 18],
			"faces": {
				"north": {"uv": [13, 0, 15, 7], "texture": "#big", "cullface": "down"},
				"east": {"uv": [13, 0, 15, 7], "texture": "#big", "cullface": "down"},
				"south": {"uv": [13, 0, 15, 7], "texture": "#big", "cullface": "down"},
				"west": {"uv": [13, 0, 15, 7], "texture": "#big", "cullface": "down"}
			}
		},
		{
			"name": "Box13",
			"from": [1, 6, 1],
			"to": [15, 16, 15],
			"faces": {
				"north": {"uv": [1, 3, 15, 13], "texture": "#body", "cullface": "down"},
				"east": {"uv": [1, 3, 15, 13], "texture": "#body", "cullface": "down"},
				"south": {"uv": [1, 3, 15, 13], "texture": "#body", "cullface": "down"},
				"west": {"uv": [1, 3, 15, 13], "texture": "#body", "cullface": "down"}
			}
		},
		{
			"name": "Box14",
			"from": [4.5, 7.5, 15],
			"to": [11.5, 14.5, 17],
			"rotation": {"angle": -45, "axis": "z", "origin": [8, 11, 17]},
			"faces": {
				"east": {"uv": [12, 8, 13, 11.5], "texture": "#big", "cullface": "down"},
				"south": {"uv": [12, 8, 15.5, 11.5], "texture": "#big", "cullface": "down"},
				"west": {"uv": [13, 8, 12, 11.5], "texture": "#big", "cullface": "down"},
				"up": {"uv": [12, 8, 13, 11.5], "rotation": 270, "texture": "#big", "cullface": "down"},
				"down": {"uv": [12, 11.5, 13, 8], "rotation": 90, "texture": "#big", "cullface": "down"}
			}
		},
		{
			"name": "Box9",
			"from": [14, 2, 14],
			"to": [18, 16, 18],
			"faces": {
				"north": {"uv": [13, 0, 15, 7], "texture": "#big", "cullface": "down"},
				"east": {"uv": [13, 0, 15, 7], "texture": "#big", "cullface": "down"},
				"south": {"uv": [13, 0, 15, 7], "texture": "#big", "cullface": "down"},
				"west": {"uv": [13, 0, 15, 7], "texture": "#big", "cullface": "down"}
			}
		},
		{
			"name": "Box9",
			"from": [14, 2, -2],
			"to": [18, 16, 2],
			"faces": {
				"north": {"uv": [13, 0, 15, 7], "texture": "#big", "cullface": "down"},
				"east": {"uv": [13, 0, 15, 7], "texture": "#big", "cullface": "down"},
				"south": {"uv": [13, 0, 15, 7], "texture": "#big", "cullface": "down"},
				"west": {"uv": [13, 0, 15, 7], "texture": "#big", "cullface": "down"}
			}
		},
		{
			"name": "Box9",
			"from": [-2, 2, -2],
			"to": [2, 16, 2],
			"faces": {
				"north": {"uv": [13, 0, 15, 7], "texture": "#big", "cullface": "down"},
				"east": {"uv": [13, 0, 15, 7], "texture": "#big", "cullface": "down"},
				"south": {"uv": [13, 0, 15, 7], "texture": "#big", "cullface": "down"},
				"west": {"uv": [13, 0, 15, 7], "texture": "#big", "cullface": "down"}
			}
		},
		{
			"name": "Box14",
			"from": [15, 7.5, 4.5],
			"to": [17, 14.5, 11.5],
			"rotation": {"angle": -45, "axis": "x", "origin": [17, 11, 8]},
			"faces": {
				"north": {"uv": [12, 8, 13, 11.5], "texture": "#big", "cullface": "down"},
				"east": {"uv": [12, 8, 15.5, 11.5], "texture": "#big", "cullface": "down"},
				"south": {"uv": [13, 8, 12, 11.5], "texture": "#big", "cullface": "down"},
				"up": {"uv": [12, 8, 13, 11.5], "rotation": 180, "texture": "#big", "cullface": "down"},
				"down": {"uv": [12, 11.5, 13, 8], "rotation": 180, "texture": "#big", "cullface": "down"}
			}
		},
		{
			"name": "Box14",
			"from": [4.5, 7.5, -1],
			"to": [11.5, 14.5, 1],
			"rotation": {"angle": 45, "axis": "z", "origin": [8, 11, -1]},
			"faces": {
				"north": {"uv": [12, 8, 15.5, 11.5], "texture": "#big", "cullface": "down"},
				"east": {"uv": [13, 8, 12, 11.5], "texture": "#big", "cullface": "down"},
				"west": {"uv": [12, 8, 13, 11.5], "texture": "#big", "cullface": "down"},
				"up": {"uv": [12, 8, 13, 11.5], "rotation": 90, "texture": "#big", "cullface": "down"},
				"down": {"uv": [12, 11.5, 13, 8], "rotation": 270, "texture": "#big", "cullface": "down"}
			}
		},
		{
			"name": "Box14",
			"from": [-1, 7.5, 4.5],
			"to": [1, 14.5, 11.5],
			"rotation": {"angle": 45, "axis": "x", "origin": [-1, 11, 8]},
			"faces": {
				"north": {"uv": [13, 8, 12, 11.5], "texture": "#big", "cullface": "down"},
				"south": {"uv": [12, 8, 13, 11.5], "texture": "#big", "cullface": "down"},
				"west": {"uv": [12, 8, 15.5, 11.5], "texture": "#big", "cullface": "down"},
				"up": {"uv": [12, 8, 13, 11.5], "texture": "#big", "cullface": "down"},
				"down": {"uv": [12, 11.5, 13, 8], "texture": "#big", "cullface": "down"}
			}
		},
		{
			"name": "Box5",
			"from": [-4, 20, -4],
			"to": [20, 21, 20],
			"faces": {
				"north": {"uv": [0, 12, 12, 12.5], "texture": "#big", "cullface": "down"},
				"east": {"uv": [0, 12, 12, 12.5], "texture": "#big", "cullface": "down"},
				"south": {"uv": [0, 12, 12, 12.5], "texture": "#big", "cullface": "down"},
				"west": {"uv": [0, 12, 12, 12.5], "texture": "#big", "cullface": "down"},
				"up": {"uv": [0, 0, 12, 12], "texture": "#big", "cullface": "down"},
				"down": {"uv": [0, 0, 12, 12], "texture": "#big", "cullface": "down"}
			}
		},
		{
			"name": "Box5",
			"from": [-3, 21, -3],
			"to": [19, 23, 19],
			"faces": {
				"north": {"uv": [0.5, 12.5, 11.5, 13.5], "texture": "#big", "cullface": "down"},
				"east": {"uv": [0.5, 12.5, 11.5, 13.5], "texture": "#big", "cullface": "down"},
				"south": {"uv": [0.5, 12.5, 11.5, 13.5], "texture": "#big", "cullface": "down"},
				"west": {"uv": [0.5, 12.5, 11.5, 13.5], "texture": "#big", "cullface": "down"}
			}
		},
		{
			"name": "Box5",
			"from": [-4, 23, -4],
			"to": [20, 24.125, 20],
			"faces": {
				"north": {"uv": [0, 12, 12, 12.5], "texture": "#big", "cullface": "down"},
				"east": {"uv": [0, 12, 12, 12.5], "texture": "#big", "cullface": "down"},
				"south": {"uv": [0, 12, 12, 12.5], "texture": "#big", "cullface": "down"},
				"west": {"uv": [0, 12, 12, 12.5], "texture": "#big", "cullface": "down"},
				"up": {"uv": [0, 0, 12, 12], "texture": "#big", "cullface": "down"},
				"down": {"uv": [0, 0, 12, 12], "texture": "#big", "cullface": "down"}
			}
		},
		{
			"name": "Box5",
			"from": [-3, 4, -3],
			"to": [19, 5, 19],
			"faces": {
				"north": {"uv": [0.5, 12.5, 11.5, 13], "texture": "#big", "cullface": "down"},
				"east": {"uv": [0.5, 12.5, 11.5, 13], "texture": "#big", "cullface": "down"},
				"south": {"uv": [0.5, 12.5, 11.5, 13], "texture": "#big", "cullface": "down"},
				"west": {"uv": [0.5, 12.5, 11.5, 13], "texture": "#big", "cullface": "down"},
				"up": {"uv": [0.5, 0.5, 11.5, 11.5], "texture": "#big", "cullface": "down"},
				"down": {"uv": [0.5, 0.5, 11.5, 11.5], "texture": "#big", "cullface": "down"}
			}
		},
		{
			"name": "Box5",
			"from": [-4, 5, -4],
			"to": [20, 6, 20],
			"faces": {
				"north": {"uv": [0, 12, 12, 12.5], "texture": "#big", "cullface": "down"},
				"east": {"uv": [0, 12, 12, 12.5], "texture": "#big", "cullface": "down"},
				"south": {"uv": [0, 12, 12, 12.5], "texture": "#big", "cullface": "down"},
				"west": {"uv": [0, 12, 12, 12.5], "texture": "#big", "cullface": "down"},
				"up": {"uv": [0, 0, 12, 12], "texture": "#big", "cullface": "down"},
				"down": {"uv": [0, 0, 12, 12], "texture": "#big", "cullface": "down"}
			}
		}
	],
	"display": {
		"fixed": {
			"rotation": [0, 90, 0],
			"scale": [0.5, 0.5, 0.5]
		}
	}
}