{
	"__comment": "Designed by XeKr with Cubik Studio - https://cubik.studio",
	"parent": "block/block",
	"textures": {
		"particle": "#all",
		"all": "block/azalea_leaves",
		"out": "block/azalea_leaves_3d"
	},
	"elements": [ 	 
		{
			"__comment": "inner",
			"from": [ 0, 0, 0 ],
			"to": [ 16, 16, 16 ],
			"faces": {
				"down": { "uv": [ 0, 0, 16, 16 ], "texture": "#all", "cullface": "down" },
				"up": { "uv": [ 0, 0, 16, 16 ], "texture": "#all", "cullface": "up" },
				"north": { "uv": [ 0, 0, 16, 16 ], "texture": "#all", "cullface": "north" },
				"south": { "uv": [ 0, 0, 16, 16 ], "texture": "#all", "cullface": "south" },
				"west": { "uv": [ 0, 0, 16, 16 ], "texture": "#all", "cullface": "west" },
				"east": { "uv": [ 0, 0, 16, 16 ], "texture": "#all", "cullface": "east" }
			}
		},
		{
			"__comment": "up",
			"from": [ 8, 16, 0 ],
			"to": [ 8.001, 19, 16 ],
			"rotation": { "origin": [ 8, 16, 8 ], "axis": "y", "angle": 45 },
			"faces": {
				"west": { "uv": [ 0, 0, 16, 3 ], "texture": "#out", "cullface": "up" },
				"east": { "uv": [ 0, 0, 16, 3 ], "texture": "#out", "cullface": "up" }
			}
		},
		{
			"__comment": "up",
			"from": [ 0, 16, 8 ],
			"to": [ 16, 19, 8.001 ],
			"rotation": { "origin": [ 8, 16, 8 ], "axis": "y", "angle": 45 },
			"faces": {
				"north": { "uv": [ 0, 0, 16, 3 ], "texture": "#out", "cullface": "up" },
				"south": { "uv": [ 0, 0, 16, 3 ], "texture": "#out", "cullface": "up" }
			}
		},
		{
			"__comment": "down",
			"from": [ 8, -3, 0 ],
			"to": [ 8.001, 0, 16 ],
			"rotation": { "origin": [ 8, -3, 8 ], "axis": "y", "angle": 45 },
			"faces": {
				"west": { "uv": [ 0, 13, 16, 16 ], "texture": "#out", "cullface": "down" },
				"east": { "uv": [ 0, 13, 16, 16 ], "texture": "#out", "cullface": "down" }
			}
		},
		{
			"__comment": "down",
			"from": [ 0, -3, 8 ],
			"to": [ 16, 0, 8.001 ],
			"rotation": { "origin": [ 8, -3, 8 ], "axis": "y", "angle": 45 },
			"faces": {
				"north": { "uv": [ 0, 13, 16, 16 ], "texture": "#out", "cullface": "down" },
				"south": { "uv": [ 0, 13, 16, 16 ], "texture": "#out", "cullface": "down" }
			}
		},
		{
			"__comment": "sideDownS",
			"from": [ 8, -1, 16 ],
			"to": [ 8.001, 7, 20 ],
			"rotation": { "origin": [ 8, 0, 8 ], "axis": "y", "angle": -22.5 },
			"faces": {
				"west": { "uv": [ 12, 8, 16, 16 ], "texture": "#out", "cullface": "south" },
				"east": { "uv": [ 0, 8, 4, 16 ], "texture": "#out", "cullface": "south" }
			}
		},
		{
			"__comment": "sideUpS",
			"from": [ 8, 9, 16 ],
			"to": [ 8.001, 17, 20 ],
			"rotation": { "origin": [ 8, 0, 8 ], "axis": "y", "angle": 22.5 },
			"faces": {
				"west": { "uv": [ 12, 0, 16, 8 ], "texture": "#out", "cullface": "south" },
				"east": { "uv": [ 0, 0, 4, 8 ], "texture": "#out", "cullface": "south" }
			}
		},
		{
			"__comment": "sideUpN",
			"from": [ 7.999, 9, -4 ],
			"to": [ 8, 17, 0 ],
			"rotation": { "origin": [ 8, 0, 8 ], "axis": "y", "angle": 22.5 },
			"faces": {
				"west": { "uv": [ 0, 0, 4, 8 ], "texture": "#out", "cullface": "north" },
				"east": { "uv": [ 12, 0, 16, 8 ], "texture": "#out", "cullface": "north" }
			}
		},
		{
			"__comment": "sideDownN",
			"from": [ 7.999, -1, -4 ],
			"to": [ 8, 7, 0 ],
			"rotation": { "origin": [ 8, 0, 8 ], "axis": "y", "angle": -22.5 },
			"faces": {
				"west": { "uv": [ 0, 8, 4, 16 ], "texture": "#out", "cullface": "north" },
				"east": { "uv": [ 12, 8, 16, 16 ], "texture": "#out", "cullface": "north" }
			}
		},
		{
			"__comment": "sideDownE",
			"from": [ 16, -1, 7.999 ],
			"to": [ 20, 7, 8 ],
			"rotation": { "origin": [ 8, 0, 8 ], "axis": "y", "angle": -22.5 },
			"faces": {
				"north": { "uv": [ 0, 8, 4, 16 ], "texture": "#out", "cullface": "east" },
				"south": { "uv": [ 12, 8, 16, 16 ], "texture": "#out", "cullface": "east" }
			}
		},
		{
			"__comment": "sideUpE",
			"from": [ 16, 9, 7.999 ],
			"to": [ 20, 17, 8 ],
			"rotation": { "origin": [ 8, 0, 8 ], "axis": "y", "angle": 22.5 },
			"faces": {
				"north": { "uv": [ 0, 0, 4, 8 ], "texture": "#out", "cullface": "east" },
				"south": { "uv": [ 12, 0, 16, 8 ], "texture": "#out", "cullface": "east" }
			}
		},
		{
			"__comment": "sideUpW",
			"from": [ -4, 9, 8 ],
			"to": [ 0, 17, 8.001 ],
			"rotation": { "origin": [ 8, 0, 8 ], "axis": "y", "angle": 22.5 },
			"faces": {
				"north": { "uv": [ 12, 0, 16, 8 ], "texture": "#out", "cullface": "west" },
				"south": { "uv": [ 0, 0, 4, 8 ], "texture": "#out", "cullface": "west" }
			}
		},
		{
			"__comment": "sideDownW",
			"from": [ -4, -1, 8 ],
			"to": [ 0, 7, 8.001 ],
			"rotation": { "origin": [ 8, 0, 8 ], "axis": "y", "angle": -22.5 },
			"faces": {
				"north": { "uv": [ 12, 8, 16, 16 ], "texture": "#out", "cullface": "west" },
				"south": { "uv": [ 0, 8, 4, 16 ], "texture": "#out", "cullface": "west" }
			}
		},
		{
			"__comment": "flatUpS",
			"from": [ 2, 13, 16 ],
			"to": [ 10, 13.001, 21 ],
			"rotation": { "origin": [ 8, 13, 16 ], "axis": "x", "angle": 22.5 },
			"faces": {
				"down": { "uv": [ 4, 13, 12, 8 ], "texture": "#out", "cullface": "south" },
				"up": { "uv": [ 4, 3, 12, 8 ], "texture": "#out", "cullface": "south" }
			}
		},
		{
			"__comment": "flatDownS",
			"from": [ 6, 5, 16 ],
			"to": [ 14, 5.001, 21 ],
			"rotation": { "origin": [ 8, 5, 16 ], "axis": "x", "angle": 22.5 },
			"faces": {
				"down": { "uv": [ 4, 8, 12, 3 ], "texture": "#out", "cullface": "south" },
				"up": { "uv": [ 4, 8, 12, 13 ], "texture": "#out", "cullface": "south" }
			}
		},
		{
			"__comment": "flatDownN",
			"from": [ 2, 5, -5 ],
			"to": [ 10, 5.001, 0 ],
			"rotation": { "origin": [ 8, 5, 0 ], "axis": "x", "angle": -22.5 },
			"faces": {
				"down": { "uv": [ 4, 8, 12, 3 ], "texture": "#out", "cullface": "north", "rotation": 180 },
				"up": { "uv": [ 4, 8, 12, 13 ], "texture": "#out", "cullface": "north", "rotation": 180 }
			}
		},
		{
			"__comment": "flatUpN",
			"from": [ 6, 13, -5 ],
			"to": [ 14, 13.001, 0 ],
			"rotation": { "origin": [ 8, 13, 0 ], "axis": "x", "angle": -22.5 },
			"faces": {
				"down": { "uv": [ 4, 13, 12, 8 ], "texture": "#out", "cullface": "north", "rotation": 180 },
				"up": { "uv": [ 4, 3, 12, 8 ], "texture": "#out", "cullface": "north", "rotation": 180 }
			}
		},
		{
			"__comment": "flatUpW",
			"from": [ -5.0001, 13, 2 ],
			"to": [ -0.000099659, 13.001, 10 ],
			"rotation": { "origin": [ 0, 13, 8 ], "axis": "z", "angle": 22.5 },
			"faces": {
				"down": { "uv": [ 4, 13, 12, 8 ], "texture": "#out", "cullface": "west", "rotation": 270 },
				"up": { "uv": [ 4, 3, 12, 8 ], "texture": "#out", "cullface": "west", "rotation": 90 }
			}
		},
		{
			"__comment": "flatDownW",
			"from": [ -5, 5, 6 ],
			"to": [ 0, 5.001, 14 ],
			"rotation": { "origin": [ 0, 5, 8 ], "axis": "z", "angle": 22.5 },
			"faces": {
				"down": { "uv": [ 4, 8, 12, 3 ], "texture": "#out", "cullface": "west", "rotation": 270 },
				"up": { "uv": [ 4, 8, 12, 13 ], "texture": "#out", "cullface": "west", "rotation": 90 }
			}
		},
		{
			"__comment": "flatDownE",
			"from": [ 16, 5, 1.9999 ],
			"to": [ 21, 5.001, 9.9999 ],
			"rotation": { "origin": [ 16, 5, 8 ], "axis": "z", "angle": -22.5 },
			"faces": {
				"down": { "uv": [ 4, 8, 12, 3 ], "texture": "#out", "cullface": "east", "rotation": 90 },
				"up": { "uv": [ 4, 8, 12, 13 ], "texture": "#out", "cullface": "east", "rotation": 270 }
			}
		},
		{
			"__comment": "flatUpE",
			"from": [ 16, 13, 6 ],
			"to": [ 21, 13.001, 14 ],
			"rotation": { "origin": [ 16, 13, 8 ], "axis": "z", "angle": -22.5 },
			"faces": {
				"down": { "uv": [ 4, 13, 12, 8 ], "texture": "#out", "cullface": "east", "rotation": 90 },
				"up": { "uv": [ 4, 3, 12, 8 ], "texture": "#out", "cullface": "east", "rotation": 270 }
			}
		}
	]
}