{
	"credit": "Made by XeKr with Blockbench",
	"parent": "block/block",
	"textures": {
		"particle": "block/birch_planks",
		"texture": "block/birch_planks"
	},
	"elements": [
		{
			"name": "Box9",
			"from": [0, 0, 6.5],
			"to": [3, 15, 9.5],
			"faces": {
				"north": {"uv": [12, 1, 15, 16], "texture": "#texture"},
				"east": {"uv": [8, 1, 11, 16], "texture": "#texture"},
				"south": {"uv": [0, 1, 3, 16], "texture": "#texture"},
				"west": {"uv": [8, 1, 11, 16], "texture": "#texture"},
				"up": {"uv": [0, 8, 3, 11], "texture": "#texture"},
				"down": {"uv": [0, 4, 3, 7], "texture": "#texture"}
			}
		},
		{
			"name": "Box11",
			"from": [0.5, 11, 9.5],
			"to": [2.5, 14, 19.5],
			"rotation": {"angle": 0, "axis": "y", "origin": [1.5, 8, 8]},
			"faces": {
				"east": {"uv": [3, 1, 13, 4], "texture": "#texture"},
				"south": {"uv": [7, 1, 9, 4], "texture": "#texture"},
				"west": {"uv": [3, 1, 13, 4], "texture": "#texture"},
				"up": {"uv": [3, 8, 13, 10], "rotation": 90, "texture": "#texture"},
				"down": {"uv": [3, 8, 13, 10], "rotation": 270, "texture": "#texture"}
			}
		},
		{
			"name": "Box11",
			"from": [0.5, 5, 9.5],
			"to": [2.5, 8, 19.5],
			"rotation": {"angle": 0, "axis": "y", "origin": [1.5, 8, 8]},
			"faces": {
				"east": {"uv": [4, 9, 14, 12], "texture": "#texture"},
				"south": {"uv": [7, 9, 9, 12], "texture": "#texture"},
				"west": {"uv": [3, 9, 13, 12], "texture": "#texture"},
				"up": {"uv": [2, 8, 12, 10], "rotation": 90, "texture": "#texture"},
				"down": {"uv": [2, 8, 12, 10], "rotation": 270, "texture": "#texture"}
			}
		},
		{
			"name": "Box13",
			"from": [1, 2, 10.5],
			"to": [2, 15, 13.5],
			"rotation": {"angle": 0, "axis": "y", "origin": [1.5, 8, 8]},
			"faces": {
				"north": {"uv": [1, 10, 14, 11], "rotation": 90, "texture": "#texture"},
				"east": {"uv": [1, 8, 14, 11], "rotation": 90, "texture": "#texture"},
				"south": {"uv": [1, 10, 14, 11], "rotation": 90, "texture": "#texture"},
				"west": {"uv": [1, 8, 14, 11], "rotation": 90, "texture": "#texture"},
				"up": {"uv": [4, 6, 7, 7], "rotation": 90, "texture": "#texture"},
				"down": {"uv": [4, 9, 7, 10], "rotation": 270, "texture": "#texture"}
			}
		},
		{
			"name": "Box13",
			"from": [1, 2, 15.5],
			"to": [2, 15, 18.5],
			"rotation": {"angle": 0, "axis": "y", "origin": [1.5, 8, 8]},
			"faces": {
				"north": {"uv": [1, 10, 14, 11], "rotation": 90, "texture": "#texture"},
				"east": {"uv": [1, 4, 14, 7], "rotation": 90, "texture": "#texture"},
				"south": {"uv": [1, 10, 14, 11], "rotation": 90, "texture": "#texture"},
				"west": {"uv": [1, 4, 14, 7], "rotation": 90, "texture": "#texture"},
				"up": {"uv": [4, 6, 7, 7], "rotation": 90, "texture": "#texture"},
				"down": {"uv": [4, 9, 7, 10], "rotation": 270, "texture": "#texture"}
			}
		},
		{
			"name": "Box9",
			"from": [13, 0, 6.5],
			"to": [16, 15, 9.5],
			"faces": {
				"north": {"uv": [12, 1, 15, 16], "texture": "#texture"},
				"east": {"uv": [8, 1, 11, 16], "texture": "#texture"},
				"south": {"uv": [0, 1, 3, 16], "texture": "#texture"},
				"west": {"uv": [8, 1, 11, 16], "texture": "#texture"},
				"up": {"uv": [0, 8, 3, 11], "texture": "#texture"},
				"down": {"uv": [0, 4, 3, 7], "texture": "#texture"}
			}
		}
	],
	"display": {
		"gui": {
			"rotation": [30, 45, 0],
			"translation": [0, -1, 0],
			"scale": [0.8, 0.8, 0.8]
		},
		"head": {
			"translation": [0, -3, -6]
		}
	}
}