{
	"credit": "Made by XeKr with Blockbench",
	"parent": "block/cross",
	"textures": {
		"0": "block/brain_coral_3d",
		"particle": "block/brain_coral_3d"
	},
	"elements": [
		{
			"from": [1.5, 0, 2.5],
			"to": [7.5, 4, 8.5],
			"rotation": {"angle": 45, "axis": "y", "origin": [4.5, 2, 5.5]},
			"faces": {
				"north": {"uv": [0, 10, 6, 6], "texture": "#0"},
				"east": {"uv": [0, 10, 6, 6], "texture": "#0"},
				"south": {"uv": [0, 10, 6, 6], "texture": "#0"},
				"west": {"uv": [0, 10, 6, 6], "texture": "#0"},
				"up": {"uv": [6, 10, 0, 16], "texture": "#0"},
				"down": {"uv": [6, 0, 0, 6], "texture": "#0"}
			}
		},
		{
			"from": [5, 0, 4.5],
			"to": [11, 6, 10.5],
			"rotation": {"angle": 0, "axis": "y", "origin": [8, 2, 7.5]},
			"faces": {
				"north": {"uv": [0, 6, 6, 12], "texture": "#0"},
				"east": {"uv": [0, 6, 6, 12], "texture": "#0"},
				"south": {"uv": [0, 6, 6, 12], "texture": "#0"},
				"west": {"uv": [0, 6, 6, 12], "texture": "#0"},
				"up": {"uv": [0, 0, 6, 6], "rotation": 270, "texture": "#0"},
				"down": {"uv": [0, 10, 6, 16], "rotation": 90, "texture": "#0"}
			}
		},
		{
			"from": [9.5, 0, 4.5],
			"to": [14.5, 3, 9.5],
			"rotation": {"angle": -22.5, "axis": "y", "origin": [12, 1.5, 7]},
			"faces": {
				"north": {"uv": [6, 5, 11, 8], "texture": "#0"},
				"east": {"uv": [6, 5, 11, 8], "texture": "#0"},
				"south": {"uv": [6, 5, 11, 8], "texture": "#0"},
				"west": {"uv": [6, 5, 11, 8], "texture": "#0"},
				"up": {"uv": [6, 0, 11, 5], "texture": "#0"},
				"down": {"uv": [11, 0, 16, 5], "texture": "#0"}
			}
		},
		{
			"from": [4.5, 0, 11],
			"to": [8.5, 3, 15],
			"rotation": {"angle": 22.5, "axis": "y", "origin": [6.5, 1.5, 13]},
			"faces": {
				"north": {"uv": [6, 13, 10, 16], "texture": "#0"},
				"east": {"uv": [6, 13, 10, 16], "texture": "#0"},
				"south": {"uv": [6, 13, 10, 16], "texture": "#0"},
				"west": {"uv": [6, 13, 10, 16], "texture": "#0"},
				"up": {"uv": [6, 9, 10, 13], "texture": "#0"},
				"down": {"uv": [10, 9, 14, 13], "texture": "#0"}
			}
		},
		{
			"from": [6.5, 0, 1],
			"to": [10.5, 2, 5],
			"rotation": {"angle": -22.5, "axis": "y", "origin": [8.5, 1.5, 3]},
			"faces": {
				"north": {"uv": [6, 13, 10, 15], "texture": "#0"},
				"east": {"uv": [6, 13, 10, 15], "texture": "#0"},
				"south": {"uv": [6, 13, 10, 15], "texture": "#0"},
				"west": {"uv": [6, 13, 10, 15], "texture": "#0"},
				"up": {"uv": [10, 9, 14, 13], "rotation": 270, "texture": "#0"},
				"down": {"uv": [6, 9, 10, 13], "rotation": 90, "texture": "#0"}
			}
		},
		{
			"from": [1.5, 0, 8.5],
			"to": [4.5, 2, 11.5],
			"rotation": {"angle": -22.5, "axis": "y", "origin": [3.5, 1.5, 10.5]},
			"faces": {
				"north": {"uv": [7, 5, 10, 7], "texture": "#0"},
				"east": {"uv": [7, 5, 10, 7], "texture": "#0"},
				"south": {"uv": [7, 5, 10, 7], "texture": "#0"},
				"west": {"uv": [7, 5, 10, 7], "texture": "#0"},
				"up": {"uv": [12, 1, 15, 4], "texture": "#0"},
				"down": {"uv": [12, 1, 15, 4], "texture": "#0"}
			}
		},
		{
			"from": [8.5, 0, 12.5],
			"to": [11.5, 2, 15.5],
			"rotation": {"angle": 0, "axis": "y", "origin": [10.5, 1.5, 14.5]},
			"faces": {
				"north": {"uv": [1, 6, 4, 8], "texture": "#0"},
				"east": {"uv": [1, 6, 4, 8], "texture": "#0"},
				"south": {"uv": [1, 6, 4, 8], "texture": "#0"},
				"west": {"uv": [1, 6, 4, 8], "texture": "#0"},
				"up": {"uv": [2, 1, 5, 4], "texture": "#0"},
				"down": {"uv": [2, 1, 5, 4], "texture": "#0"}
			}
		},
		{
			"from": [10, 0, 8.5],
			"to": [13, 8, 11.5],
			"rotation": {"angle": 22.5, "axis": "x", "origin": [11, 0, 10.5]},
			"faces": {
				"north": {"uv": [6, 6, 3, 14], "texture": "#0"},
				"east": {"uv": [3, 6, 6, 14], "texture": "#0"},
				"south": {"uv": [6, 6, 3, 14], "texture": "#0"},
				"west": {"uv": [3, 6, 6, 14], "texture": "#0"},
				"up": {"uv": [0, 9, 3, 12], "texture": "#0"},
				"down": {"uv": [0, 9, 3, 12], "texture": "#0"}
			}
		},
		{
			"from": [10.5, 0, 7.5],
			"to": [12.5, 9, 9.5],
			"rotation": {"angle": -22.5, "axis": "z", "origin": [11.5, 0, 8.5]},
			"faces": {
				"north": {"uv": [14, 7, 16, 16], "texture": "#0"},
				"east": {"uv": [14, 7, 16, 16], "texture": "#0"},
				"south": {"uv": [14, 7, 16, 16], "texture": "#0"},
				"west": {"uv": [14, 7, 16, 16], "texture": "#0"},
				"up": {"uv": [14, 5, 16, 7], "texture": "#0"},
				"down": {"uv": [14, 14, 16, 16], "texture": "#0"}
			}
		},
		{
			"from": [10.5, 0, 8.5],
			"to": [12.5, 7, 10.5],
			"rotation": {"angle": 0, "axis": "x", "origin": [11.5, 0, 9.5]},
			"faces": {
				"north": {"uv": [14, 9, 16, 16], "texture": "#0"},
				"east": {"uv": [14, 9, 16, 16], "texture": "#0"},
				"south": {"uv": [14, 9, 16, 16], "texture": "#0"},
				"west": {"uv": [14, 9, 16, 16], "texture": "#0"},
				"up": {"uv": [14, 5, 16, 7], "texture": "#0"},
				"down": {"uv": [14, 14, 16, 16], "texture": "#0"}
			}
		},
		{
			"from": [9.5, 0, 9.5],
			"to": [11.5, 11, 11.5],
			"rotation": {"angle": 22.5, "axis": "z", "origin": [10.5, 0, 10.5]},
			"faces": {
				"north": {"uv": [14, 5, 16, 16], "texture": "#0"},
				"east": {"uv": [14, 5, 16, 16], "texture": "#0"},
				"south": {"uv": [14, 5, 16, 16], "texture": "#0"},
				"west": {"uv": [14, 5, 16, 16], "texture": "#0"},
				"up": {"uv": [14, 5, 16, 7], "texture": "#0"},
				"down": {"uv": [14, 14, 16, 16], "texture": "#0"}
			}
		},
		{
			"from": [7, 0, 2],
			"to": [8, 9, 3],
			"rotation": {"angle": 22.5, "axis": "z", "origin": [7.5, 0, 2.5]},
			"faces": {
				"north": {"uv": [15, 5, 16, 14], "texture": "#0"},
				"east": {"uv": [15, 5, 16, 14], "texture": "#0"},
				"south": {"uv": [15, 5, 16, 14], "texture": "#0"},
				"west": {"uv": [15, 5, 16, 14], "texture": "#0"},
				"up": {"uv": [0, 0, 1, 1], "texture": "#0"},
				"down": {"uv": [0, 0, 1, 1], "texture": "#0"}
			}
		},
		{
			"from": [7, 0, 3],
			"to": [8, 7, 4],
			"rotation": {"angle": -22.5, "axis": "x", "origin": [7.5, 0, 3.5]},
			"faces": {
				"north": {"uv": [15, 7, 16, 14], "texture": "#0"},
				"east": {"uv": [15, 7, 16, 14], "texture": "#0"},
				"south": {"uv": [15, 7, 16, 14], "texture": "#0"},
				"west": {"uv": [15, 7, 16, 14], "texture": "#0"},
				"up": {"uv": [0, 0, 1, 1], "texture": "#0"},
				"down": {"uv": [0, 0, 1, 1], "texture": "#0"}
			}
		},
		{
			"from": [6, 0, 3],
			"to": [7, 9, 4],
			"rotation": {"angle": -22.5, "axis": "z", "origin": [6.5, 0, 3.5]},
			"faces": {
				"north": {"uv": [15, 5, 16, 14], "texture": "#0"},
				"east": {"uv": [15, 5, 16, 14], "texture": "#0"},
				"south": {"uv": [15, 5, 16, 14], "texture": "#0"},
				"west": {"uv": [15, 5, 16, 14], "texture": "#0"},
				"up": {"uv": [0, 0, 1, 1], "texture": "#0"},
				"down": {"uv": [0, 0, 1, 1], "texture": "#0"}
			}
		}
	]
}