{
	"credit": "Made by XeKr with Blockbench",
	"parent": "block/cross",
	"textures": {
		"0": "block/brain_coral_3d",
		"particle": "block/brain_coral_3d"
	},
	"elements": [
		{
			"from": [1, 4, 12],
			"to": [7, 10, 16],
			"rotation": {"angle": 22.5, "axis": "z", "origin": [4, 7, 14]},
			"faces": {
				"north": {"uv": [0, 0, 6, 6], "texture": "#0"},
				"east": {"uv": [0, 6, 6, 10], "rotation": 90, "texture": "#0"},
				"south": {"uv": [0, 10, 6, 16], "texture": "#0"},
				"west": {"uv": [0, 6, 6, 10], "rotation": 270, "texture": "#0"},
				"up": {"uv": [0, 6, 6, 10], "texture": "#0"},
				"down": {"uv": [0, 6, 6, 10], "rotation": 180, "texture": "#0"}
			}
		},
		{
			"from": [11, 6, 13],
			"to": [15, 10, 16],
			"rotation": {"angle": 45, "axis": "z", "origin": [13, 8, 14.5]},
			"faces": {
				"north": {"uv": [10, 9, 14, 13], "texture": "#0"},
				"east": {"uv": [6, 13, 10, 16], "rotation": 90, "texture": "#0"},
				"south": {"uv": [6, 9, 10, 13], "texture": "#0"},
				"west": {"uv": [6, 13, 10, 16], "rotation": 270, "texture": "#0"},
				"up": {"uv": [6, 13, 10, 16], "texture": "#0"},
				"down": {"uv": [6, 13, 10, 16], "rotation": 180, "texture": "#0"}
			}
		},
		{
			"from": [11, 3, 14],
			"to": [15, 7, 16],
			"rotation": {"angle": 22.5, "axis": "z", "origin": [13, 5, 14.5]},
			"faces": {
				"north": {"uv": [6, 9, 10, 13], "texture": "#0"},
				"east": {"uv": [6, 14, 10, 16], "rotation": 90, "texture": "#0"},
				"south": {"uv": [10, 9, 14, 13], "texture": "#0"},
				"west": {"uv": [6, 14, 10, 16], "rotation": 270, "texture": "#0"},
				"up": {"uv": [6, 14, 10, 16], "texture": "#0"},
				"down": {"uv": [6, 14, 10, 16], "rotation": 180, "texture": "#0"}
			}
		},
		{
			"from": [7, 5, 11],
			"to": [12, 10, 16],
			"rotation": {"angle": -22.5, "axis": "z", "origin": [9.5, 7.5, 13.5]},
			"faces": {
				"north": {"uv": [6, 2, 11, 7], "texture": "#0"},
				"east": {"uv": [6, 2, 11, 7], "rotation": 90, "texture": "#0"},
				"south": {"uv": [6, 0, 11, 5], "texture": "#0"},
				"west": {"uv": [6, 2, 11, 7], "rotation": 270, "texture": "#0"},
				"up": {"uv": [11, 2, 6, 7], "texture": "#0"},
				"down": {"uv": [11, 2, 6, 7], "rotation": 180, "texture": "#0"}
			}
		},
		{
			"from": [6, 8, 15],
			"to": [8, 14, 17],
			"rotation": {"angle": -22.5, "axis": "x", "origin": [7, 8, 16]},
			"faces": {
				"north": {"uv": [14, 5, 16, 11], "rotation": 180, "texture": "#0"},
				"east": {"uv": [14, 5, 16, 11], "texture": "#0"},
				"south": {"uv": [14, 5, 16, 11], "texture": "#0"},
				"west": {"uv": [14, 5, 16, 11], "rotation": 180, "texture": "#0"},
				"up": {"uv": [14, 5, 16, 7], "rotation": 180, "texture": "#0"},
				"down": {"uv": [14, 14, 16, 16], "texture": "#0"}
			}
		},
		{
			"from": [8, 8, 16],
			"to": [9, 14, 17],
			"rotation": {"angle": -45, "axis": "x", "origin": [8.5, 8, 16.5]},
			"faces": {
				"north": {"uv": [15, 5, 16, 11], "rotation": 180, "texture": "#0"},
				"east": {"uv": [15, 5, 16, 11], "texture": "#0"},
				"south": {"uv": [15, 5, 16, 11], "texture": "#0"},
				"west": {"uv": [15, 5, 16, 11], "rotation": 180, "texture": "#0"},
				"up": {"uv": [15, 5, 16, 6], "rotation": 180, "texture": "#0"},
				"down": {"uv": [15, 15, 16, 16], "texture": "#0"}
			}
		},
		{
			"from": [8, 8, 14],
			"to": [9, 14, 15],
			"rotation": {"angle": -22.5, "axis": "z", "origin": [8.5, 8, 14.5]},
			"faces": {
				"north": {"uv": [15, 5, 16, 11], "rotation": 180, "texture": "#0"},
				"east": {"uv": [15, 5, 16, 11], "texture": "#0"},
				"south": {"uv": [15, 5, 16, 11], "texture": "#0"},
				"west": {"uv": [15, 5, 16, 11], "rotation": 180, "texture": "#0"},
				"up": {"uv": [15, 5, 16, 6], "rotation": 180, "texture": "#0"},
				"down": {"uv": [15, 15, 16, 16], "texture": "#0"}
			}
		},
		{
			"from": [4.5, 8, 14],
			"to": [5.5, 14, 15],
			"rotation": {"angle": 45, "axis": "z", "origin": [5, 8, 14.5]},
			"faces": {
				"north": {"uv": [15, 5, 16, 11], "rotation": 180, "texture": "#0"},
				"east": {"uv": [15, 5, 16, 11], "texture": "#0"},
				"south": {"uv": [15, 5, 16, 11], "texture": "#0"},
				"west": {"uv": [15, 5, 16, 11], "rotation": 180, "texture": "#0"},
				"up": {"uv": [15, 5, 16, 6], "rotation": 180, "texture": "#0"},
				"down": {"uv": [15, 15, 16, 16], "texture": "#0"}
			}
		},
		{
			"from": [4.5, 7, 13.5],
			"to": [5.5, 13, 14.5],
			"rotation": {"angle": 22.5, "axis": "z", "origin": [5, 7, 14]},
			"faces": {
				"north": {"uv": [15, 5, 16, 11], "rotation": 180, "texture": "#0"},
				"east": {"uv": [15, 5, 16, 11], "texture": "#0"},
				"south": {"uv": [15, 5, 16, 11], "texture": "#0"},
				"west": {"uv": [15, 5, 16, 11], "rotation": 180, "texture": "#0"},
				"up": {"uv": [15, 5, 16, 6], "rotation": 180, "texture": "#0"},
				"down": {"uv": [15, 15, 16, 16], "texture": "#0"}
			}
		},
		{
			"from": [5, 7, 6],
			"to": [7, 9, 16],
			"rotation": {"angle": 22.5, "axis": "x", "origin": [6, 8, 16]},
			"faces": {
				"north": {"uv": [14, 5, 16, 7], "texture": "#0"},
				"east": {"uv": [14, 5, 16, 15], "rotation": 90, "texture": "#0"},
				"south": {"uv": [14, 14, 16, 16], "texture": "#0"},
				"west": {"uv": [14, 5, 16, 15], "rotation": 90, "texture": "#0"},
				"up": {"uv": [14, 5, 16, 15], "texture": "#0"},
				"down": {"uv": [14, 5, 16, 15], "texture": "#0"}
			}
		},
		{
			"from": [7, 4, 10],
			"to": [9, 6, 16],
			"rotation": {"angle": 45, "axis": "z", "origin": [8, 5, 16]},
			"faces": {
				"north": {"uv": [14, 5, 16, 7], "texture": "#0"},
				"east": {"uv": [14, 5, 16, 11], "rotation": 90, "texture": "#0"},
				"south": {"uv": [14, 14, 16, 16], "texture": "#0"},
				"west": {"uv": [14, 5, 16, 11], "rotation": 90, "texture": "#0"},
				"up": {"uv": [14, 5, 16, 11], "texture": "#0"},
				"down": {"uv": [14, 5, 16, 11], "texture": "#0"}
			}
		},
		{
			"from": [6, 3, 7],
			"to": [8, 5, 16],
			"rotation": {"angle": 22.5, "axis": "y", "origin": [7, 4, 16]},
			"faces": {
				"north": {"uv": [14, 5, 16, 7], "texture": "#0"},
				"east": {"uv": [14, 5, 16, 14], "rotation": 90, "texture": "#0"},
				"south": {"uv": [14, 14, 16, 16], "texture": "#0"},
				"west": {"uv": [14, 5, 16, 14], "rotation": 90, "texture": "#0"},
				"up": {"uv": [14, 5, 16, 14], "texture": "#0"},
				"down": {"uv": [14, 5, 16, 14], "texture": "#0"}
			}
		},
		{
			"from": [7, 2, 8],
			"to": [9, 4, 16],
			"rotation": {"angle": -22.5, "axis": "y", "origin": [8, 3, 16]},
			"faces": {
				"north": {"uv": [14, 5, 16, 7], "texture": "#0"},
				"east": {"uv": [14, 5, 16, 13], "rotation": 90, "texture": "#0"},
				"south": {"uv": [14, 14, 16, 16], "texture": "#0"},
				"west": {"uv": [14, 5, 16, 13], "rotation": 90, "texture": "#0"},
				"up": {"uv": [14, 5, 16, 13], "texture": "#0"},
				"down": {"uv": [14, 5, 16, 13], "texture": "#0"}
			}
		}
	]
}