{
	"credit": "Made by XeKr with Blockbench",
	"parent": "block/cross",
	"textures": {
		"0": "block/brain_coral_3d",
		"particle": "block/brain_coral_3d"
	},
	"elements": [
		{
			"from": [1, 0, 1],
			"to": [7, 1.125, 7],
			"rotation": {"angle": 22.5, "axis": "y", "origin": [4, 0.5, 4]},
			"faces": {
				"north": {"uv": [0, 7, 6, 8], "texture": "#0"},
				"east": {"uv": [0, 7, 6, 8], "texture": "#0"},
				"south": {"uv": [0, 7, 6, 8], "texture": "#0"},
				"west": {"uv": [0, 7, 6, 8], "texture": "#0"},
				"up": {"uv": [0, 0, 6, 6], "texture": "#0"},
				"down": {"uv": [0, 10, 6, 16], "texture": "#0"}
			}
		},
		{
			"from": [3, 0, 9],
			"to": [9, 1.125, 15],
			"rotation": {"angle": -22.5, "axis": "y", "origin": [6, 0.5, 12]},
			"faces": {
				"north": {"uv": [6, 9, 0, 10], "texture": "#0"},
				"east": {"uv": [6, 9, 0, 10], "texture": "#0"},
				"south": {"uv": [6, 9, 0, 10], "texture": "#0"},
				"west": {"uv": [6, 9, 0, 10], "texture": "#0"},
				"up": {"uv": [0, 10, 6, 16], "texture": "#0"},
				"down": {"uv": [6, 0, 0, 6], "texture": "#0"}
			}
		},
		{
			"from": [10, 0, 2],
			"to": [15, 1.125, 7],
			"rotation": {"angle": 45, "axis": "y", "origin": [13, 0.5, 5]},
			"faces": {
				"north": {"uv": [6, 5, 11, 6], "texture": "#0"},
				"east": {"uv": [6, 5, 11, 6], "texture": "#0"},
				"south": {"uv": [6, 5, 11, 6], "texture": "#0"},
				"west": {"uv": [6, 5, 11, 6], "texture": "#0"},
				"up": {"uv": [6, 0, 11, 5], "texture": "#0"},
				"down": {"uv": [16, 0, 11, 5], "texture": "#0"}
			}
		},
		{
			"from": [1, 0, 6],
			"to": [6, 2, 11],
			"rotation": {"angle": 0, "axis": "y", "origin": [4, 0.5, 8]},
			"faces": {
				"north": {"uv": [6, 4, 11, 6], "texture": "#0"},
				"east": {"uv": [6, 4, 11, 6], "texture": "#0"},
				"south": {"uv": [6, 4, 11, 6], "texture": "#0"},
				"west": {"uv": [6, 4, 11, 6], "texture": "#0"},
				"up": {"uv": [6, 0, 11, 5], "rotation": 270, "texture": "#0"},
				"down": {"uv": [16, 0, 11, 5], "rotation": 90, "texture": "#0"}
			}
		},
		{
			"from": [11.75, 0, 10.75],
			"to": [15.75, 3, 14.75],
			"rotation": {"angle": 45, "axis": "y", "origin": [13.75, 0.5, 13.75]},
			"faces": {
				"north": {"uv": [6, 13, 10, 16], "texture": "#0"},
				"east": {"uv": [6, 13, 10, 16], "texture": "#0"},
				"south": {"uv": [6, 13, 10, 16], "texture": "#0"},
				"west": {"uv": [6, 13, 10, 16], "texture": "#0"},
				"up": {"uv": [6, 9, 10, 13], "texture": "#0"},
				"down": {"uv": [14, 9, 10, 13], "texture": "#0"}
			}
		},
		{
			"from": [8, 0, 2],
			"to": [11, 2, 5],
			"rotation": {"angle": -22.5, "axis": "y", "origin": [11, 0.5, 4]},
			"faces": {
				"north": {"uv": [3, 8, 6, 10], "texture": "#0"},
				"east": {"uv": [3, 8, 6, 10], "texture": "#0"},
				"south": {"uv": [3, 8, 6, 10], "texture": "#0"},
				"west": {"uv": [3, 8, 6, 10], "texture": "#0"},
				"up": {"uv": [0, 6, 3, 9], "rotation": 270, "texture": "#0"},
				"down": {"uv": [6, 7, 3, 10], "rotation": 90, "texture": "#0"}
			}
		},
		{
			"from": [13, 0, 9],
			"to": [16, 2, 12],
			"rotation": {"angle": 22.5, "axis": "y", "origin": [14, 0.5, 12]},
			"faces": {
				"north": {"uv": [3, 8, 6, 10], "texture": "#0"},
				"east": {"uv": [3, 8, 6, 10], "texture": "#0"},
				"south": {"uv": [3, 8, 6, 10], "texture": "#0"},
				"west": {"uv": [3, 8, 6, 10], "texture": "#0"},
				"up": {"uv": [0, 6, 3, 9], "texture": "#0"},
				"down": {"uv": [6, 7, 3, 10], "texture": "#0"}
			}
		},
		{
			"from": [7, 0, 6],
			"to": [10, 0.625, 9],
			"rotation": {"angle": 22.5, "axis": "y", "origin": [8, 0.5, 9]},
			"faces": {
				"north": {"uv": [3, 8, 6, 9], "texture": "#0"},
				"east": {"uv": [3, 8, 6, 9], "texture": "#0"},
				"south": {"uv": [3, 8, 6, 9], "texture": "#0"},
				"west": {"uv": [3, 8, 6, 9], "texture": "#0"},
				"up": {"uv": [0, 6, 3, 9], "texture": "#0"},
				"down": {"uv": [6, 7, 3, 10], "texture": "#0"}
			}
		},
		{
			"from": [9, 0, 8],
			"to": [12, 0.625, 11],
			"rotation": {"angle": -22.5, "axis": "y", "origin": [10, 0.5, 11]},
			"faces": {
				"north": {"uv": [3, 8, 6, 9], "texture": "#0"},
				"east": {"uv": [3, 8, 6, 9], "texture": "#0"},
				"south": {"uv": [3, 8, 6, 9], "texture": "#0"},
				"west": {"uv": [3, 8, 6, 9], "texture": "#0"},
				"up": {"uv": [0, 6, 3, 9], "texture": "#0"},
				"down": {"uv": [6, 7, 3, 10], "texture": "#0"}
			}
		},
		{
			"from": [1.5, 0, 12.5],
			"to": [4.5, 2, 15.5],
			"rotation": {"angle": 22.5, "axis": "y", "origin": [2.5, 0.5, 15.5]},
			"faces": {
				"north": {"uv": [3, 8, 6, 10], "texture": "#0"},
				"east": {"uv": [3, 8, 6, 10], "texture": "#0"},
				"south": {"uv": [3, 8, 6, 10], "texture": "#0"},
				"west": {"uv": [3, 8, 6, 10], "texture": "#0"},
				"up": {"uv": [0, 6, 3, 9], "texture": "#0"},
				"down": {"uv": [6, 7, 3, 10], "texture": "#0"}
			}
		},
		{
			"from": [12.5, 0, 1.5],
			"to": [15.5, 4, 4.5],
			"rotation": {"angle": 0, "axis": "y", "origin": [13.5, 0.5, 4.5]},
			"faces": {
				"north": {"uv": [3, 8, 6, 12], "texture": "#0"},
				"east": {"uv": [3, 8, 6, 12], "texture": "#0"},
				"south": {"uv": [3, 8, 6, 12], "texture": "#0"},
				"west": {"uv": [3, 8, 6, 12], "texture": "#0"},
				"up": {"uv": [0, 6, 3, 9], "texture": "#0"},
				"down": {"uv": [6, 7, 3, 10], "texture": "#0"}
			}
		},
		{
			"from": [8, 0, 13],
			"to": [10, 5, 15],
			"rotation": {"angle": 22.5, "axis": "z", "origin": [9, 0, 14]},
			"faces": {
				"north": {"uv": [14, 9, 16, 14], "texture": "#0"},
				"east": {"uv": [14, 9, 16, 14], "texture": "#0"},
				"south": {"uv": [14, 9, 16, 14], "texture": "#0"},
				"west": {"uv": [14, 9, 16, 14], "texture": "#0"},
				"up": {"uv": [14, 5, 16, 7], "texture": "#0"},
				"down": {"uv": [14, 14, 16, 16], "texture": "#0"}
			}
		},
		{
			"from": [9, 0, 13],
			"to": [11, 4, 15],
			"rotation": {"angle": -22.5, "axis": "y", "origin": [10, 0, 14]},
			"faces": {
				"north": {"uv": [14, 10, 16, 14], "texture": "#0"},
				"east": {"uv": [14, 10, 16, 14], "texture": "#0"},
				"south": {"uv": [14, 10, 16, 14], "texture": "#0"},
				"west": {"uv": [14, 10, 16, 14], "texture": "#0"},
				"up": {"uv": [14, 5, 16, 7], "texture": "#0"},
				"down": {"uv": [14, 14, 16, 16], "texture": "#0"}
			}
		},
		{
			"from": [5, 0, 3],
			"to": [6, 4, 4],
			"rotation": {"angle": -22.5, "axis": "y", "origin": [6, 0, 4]},
			"faces": {
				"north": {"uv": [15, 10, 16, 14], "texture": "#0"},
				"east": {"uv": [15, 10, 16, 14], "texture": "#0"},
				"south": {"uv": [15, 10, 16, 14], "texture": "#0"},
				"west": {"uv": [15, 10, 16, 14], "texture": "#0"},
				"up": {"uv": [14, 6, 15, 7], "texture": "#0"},
				"down": {"uv": [14, 15, 15, 16], "texture": "#0"}
			}
		},
		{
			"from": [5, 0.5, 2],
			"to": [6, 5.5, 3],
			"rotation": {"angle": -22.5, "axis": "x", "origin": [6, 0.5, 3]},
			"faces": {
				"north": {"uv": [15, 9, 16, 14], "texture": "#0"},
				"east": {"uv": [15, 9, 16, 14], "texture": "#0"},
				"south": {"uv": [15, 9, 16, 14], "texture": "#0"},
				"west": {"uv": [15, 9, 16, 14], "texture": "#0"},
				"up": {"uv": [14, 6, 15, 7], "texture": "#0"},
				"down": {"uv": [14, 15, 15, 16], "texture": "#0"}
			}
		},
		{
			"from": [6, -0.125, 2],
			"to": [7, 5.875, 3],
			"rotation": {"angle": -22.5, "axis": "z", "origin": [7, -0.125, 3]},
			"faces": {
				"north": {"uv": [15, 8, 16, 14], "texture": "#0"},
				"east": {"uv": [15, 8, 16, 14], "texture": "#0"},
				"south": {"uv": [15, 8, 16, 14], "texture": "#0"},
				"west": {"uv": [15, 8, 16, 14], "texture": "#0"},
				"up": {"uv": [14, 6, 15, 7], "texture": "#0"},
				"down": {"uv": [14, 15, 15, 16], "texture": "#0"}
			}
		}
	]
}