{
	"credit": "Made by XeKr with Blockbench",
	"parent": "block/cross",
	"textures": {
		"0": "block/bubble_coral_3d",
		"particle": "block/bubble_coral_3d"
	},
	"elements": [
		{
			"from": [2.375, 0, 2.875],
			"to": [6.375, 1.125, 6.875],
			"rotation": {"angle": -22.5, "axis": "y", "origin": [4.375, 0, 4.875]},
			"faces": {
				"north": {"uv": [0, 0, 4, 1], "texture": "#0"},
				"east": {"uv": [0, 0, 4, 1], "texture": "#0"},
				"south": {"uv": [0, 0, 4, 1], "texture": "#0"},
				"west": {"uv": [0, 0, 4, 1], "texture": "#0"},
				"up": {"uv": [0, 0, 4, 4], "texture": "#0"},
				"down": {"uv": [0, 0, 4, 4], "texture": "#0"}
			}
		},
		{
			"from": [2.375, 0.875, 2.875],
			"to": [6.375, 0.875, 6.875],
			"rotation": {"angle": -22.5, "axis": "y", "origin": [4.375, 0, 4.875]},
			"faces": {
				"up": {"uv": [8, 12, 12, 16], "texture": "#0"}
			}
		},
		{
			"from": [9, 0, 9],
			"to": [13, 1.125, 13],
			"rotation": {"angle": 22.5, "axis": "y", "origin": [11, 0, 11]},
			"faces": {
				"north": {"uv": [4, 0, 8, 1], "texture": "#0"},
				"east": {"uv": [4, 0, 8, 1], "texture": "#0"},
				"south": {"uv": [4, 0, 8, 1], "texture": "#0"},
				"west": {"uv": [4, 0, 8, 1], "texture": "#0"},
				"up": {"uv": [4, 0, 8, 4], "texture": "#0"},
				"down": {"uv": [4, 0, 8, 4], "texture": "#0"}
			}
		},
		{
			"from": [9, 0.875, 9],
			"to": [13, 0.875, 13],
			"rotation": {"angle": 22.5, "axis": "y", "origin": [11, 0, 11]},
			"faces": {
				"up": {"uv": [8, 12, 12, 16], "texture": "#0"}
			}
		},
		{
			"from": [6, -1, 1],
			"to": [10, 1, 5],
			"rotation": {"angle": 22.5, "axis": "x", "origin": [8, 0, 3]},
			"faces": {
				"north": {"uv": [8, 0, 12, 1], "texture": "#0"},
				"east": {"uv": [8, 0, 12, 1], "texture": "#0"},
				"south": {"uv": [8, 0, 12, 1], "texture": "#0"},
				"west": {"uv": [8, 0, 12, 1], "texture": "#0"},
				"up": {"uv": [8, 0, 12, 4], "texture": "#0"},
				"down": {"uv": [8, 0, 12, 4], "texture": "#0"}
			}
		},
		{
			"from": [6, 0.875, 1],
			"to": [10, 0.875, 5],
			"rotation": {"angle": 22.5, "axis": "x", "origin": [8, 0, 3]},
			"faces": {
				"up": {"uv": [0, 12, 4, 16], "texture": "#0"}
			}
		},
		{
			"from": [6, -1, 11.5],
			"to": [10, 1, 15.5],
			"rotation": {"angle": -22.5, "axis": "x", "origin": [8, 0, 13.5]},
			"faces": {
				"north": {"uv": [8, 0, 12, 1], "texture": "#0"},
				"east": {"uv": [8, 0, 12, 1], "texture": "#0"},
				"south": {"uv": [8, 0, 12, 1], "texture": "#0"},
				"west": {"uv": [8, 0, 12, 1], "texture": "#0"},
				"up": {"uv": [12, 0, 16, 4], "texture": "#0"},
				"down": {"uv": [12, 0, 16, 4], "texture": "#0"}
			}
		},
		{
			"from": [6, 0.875, 11.5],
			"to": [10, 0.875, 15.5],
			"rotation": {"angle": -22.5, "axis": "x", "origin": [8, 0, 13.5]},
			"faces": {
				"up": {"uv": [0, 12, 4, 16], "texture": "#0"}
			}
		},
		{
			"from": [9, 0, 4],
			"to": [12, 0.625, 7],
			"rotation": {"angle": -45, "axis": "y", "origin": [10.5, -0.5, 5.5]},
			"faces": {
				"north": {"uv": [0, 4, 3, 5], "texture": "#0"},
				"east": {"uv": [0, 4, 3, 5], "texture": "#0"},
				"south": {"uv": [0, 4, 3, 5], "texture": "#0"},
				"west": {"uv": [0, 4, 3, 5], "texture": "#0"},
				"up": {"uv": [0, 4, 3, 7], "texture": "#0"},
				"down": {"uv": [0, 4, 3, 7], "texture": "#0"}
			}
		},
		{
			"from": [9, 0.375, 4],
			"to": [12, 0.375, 7],
			"rotation": {"angle": -45, "axis": "y", "origin": [10.5, -0.5, 5.5]},
			"faces": {
				"up": {"uv": [12, 13, 15, 16], "texture": "#0"}
			}
		},
		{
			"from": [3, 0, 9],
			"to": [6, 0.625, 12],
			"rotation": {"angle": 0, "axis": "y", "origin": [4.5, -0.5, 10.5]},
			"faces": {
				"north": {"uv": [4, 4, 7, 5], "texture": "#0"},
				"east": {"uv": [4, 4, 7, 5], "texture": "#0"},
				"south": {"uv": [4, 4, 7, 5], "texture": "#0"},
				"west": {"uv": [4, 4, 7, 5], "texture": "#0"},
				"up": {"uv": [4, 4, 7, 7], "texture": "#0"},
				"down": {"uv": [4, 4, 7, 7], "texture": "#0"}
			}
		},
		{
			"from": [3, 0.375, 9],
			"to": [6, 0.375, 12],
			"rotation": {"angle": 0, "axis": "y", "origin": [4.5, -0.5, 10.5]},
			"faces": {
				"up": {"uv": [12, 13, 15, 16], "texture": "#0"}
			}
		},
		{
			"from": [0.5, -0.625, 7],
			"to": [3.5, 0.875, 10],
			"rotation": {"angle": -22.5, "axis": "z", "origin": [2, -0.125, 8.5]},
			"faces": {
				"north": {"uv": [8, 4, 11, 5], "texture": "#0"},
				"east": {"uv": [8, 4, 11, 5], "texture": "#0"},
				"south": {"uv": [8, 4, 11, 5], "texture": "#0"},
				"west": {"uv": [8, 4, 11, 5], "texture": "#0"},
				"up": {"uv": [8, 4, 11, 7], "texture": "#0"},
				"down": {"uv": [8, 4, 11, 7], "texture": "#0"}
			}
		},
		{
			"from": [0.5, 0.75, 7],
			"to": [3.5, 0.75, 10],
			"rotation": {"angle": -22.5, "axis": "z", "origin": [2, -0.125, 8.5]},
			"faces": {
				"up": {"uv": [4, 13, 7, 16], "texture": "#0"}
			}
		},
		{
			"from": [12.5, -0.625, 7],
			"to": [15.5, 0.875, 10],
			"rotation": {"angle": 22.5, "axis": "z", "origin": [14, -0.125, 8.5]},
			"faces": {
				"north": {"uv": [12, 4, 15, 5], "texture": "#0"},
				"east": {"uv": [12, 4, 15, 5], "texture": "#0"},
				"south": {"uv": [12, 4, 15, 5], "texture": "#0"},
				"west": {"uv": [12, 4, 15, 5], "texture": "#0"},
				"up": {"uv": [12, 4, 15, 7], "texture": "#0"},
				"down": {"uv": [12, 4, 15, 7], "texture": "#0"}
			}
		},
		{
			"from": [12.5, 0.75, 7],
			"to": [15.5, 0.75, 10],
			"rotation": {"angle": 22.5, "axis": "z", "origin": [14, -0.125, 8.5]},
			"faces": {
				"up": {"uv": [4, 13, 7, 16], "texture": "#0"}
			}
		},
		{
			"from": [12.375, 0, 12.375],
			"to": [15.375, 1.5, 15.375],
			"rotation": {"angle": -22.5, "axis": "y", "origin": [13.875, 0.5, 13.875]},
			"faces": {
				"north": {"uv": [12, 4, 15, 5], "texture": "#0"},
				"east": {"uv": [12, 4, 15, 5], "texture": "#0"},
				"south": {"uv": [12, 4, 15, 5], "texture": "#0"},
				"west": {"uv": [12, 4, 15, 5], "texture": "#0"},
				"up": {"uv": [12, 4, 15, 7], "texture": "#0"},
				"down": {"uv": [12, 4, 15, 7], "texture": "#0"}
			}
		},
		{
			"from": [12.375, 1.375, 12.375],
			"to": [15.375, 1.375, 15.375],
			"rotation": {"angle": -22.5, "axis": "y", "origin": [13.875, 0.5, 13.875]},
			"faces": {
				"up": {"uv": [4, 13, 7, 16], "texture": "#0"}
			}
		},
		{
			"from": [11.25, 0, 0.875],
			"to": [15.25, 2, 4.875],
			"rotation": {"angle": 22.5, "axis": "y", "origin": [13.25, 1, 2.875]},
			"faces": {
				"north": {"uv": [8, 0, 12, 1], "texture": "#0"},
				"east": {"uv": [8, 0, 12, 1], "texture": "#0"},
				"south": {"uv": [8, 0, 12, 1], "texture": "#0"},
				"west": {"uv": [8, 0, 12, 1], "texture": "#0"},
				"up": {"uv": [12, 0, 16, 4], "texture": "#0"},
				"down": {"uv": [12, 0, 16, 4], "texture": "#0"}
			}
		},
		{
			"from": [11.25, 1.875, 0.875],
			"to": [15.25, 1.875, 4.875],
			"rotation": {"angle": 22.5, "axis": "y", "origin": [13.25, 1, 2.875]},
			"faces": {
				"up": {"uv": [0, 12, 4, 16], "texture": "#0"}
			}
		},
		{
			"from": [0.75, 0, 11.25],
			"to": [4.75, 2, 15.25],
			"rotation": {"angle": -22.5, "axis": "y", "origin": [2.75, 1, 13.25]},
			"faces": {
				"north": {"uv": [8, 0, 12, 1], "texture": "#0"},
				"east": {"uv": [8, 0, 12, 1], "texture": "#0"},
				"south": {"uv": [8, 0, 12, 1], "texture": "#0"},
				"west": {"uv": [8, 0, 12, 1], "texture": "#0"},
				"up": {"uv": [8, 0, 12, 4], "texture": "#0"},
				"down": {"uv": [8, 0, 12, 4], "texture": "#0"}
			}
		},
		{
			"from": [0.75, 1.875, 11.25],
			"to": [4.75, 1.875, 15.25],
			"rotation": {"angle": -22.5, "axis": "y", "origin": [2.75, 1, 13.25]},
			"faces": {
				"up": {"uv": [0, 12, 4, 16], "texture": "#0"}
			}
		},
		{
			"from": [0.5, 0, 0.5],
			"to": [3.5, 1.5, 3.5],
			"rotation": {"angle": 0, "axis": "y", "origin": [2, 0.5, 2]},
			"faces": {
				"north": {"uv": [8, 4, 11, 5], "texture": "#0"},
				"east": {"uv": [8, 4, 11, 5], "texture": "#0"},
				"south": {"uv": [8, 4, 11, 5], "texture": "#0"},
				"west": {"uv": [8, 4, 11, 5], "texture": "#0"},
				"up": {"uv": [8, 4, 11, 7], "texture": "#0"},
				"down": {"uv": [8, 4, 11, 7], "texture": "#0"}
			}
		},
		{
			"from": [0.5, 1.375, 0.5],
			"to": [3.5, 1.375, 3.5],
			"rotation": {"angle": 0, "axis": "y", "origin": [2, 0.5, 2]},
			"faces": {
				"up": {"uv": [4, 13, 7, 16], "texture": "#0"}
			}
		},
		{
			"from": [8, 0, 8],
			"to": [10, 0.25, 10],
			"rotation": {"angle": 0, "axis": "y", "origin": [9, 0.125, 9]},
			"faces": {
				"north": {"uv": [0, 7, 2, 8], "texture": "#0"},
				"east": {"uv": [0, 7, 2, 8], "texture": "#0"},
				"south": {"uv": [0, 7, 2, 8], "texture": "#0"},
				"west": {"uv": [0, 7, 2, 8], "texture": "#0"},
				"up": {"uv": [0, 7, 2, 9], "texture": "#0"},
				"down": {"uv": [0, 7, 2, 9], "texture": "#0"}
			}
		},
		{
			"from": [6, 0, 6],
			"to": [8, 0.25, 8],
			"rotation": {"angle": 22.5, "axis": "y", "origin": [7, 0.125, 7]},
			"faces": {
				"north": {"uv": [4, 7, 6, 8], "texture": "#0"},
				"east": {"uv": [4, 7, 6, 8], "texture": "#0"},
				"south": {"uv": [4, 7, 6, 8], "texture": "#0"},
				"west": {"uv": [4, 7, 6, 8], "texture": "#0"},
				"up": {"uv": [4, 7, 6, 9], "texture": "#0"},
				"down": {"uv": [4, 7, 6, 9], "texture": "#0"}
			}
		}
	],
	"groups": [
		{
			"name": "L",
			"origin": [8, 8.875, 8],
			"children": [0, 1]
		},
		{
			"name": "L",
			"origin": [8, 8.875, 8],
			"children": [2, 3]
		},
		{
			"name": "L",
			"origin": [8, 8.875, 8],
			"children": [4, 5]
		},
		{
			"name": "L",
			"origin": [8, 8.875, 8],
			"children": [6, 7]
		},
		{
			"name": "M",
			"origin": [8, 8.875, 8],
			"children": [8, 9]
		},
		{
			"name": "M",
			"origin": [8, 8.875, 8],
			"children": [10, 11]
		},
		{
			"name": "M",
			"origin": [8, 8.875, 8],
			"children": [12, 13]
		},
		{
			"name": "M",
			"origin": [8, 8.875, 8],
			"children": [14, 15]
		},
		{
			"name": "M",
			"origin": [13.5, 0.5, 13.5],
			"children": [16, 17]
		},
		{
			"name": "L",
			"origin": [8, 8.875, 8],
			"children": [18, 19]
		},
		{
			"name": "L",
			"origin": [8, 8.875, 8],
			"children": [20, 21]
		},
		{
			"name": "M",
			"origin": [8, 8.875, 8],
			"children": [22, 23]
		}, 24, 25]
}