{
	"credit": "Made by XeKr with Blockbench",
	"parent": "block/cross",
	"textures": {
		"0": "block/bubble_coral_3d",
		"particle": "block/bubble_coral_3d"
	},
	"elements": [
		{
			"from": [5.625, 0.125, 2.625],
			"to": [9.375, 3.875, 6.375],
			"rotation": {"angle": -22.5, "axis": "y", "origin": [7.5, 2, 4.5]},
			"faces": {
				"north": {"uv": [8, 12, 12, 16], "texture": "#0"},
				"east": {"uv": [8, 12, 12, 16], "texture": "#0"},
				"south": {"uv": [8, 12, 12, 16], "texture": "#0"},
				"west": {"uv": [8, 12, 12, 16], "texture": "#0"},
				"up": {"uv": [8, 12, 12, 16], "texture": "#0"},
				"down": {"uv": [8, 12, 12, 16], "texture": "#0"}
			}
		},
		{
			"from": [5.5, 0, 2.5],
			"to": [9.5, 4, 6.5],
			"rotation": {"angle": -22.5, "axis": "y", "origin": [7.5, 2, 4.5]},
			"faces": {
				"north": {"uv": [0, 0, 4, 4], "texture": "#0"},
				"east": {"uv": [0, 0, 4, 4], "texture": "#0"},
				"south": {"uv": [0, 0, 4, 4], "texture": "#0"},
				"west": {"uv": [0, 0, 4, 4], "texture": "#0"},
				"up": {"uv": [0, 0, 4, 4], "texture": "#0"},
				"down": {"uv": [0, 0, 4, 4], "texture": "#0"}
			}
		},
		{
			"from": [8.625, 0.125, 6.625],
			"to": [12.375, 3.875, 10.375],
			"rotation": {"angle": 22.5, "axis": "y", "origin": [10.5, 2, 8.5]},
			"faces": {
				"north": {"uv": [8, 12, 12, 16], "texture": "#0"},
				"east": {"uv": [8, 12, 12, 16], "texture": "#0"},
				"south": {"uv": [8, 12, 12, 16], "texture": "#0"},
				"west": {"uv": [8, 12, 12, 16], "texture": "#0"},
				"up": {"uv": [8, 12, 12, 16], "texture": "#0"},
				"down": {"uv": [8, 12, 12, 16], "texture": "#0"}
			}
		},
		{
			"from": [8.5, 0, 6.5],
			"to": [12.5, 4, 10.5],
			"rotation": {"angle": 22.5, "axis": "y", "origin": [10.5, 2, 8.5]},
			"faces": {
				"north": {"uv": [4, 0, 8, 4], "texture": "#0"},
				"east": {"uv": [4, 0, 8, 4], "texture": "#0"},
				"south": {"uv": [4, 0, 8, 4], "texture": "#0"},
				"west": {"uv": [4, 0, 8, 4], "texture": "#0"},
				"up": {"uv": [4, 0, 8, 4], "texture": "#0"},
				"down": {"uv": [4, 0, 8, 4], "texture": "#0"}
			}
		},
		{
			"from": [3.625, 2.125, 6.625],
			"to": [7.375, 5.875, 10.375],
			"rotation": {"angle": 22.5, "axis": "z", "origin": [5.5, 4, 8.5]},
			"faces": {
				"north": {"uv": [8, 12, 12, 16], "texture": "#0"},
				"east": {"uv": [8, 12, 12, 16], "texture": "#0"},
				"south": {"uv": [8, 12, 12, 16], "texture": "#0"},
				"west": {"uv": [8, 12, 12, 16], "texture": "#0"},
				"up": {"uv": [8, 12, 12, 16], "texture": "#0"},
				"down": {"uv": [8, 12, 12, 16], "texture": "#0"}
			}
		},
		{
			"from": [3.5, 2, 6.5],
			"to": [7.5, 6, 10.5],
			"rotation": {"angle": 22.5, "axis": "z", "origin": [5.5, 4, 8.5]},
			"faces": {
				"north": {"uv": [4, 0, 8, 4], "texture": "#0"},
				"east": {"uv": [4, 0, 8, 4], "texture": "#0"},
				"south": {"uv": [4, 0, 8, 4], "texture": "#0"},
				"west": {"uv": [4, 0, 8, 4], "texture": "#0"},
				"up": {"uv": [4, 0, 8, 4], "texture": "#0"},
				"down": {"uv": [4, 0, 8, 4], "texture": "#0"}
			}
		},
		{
			"from": [2.625, 0.125, 10.625],
			"to": [6.375, 3.875, 14.375],
			"rotation": {"angle": 0, "axis": "y", "origin": [4.5, 2, 12.5]},
			"faces": {
				"north": {"uv": [8, 12, 12, 16], "texture": "#0"},
				"east": {"uv": [8, 12, 12, 16], "texture": "#0"},
				"south": {"uv": [8, 12, 12, 16], "texture": "#0"},
				"west": {"uv": [8, 12, 12, 16], "texture": "#0"},
				"up": {"uv": [8, 12, 12, 16], "texture": "#0"},
				"down": {"uv": [8, 12, 12, 16], "texture": "#0"}
			}
		},
		{
			"from": [2.5, 0, 10.5],
			"to": [6.5, 4, 14.5],
			"rotation": {"angle": 0, "axis": "y", "origin": [4.5, 2, 12.5]},
			"faces": {
				"north": {"uv": [0, 0, 4, 4], "texture": "#0"},
				"east": {"uv": [0, 0, 4, 4], "texture": "#0"},
				"south": {"uv": [0, 0, 4, 4], "texture": "#0"},
				"west": {"uv": [0, 0, 4, 4], "texture": "#0"},
				"up": {"uv": [0, 0, 4, 4], "texture": "#0"},
				"down": {"uv": [0, 0, 4, 4], "texture": "#0"}
			}
		},
		{
			"from": [8.625, 4.125, 8.625],
			"to": [12.375, 7.875, 12.375],
			"rotation": {"angle": -22.5, "axis": "y", "origin": [10.5, 6, 10.5]},
			"faces": {
				"north": {"uv": [0, 12, 4, 16], "texture": "#0"},
				"east": {"uv": [0, 12, 4, 16], "texture": "#0"},
				"south": {"uv": [0, 12, 4, 16], "texture": "#0"},
				"west": {"uv": [0, 12, 4, 16], "texture": "#0"},
				"up": {"uv": [0, 12, 4, 16], "texture": "#0"},
				"down": {"uv": [0, 12, 4, 16], "texture": "#0"}
			}
		},
		{
			"from": [8.5, 4, 8.5],
			"to": [12.5, 8, 12.5],
			"rotation": {"angle": -22.5, "axis": "y", "origin": [10.5, 6, 10.5]},
			"faces": {
				"north": {"uv": [8, 0, 12, 4], "texture": "#0"},
				"east": {"uv": [8, 0, 12, 4], "texture": "#0"},
				"south": {"uv": [8, 0, 12, 4], "texture": "#0"},
				"west": {"uv": [8, 0, 12, 4], "texture": "#0"},
				"up": {"uv": [8, 0, 12, 4], "texture": "#0"},
				"down": {"uv": [8, 0, 12, 4], "texture": "#0"}
			}
		},
		{
			"from": [8.625, 5.125, 1.625],
			"to": [12.375, 8.875, 5.375],
			"rotation": {"angle": 22.5, "axis": "z", "origin": [10.5, 7, 3.5]},
			"faces": {
				"north": {"uv": [0, 12, 4, 16], "texture": "#0"},
				"east": {"uv": [0, 12, 4, 16], "texture": "#0"},
				"south": {"uv": [0, 12, 4, 16], "texture": "#0"},
				"west": {"uv": [0, 12, 4, 16], "texture": "#0"},
				"up": {"uv": [0, 12, 4, 16], "texture": "#0"},
				"down": {"uv": [0, 12, 4, 16], "texture": "#0"}
			}
		},
		{
			"from": [8.5, 5, 1.5],
			"to": [12.5, 9, 5.5],
			"rotation": {"angle": 22.5, "axis": "z", "origin": [10.5, 7, 3.5]},
			"faces": {
				"north": {"uv": [12, 0, 16, 4], "texture": "#0"},
				"east": {"uv": [12, 0, 16, 4], "texture": "#0"},
				"south": {"uv": [12, 0, 16, 4], "texture": "#0"},
				"west": {"uv": [12, 0, 16, 4], "texture": "#0"},
				"up": {"uv": [12, 0, 16, 4], "texture": "#0"},
				"down": {"uv": [12, 0, 16, 4], "texture": "#0"}
			}
		},
		{
			"from": [1.625, 4.125, 7.625],
			"to": [5.375, 7.875, 11.375],
			"rotation": {"angle": 22.5, "axis": "y", "origin": [3.5, 6, 9.5]},
			"faces": {
				"north": {"uv": [0, 12, 4, 16], "texture": "#0"},
				"east": {"uv": [0, 12, 4, 16], "texture": "#0"},
				"south": {"uv": [0, 12, 4, 16], "texture": "#0"},
				"west": {"uv": [0, 12, 4, 16], "texture": "#0"},
				"up": {"uv": [0, 12, 4, 16], "texture": "#0"},
				"down": {"uv": [0, 12, 4, 16], "texture": "#0"}
			}
		},
		{
			"from": [1.5, 4, 7.5],
			"to": [5.5, 8, 11.5],
			"rotation": {"angle": 22.5, "axis": "y", "origin": [3.5, 6, 9.5]},
			"faces": {
				"north": {"uv": [8, 0, 12, 4], "texture": "#0"},
				"east": {"uv": [8, 0, 12, 4], "texture": "#0"},
				"south": {"uv": [8, 0, 12, 4], "texture": "#0"},
				"west": {"uv": [8, 0, 12, 4], "texture": "#0"},
				"up": {"uv": [8, 0, 12, 4], "texture": "#0"},
				"down": {"uv": [8, 0, 12, 4], "texture": "#0"}
			}
		},
		{
			"from": [9.625, 0.125, 1.625],
			"to": [12.375, 2.875, 4.375],
			"rotation": {"angle": 0, "axis": "y", "origin": [11, 1.5, 3]},
			"faces": {
				"north": {"uv": [12, 13, 15, 16], "texture": "#0"},
				"east": {"uv": [12, 13, 15, 16], "texture": "#0"},
				"south": {"uv": [12, 13, 15, 16], "texture": "#0"},
				"west": {"uv": [12, 13, 15, 16], "texture": "#0"},
				"up": {"uv": [12, 13, 15, 16], "texture": "#0"},
				"down": {"uv": [12, 13, 15, 16], "texture": "#0"}
			}
		},
		{
			"from": [9.5, 0, 1.5],
			"to": [12.5, 3, 4.5],
			"rotation": {"angle": 0, "axis": "y", "origin": [11, 1.5, 3]},
			"faces": {
				"north": {"uv": [0, 4, 3, 7], "texture": "#0"},
				"east": {"uv": [0, 4, 3, 7], "texture": "#0"},
				"south": {"uv": [0, 4, 3, 7], "texture": "#0"},
				"west": {"uv": [0, 4, 3, 7], "texture": "#0"},
				"up": {"uv": [0, 4, 3, 7], "texture": "#0"},
				"down": {"uv": [0, 4, 3, 7], "texture": "#0"}
			}
		},
		{
			"from": [11.625, 6.125, 7.625],
			"to": [14.375, 8.875, 10.375],
			"rotation": {"angle": 22.5, "axis": "y", "origin": [13, 7.5, 9]},
			"faces": {
				"north": {"uv": [4, 13, 7, 16], "texture": "#0"},
				"east": {"uv": [4, 13, 7, 16], "texture": "#0"},
				"south": {"uv": [4, 13, 7, 16], "texture": "#0"},
				"west": {"uv": [4, 13, 7, 16], "texture": "#0"},
				"up": {"uv": [4, 13, 7, 16], "texture": "#0"},
				"down": {"uv": [4, 13, 7, 16], "texture": "#0"}
			}
		},
		{
			"from": [11.5, 6, 7.5],
			"to": [14.5, 9, 10.5],
			"rotation": {"angle": 22.5, "axis": "y", "origin": [13, 7.5, 9]},
			"faces": {
				"north": {"uv": [8, 4, 11, 7], "texture": "#0"},
				"east": {"uv": [8, 4, 11, 7], "texture": "#0"},
				"south": {"uv": [8, 4, 11, 7], "texture": "#0"},
				"west": {"uv": [8, 4, 11, 7], "texture": "#0"},
				"up": {"uv": [8, 4, 11, 7], "texture": "#0"},
				"down": {"uv": [8, 4, 11, 7], "texture": "#0"}
			}
		},
		{
			"from": [10.625, 7.125, 11.625],
			"to": [13.375, 9.875, 14.375],
			"rotation": {"angle": -45, "axis": "y", "origin": [12, 8.5, 13]},
			"faces": {
				"north": {"uv": [4, 13, 7, 16], "texture": "#0"},
				"east": {"uv": [4, 13, 7, 16], "texture": "#0"},
				"south": {"uv": [4, 13, 7, 16], "texture": "#0"},
				"west": {"uv": [4, 13, 7, 16], "texture": "#0"},
				"up": {"uv": [4, 13, 7, 16], "texture": "#0"},
				"down": {"uv": [4, 13, 7, 16], "texture": "#0"}
			}
		},
		{
			"from": [10.5, 7, 11.5],
			"to": [13.5, 10, 14.5],
			"rotation": {"angle": -45, "axis": "y", "origin": [12, 8.5, 13]},
			"faces": {
				"north": {"uv": [12, 4, 15, 7], "texture": "#0"},
				"east": {"uv": [12, 4, 15, 7], "texture": "#0"},
				"south": {"uv": [12, 4, 15, 7], "texture": "#0"},
				"west": {"uv": [12, 4, 15, 7], "texture": "#0"},
				"up": {"uv": [12, 4, 15, 7], "texture": "#0"},
				"down": {"uv": [12, 4, 15, 7], "texture": "#0"}
			}
		},
		{
			"from": [11.625, 0.125, 8.625],
			"to": [14.375, 2.875, 11.375],
			"rotation": {"angle": 45, "axis": "y", "origin": [13, 1.5, 10]},
			"faces": {
				"north": {"uv": [12, 13, 15, 16], "texture": "#0"},
				"east": {"uv": [12, 13, 15, 16], "texture": "#0"},
				"south": {"uv": [12, 13, 15, 16], "texture": "#0"},
				"west": {"uv": [12, 13, 15, 16], "texture": "#0"},
				"up": {"uv": [12, 13, 15, 16], "texture": "#0"},
				"down": {"uv": [12, 13, 15, 16], "texture": "#0"}
			}
		},
		{
			"from": [11.5, 0, 8.5],
			"to": [14.5, 3, 11.5],
			"rotation": {"angle": 45, "axis": "y", "origin": [13, 1.5, 10]},
			"faces": {
				"north": {"uv": [0, 4, 3, 7], "texture": "#0"},
				"east": {"uv": [0, 4, 3, 7], "texture": "#0"},
				"south": {"uv": [0, 4, 3, 7], "texture": "#0"},
				"west": {"uv": [0, 4, 3, 7], "texture": "#0"},
				"up": {"uv": [0, 4, 3, 7], "texture": "#0"},
				"down": {"uv": [0, 4, 3, 7], "texture": "#0"}
			}
		},
		{
			"from": [2.625, 0.125, 1.625],
			"to": [5.375, 2.875, 4.375],
			"rotation": {"angle": 22.5, "axis": "y", "origin": [4, 1.5, 3]},
			"faces": {
				"north": {"uv": [12, 13, 15, 16], "texture": "#0"},
				"east": {"uv": [12, 13, 15, 16], "texture": "#0"},
				"south": {"uv": [12, 13, 15, 16], "texture": "#0"},
				"west": {"uv": [12, 13, 15, 16], "texture": "#0"},
				"up": {"uv": [12, 13, 15, 16], "texture": "#0"},
				"down": {"uv": [12, 13, 15, 16], "texture": "#0"}
			}
		},
		{
			"from": [2.5, 0, 1.5],
			"to": [5.5, 3, 4.5],
			"rotation": {"angle": 22.5, "axis": "y", "origin": [4, 1.5, 3]},
			"faces": {
				"north": {"uv": [4, 4, 7, 7], "texture": "#0"},
				"east": {"uv": [4, 4, 7, 7], "texture": "#0"},
				"south": {"uv": [4, 4, 7, 7], "texture": "#0"},
				"west": {"uv": [4, 4, 7, 7], "texture": "#0"},
				"up": {"uv": [4, 4, 7, 7], "texture": "#0"},
				"down": {"uv": [4, 4, 7, 7], "texture": "#0"}
			}
		},
		{
			"from": [10.625, 3.125, 4.625],
			"to": [13.375, 5.875, 7.375],
			"rotation": {"angle": 22.5, "axis": "x", "origin": [12, 4.5, 6]},
			"faces": {
				"north": {"uv": [12, 13, 15, 16], "texture": "#0"},
				"east": {"uv": [12, 13, 15, 16], "texture": "#0"},
				"south": {"uv": [12, 13, 15, 16], "texture": "#0"},
				"west": {"uv": [12, 13, 15, 16], "texture": "#0"},
				"up": {"uv": [12, 13, 15, 16], "texture": "#0"},
				"down": {"uv": [12, 13, 15, 16], "texture": "#0"}
			}
		},
		{
			"from": [10.5, 3, 4.5],
			"to": [13.5, 6, 7.5],
			"rotation": {"angle": 22.5, "axis": "x", "origin": [12, 4.5, 6]},
			"faces": {
				"north": {"uv": [0, 4, 3, 7], "texture": "#0"},
				"east": {"uv": [0, 4, 3, 7], "texture": "#0"},
				"south": {"uv": [0, 4, 3, 7], "texture": "#0"},
				"west": {"uv": [0, 4, 3, 7], "texture": "#0"},
				"up": {"uv": [0, 4, 3, 7], "texture": "#0"},
				"down": {"uv": [0, 4, 3, 7], "texture": "#0"}
			}
		},
		{
			"from": [1.625, 7.125, 5.625],
			"to": [4.375, 9.875, 8.375],
			"rotation": {"angle": 22.5, "axis": "x", "origin": [3, 8.5, 7]},
			"faces": {
				"north": {"uv": [4, 13, 7, 16], "texture": "#0"},
				"east": {"uv": [4, 13, 7, 16], "texture": "#0"},
				"south": {"uv": [4, 13, 7, 16], "texture": "#0"},
				"west": {"uv": [4, 13, 7, 16], "texture": "#0"},
				"up": {"uv": [4, 13, 7, 16], "texture": "#0"},
				"down": {"uv": [4, 13, 7, 16], "texture": "#0"}
			}
		},
		{
			"from": [1.5, 7, 5.5],
			"to": [4.5, 10, 8.5],
			"rotation": {"angle": 22.5, "axis": "x", "origin": [3, 8.5, 7]},
			"faces": {
				"north": {"uv": [8, 4, 11, 7], "texture": "#0"},
				"east": {"uv": [8, 4, 11, 7], "texture": "#0"},
				"south": {"uv": [8, 4, 11, 7], "texture": "#0"},
				"west": {"uv": [8, 4, 11, 7], "texture": "#0"},
				"up": {"uv": [8, 4, 11, 7], "texture": "#0"},
				"down": {"uv": [8, 4, 11, 7], "texture": "#0"}
			}
		},
		{
			"from": [12, 0, 2],
			"to": [14, 2, 4],
			"rotation": {"angle": 22.5, "axis": "y", "origin": [13, 1, 3]},
			"faces": {
				"north": {"uv": [0, 7, 2, 9], "texture": "#0"},
				"east": {"uv": [0, 7, 2, 9], "texture": "#0"},
				"south": {"uv": [0, 7, 2, 9], "texture": "#0"},
				"west": {"uv": [0, 7, 2, 9], "texture": "#0"},
				"up": {"uv": [0, 7, 2, 9], "texture": "#0"},
				"down": {"uv": [0, 7, 2, 9], "texture": "#0"}
			}
		},
		{
			"from": [12, 0, 12],
			"to": [14, 2, 14],
			"rotation": {"angle": -22.5, "axis": "y", "origin": [13, 1, 13]},
			"faces": {
				"north": {"uv": [4, 7, 6, 9], "texture": "#0"},
				"east": {"uv": [4, 7, 6, 9], "texture": "#0"},
				"south": {"uv": [4, 7, 6, 9], "texture": "#0"},
				"west": {"uv": [4, 7, 6, 9], "texture": "#0"},
				"up": {"uv": [4, 7, 6, 9], "texture": "#0"},
				"down": {"uv": [4, 7, 6, 9], "texture": "#0"}
			}
		},
		{
			"from": [8, 7, 7],
			"to": [10, 9, 9],
			"rotation": {"angle": -22.5, "axis": "x", "origin": [9, 8, 8]},
			"faces": {
				"north": {"uv": [8, 7, 10, 9], "texture": "#0"},
				"east": {"uv": [8, 7, 10, 9], "texture": "#0"},
				"south": {"uv": [8, 7, 10, 9], "texture": "#0"},
				"west": {"uv": [8, 7, 10, 9], "texture": "#0"},
				"up": {"uv": [8, 7, 10, 9], "texture": "#0"},
				"down": {"uv": [8, 7, 10, 9], "texture": "#0"}
			}
		},
		{
			"from": [4, 4, 13],
			"to": [6, 6, 15],
			"rotation": {"angle": 22.5, "axis": "z", "origin": [5, 5, 14]},
			"faces": {
				"north": {"uv": [12, 7, 14, 9], "texture": "#0"},
				"east": {"uv": [12, 7, 14, 9], "texture": "#0"},
				"south": {"uv": [12, 7, 14, 9], "texture": "#0"},
				"west": {"uv": [12, 7, 14, 9], "texture": "#0"},
				"up": {"uv": [12, 7, 14, 9], "texture": "#0"},
				"down": {"uv": [12, 7, 14, 9], "texture": "#0"}
			}
		}
	],
	"groups": [
		{
			"name": "L",
			"origin": [10, 8, 8],
			"children": [0, 1]
		},
		{
			"name": "L",
			"origin": [10, 8, 8],
			"children": [2, 3]
		},
		{
			"name": "L",
			"origin": [10, 8, 8],
			"children": [4, 5]
		},
		{
			"name": "L",
			"origin": [10, 8, 8],
			"children": [6, 7]
		},
		{
			"name": "L",
			"origin": [10, 8, 8],
			"children": [8, 9]
		},
		{
			"name": "L",
			"origin": [10, 8, 8],
			"children": [10, 11]
		},
		{
			"name": "L",
			"origin": [10, 8, 8],
			"children": [12, 13]
		},
		{
			"name": "M",
			"origin": [8, 8, 8],
			"children": [14, 15]
		},
		{
			"name": "M",
			"origin": [8, 8, 8],
			"children": [16, 17]
		},
		{
			"name": "M",
			"origin": [8, 8, 8],
			"children": [18, 19]
		},
		{
			"name": "M",
			"origin": [8, 8, 8],
			"children": [20, 21]
		},
		{
			"name": "M",
			"origin": [8, 8, 8],
			"children": [22, 23]
		},
		{
			"name": "M",
			"origin": [8, 8, 8],
			"children": [24, 25]
		},
		{
			"name": "M",
			"origin": [8, 8, 8],
			"children": [26, 27]
		}, 28, 29, 30, 31]
}