{
	"credit": "Made by XeKr with Blockbench",
	"parent": "block/block0",
	"textures": {
		"body": "block/sandstone_bottom",
		"particle": "block/sandstone_top",
		"top": "block/sandstone_top",
		"side": "block/sandstone_anvil_side"
	},
	"elements": [
		{
			"name": "Anvil base",
			"from": [2, 0, 2],
			"to": [14, 3, 14],
			"faces": {
				"north": {"uv": [2, 13, 14, 16], "texture": "#side"},
				"east": {"uv": [2, 13, 14, 16], "texture": "#side"},
				"south": {"uv": [2, 13, 14, 16], "texture": "#side"},
				"west": {"uv": [2, 13, 14, 16], "texture": "#side"},
				"up": {"uv": [2, 2, 14, 14], "rotation": 180, "texture": "#top"},
				"down": {"uv": [2, 2, 14, 14], "rotation": 180, "texture": "#top", "cullface": "down"}
			}
		},
		{
			"name": "Wider section beneath top portion",
			"from": [4, 4, 4],
			"to": [12, 12, 12],
			"faces": {
				"north": {"uv": [4, 4, 12, 12], "texture": "#side"},
				"east": {"uv": [4, 4, 12, 12], "texture": "#side"},
				"south": {"uv": [4, 4, 12, 12], "texture": "#side"},
				"west": {"uv": [4, 4, 12, 12], "texture": "#side"}
			}
		},
		{
			"name": "Anvil top",
			"from": [0, 12, 0],
			"to": [16, 16, 16],
			"faces": {
				"north": {"uv": [0, 1, 16, 5], "texture": "#side"},
				"east": {"uv": [0, 1, 16, 5], "texture": "#side"},
				"south": {"uv": [0, 1, 16, 5], "texture": "#side"},
				"west": {"uv": [0, 1, 16, 5], "texture": "#side"},
				"up": {"uv": [0, 0, 16, 16], "rotation": 180, "texture": "#top"},
				"down": {"uv": [0, 0, 16, 16], "rotation": 180, "texture": "#top"}
			}
		},
		{
			"name": "Anvil base",
			"from": [3, 3, 3],
			"to": [13, 4, 13],
			"faces": {
				"north": {"uv": [3, 14, 13, 15], "texture": "#side"},
				"east": {"uv": [3, 14, 13, 15], "texture": "#side"},
				"south": {"uv": [3, 14, 13, 15], "texture": "#side"},
				"west": {"uv": [3, 14, 13, 15], "texture": "#side"},
				"up": {"uv": [3, 3, 13, 13], "rotation": 180, "texture": "#top"},
				"down": {"uv": [3, 3, 13, 13], "rotation": 180, "texture": "#body", "cullface": "down"}
			}
		}
	],
	"display": {
		"fixed": {
			"rotation": [0, 90, 0],
			"scale": [0.5, 0.5, 0.5]
		}
	}
}