{
	"credit": "Made by XeKr with Blockbench",
	"parent": "block/cross",
	"textures": {
		"0": "block/fire_coral_3d",
		"particle": "block/fire_coral_3d"
	},
	"elements": [
		{
			"from": [5.25, 11, 11.25],
			"to": [6.75, 12, 16.25],
			"rotation": {"angle": 22.5, "axis": "y", "origin": [6, 11.5, 16.25]},
			"faces": {
				"north": {"uv": [15, 9, 16, 10], "rotation": 180, "texture": "#0"},
				"east": {"uv": [15, 10, 16, 15], "rotation": 90, "texture": "#0"},
				"south": {"uv": [15, 14, 16, 15], "texture": "#0"},
				"west": {"uv": [15, 10, 16, 15], "rotation": 270, "texture": "#0"},
				"up": {"uv": [15, 10, 16, 15], "texture": "#0"},
				"down": {"uv": [15, 10, 16, 15], "rotation": 180, "texture": "#0"}
			}
		},
		{
			"from": [6.75, 4, 11],
			"to": [8.25, 5, 16],
			"rotation": {"angle": 0, "axis": "x", "origin": [7.5, 4.5, 16]},
			"faces": {
				"north": {"uv": [15, 9, 16, 10], "rotation": 180, "texture": "#0"},
				"east": {"uv": [15, 10, 16, 15], "rotation": 90, "texture": "#0"},
				"south": {"uv": [15, 14, 16, 15], "texture": "#0"},
				"west": {"uv": [15, 10, 16, 15], "rotation": 270, "texture": "#0"},
				"up": {"uv": [15, 10, 16, 15], "texture": "#0"},
				"down": {"uv": [15, 10, 16, 15], "rotation": 180, "texture": "#0"}
			}
		},
		{
			"from": [6.875, 4.125, 7],
			"to": [8.125, 5.125, 12],
			"rotation": {"angle": 45, "axis": "y", "origin": [7.5, 4.625, 12]},
			"faces": {
				"north": {"uv": [15, 4, 16, 5], "rotation": 180, "texture": "#0"},
				"east": {"uv": [15, 5, 16, 10], "rotation": 90, "texture": "#0"},
				"south": {"uv": [15, 9, 16, 10], "texture": "#0"},
				"west": {"uv": [15, 5, 16, 10], "rotation": 270, "texture": "#0"},
				"up": {"uv": [15, 5, 16, 10], "texture": "#0"},
				"down": {"uv": [15, 5, 16, 10], "rotation": 180, "texture": "#0"}
			}
		},
		{
			"from": [6.875, 4.125, 7],
			"to": [8.125, 5.125, 12],
			"rotation": {"angle": -22.5, "axis": "y", "origin": [7.5, 4.625, 12]},
			"faces": {
				"north": {"uv": [15, 4, 16, 5], "rotation": 180, "texture": "#0"},
				"east": {"uv": [15, 5, 16, 10], "rotation": 90, "texture": "#0"},
				"south": {"uv": [15, 9, 16, 10], "texture": "#0"},
				"west": {"uv": [15, 5, 16, 10], "rotation": 270, "texture": "#0"},
				"up": {"uv": [15, 5, 16, 10], "texture": "#0"},
				"down": {"uv": [15, 5, 16, 10], "rotation": 180, "texture": "#0"}
			}
		},
		{
			"from": [12.375, 6.125, 7.25],
			"to": [13.375, 7.125, 12.25],
			"rotation": {"angle": 22.5, "axis": "y", "origin": [12.875, 6.625, 12.25]},
			"faces": {
				"north": {"uv": [15, 2, 16, 3], "rotation": 180, "texture": "#0"},
				"east": {"uv": [15, 2, 16, 7], "rotation": 90, "texture": "#0"},
				"south": {"uv": [15, 6, 16, 7], "texture": "#0"},
				"west": {"uv": [15, 2, 16, 7], "rotation": 270, "texture": "#0"},
				"up": {"uv": [15, 2, 16, 7], "texture": "#0"},
				"down": {"uv": [15, 2, 16, 7], "rotation": 180, "texture": "#0"}
			}
		},
		{
			"from": [9.125, 9.125, 7.375],
			"to": [10.375, 10.125, 12.375],
			"rotation": {"angle": -45, "axis": "y", "origin": [9.75, 9.625, 12.375]},
			"faces": {
				"north": {"uv": [15, 4, 16, 5], "rotation": 180, "texture": "#0"},
				"east": {"uv": [15, 5, 16, 10], "rotation": 90, "texture": "#0"},
				"south": {"uv": [15, 9, 16, 10], "texture": "#0"},
				"west": {"uv": [15, 5, 16, 10], "rotation": 270, "texture": "#0"},
				"up": {"uv": [15, 5, 16, 10], "texture": "#0"},
				"down": {"uv": [15, 5, 16, 10], "rotation": 180, "texture": "#0"}
			}
		},
		{
			"from": [11.125, 10.625, 11],
			"to": [12.375, 11.625, 16],
			"rotation": {"angle": 0, "axis": "y", "origin": [11.75, 11.125, 16]},
			"faces": {
				"north": {"uv": [15, 4, 16, 5], "rotation": 180, "texture": "#0"},
				"east": {"uv": [15, 5, 16, 10], "rotation": 90, "texture": "#0"},
				"south": {"uv": [15, 9, 16, 10], "texture": "#0"},
				"west": {"uv": [15, 5, 16, 10], "rotation": 270, "texture": "#0"},
				"up": {"uv": [15, 5, 16, 10], "texture": "#0"},
				"down": {"uv": [15, 5, 16, 10], "rotation": 180, "texture": "#0"}
			}
		},
		{
			"from": [9.125, 9.25, 9.375],
			"to": [10.375, 10.25, 12.375],
			"rotation": {"angle": 22.5, "axis": "y", "origin": [9.75, 9.75, 12.375]},
			"faces": {
				"north": {"uv": [15, 5, 16, 6], "rotation": 180, "texture": "#0"},
				"east": {"uv": [15, 6, 16, 9], "rotation": 90, "texture": "#0"},
				"south": {"uv": [15, 8, 16, 9], "texture": "#0"},
				"west": {"uv": [15, 6, 16, 9], "rotation": 270, "texture": "#0"},
				"up": {"uv": [15, 6, 16, 9], "texture": "#0"},
				"down": {"uv": [15, 6, 16, 9], "rotation": 180, "texture": "#0"}
			}
		},
		{
			"from": [7.375, 6.5, 13],
			"to": [8.625, 7.5, 16],
			"rotation": {"angle": 0, "axis": "y", "origin": [8, 7, 16]},
			"faces": {
				"north": {"uv": [15, 5, 16, 6], "rotation": 180, "texture": "#0"},
				"east": {"uv": [15, 6, 16, 9], "rotation": 90, "texture": "#0"},
				"south": {"uv": [15, 8, 16, 9], "texture": "#0"},
				"west": {"uv": [15, 6, 16, 9], "rotation": 270, "texture": "#0"},
				"up": {"uv": [15, 6, 16, 9], "texture": "#0"},
				"down": {"uv": [15, 6, 16, 9], "rotation": 180, "texture": "#0"}
			}
		},
		{
			"from": [12.375, 4.5, 13],
			"to": [13.625, 5.5, 16],
			"rotation": {"angle": 0, "axis": "y", "origin": [13, 5, 16]},
			"faces": {
				"north": {"uv": [15, 5, 16, 6], "rotation": 180, "texture": "#0"},
				"east": {"uv": [15, 6, 16, 9], "rotation": 90, "texture": "#0"},
				"south": {"uv": [15, 8, 16, 9], "texture": "#0"},
				"west": {"uv": [15, 6, 16, 9], "rotation": 270, "texture": "#0"},
				"up": {"uv": [15, 6, 16, 9], "texture": "#0"},
				"down": {"uv": [15, 6, 16, 9], "rotation": 180, "texture": "#0"}
			}
		},
		{
			"from": [2.375, 8.5, 13],
			"to": [3.625, 9.5, 16],
			"rotation": {"angle": 0, "axis": "y", "origin": [3, 9, 16]},
			"faces": {
				"north": {"uv": [15, 5, 16, 6], "rotation": 180, "texture": "#0"},
				"east": {"uv": [15, 6, 16, 9], "rotation": 90, "texture": "#0"},
				"south": {"uv": [15, 8, 16, 9], "texture": "#0"},
				"west": {"uv": [15, 6, 16, 9], "rotation": 270, "texture": "#0"},
				"up": {"uv": [15, 6, 16, 9], "texture": "#0"},
				"down": {"uv": [15, 6, 16, 9], "rotation": 180, "texture": "#0"}
			}
		},
		{
			"from": [3.875, 11.25, 9.625],
			"to": [4.875, 12.25, 12.625],
			"rotation": {"angle": 45, "axis": "y", "origin": [4.375, 11.75, 12.625]},
			"faces": {
				"north": {"uv": [15, 5, 16, 6], "rotation": 180, "texture": "#0"},
				"east": {"uv": [15, 6, 16, 9], "rotation": 90, "texture": "#0"},
				"south": {"uv": [15, 8, 16, 9], "texture": "#0"},
				"west": {"uv": [15, 6, 16, 9], "rotation": 270, "texture": "#0"},
				"up": {"uv": [15, 6, 16, 9], "texture": "#0"},
				"down": {"uv": [15, 6, 16, 9], "rotation": 180, "texture": "#0"}
			}
		},
		{
			"from": [2.375, 7.125, 10],
			"to": [3.375, 8.125, 13],
			"rotation": {"angle": -22.5, "axis": "y", "origin": [2.875, 7.625, 13]},
			"faces": {
				"north": {"uv": [15, 5, 16, 6], "rotation": 180, "texture": "#0"},
				"east": {"uv": [15, 5, 16, 8], "rotation": 90, "texture": "#0"},
				"south": {"uv": [15, 7, 16, 8], "texture": "#0"},
				"west": {"uv": [15, 5, 16, 8], "rotation": 270, "texture": "#0"},
				"up": {"uv": [15, 5, 16, 8], "texture": "#0"},
				"down": {"uv": [15, 5, 16, 8], "rotation": 180, "texture": "#0"}
			}
		},
		{
			"from": [2.375, 7.125, 10],
			"to": [3.375, 8.125, 13],
			"rotation": {"angle": 45, "axis": "y", "origin": [2.875, 7.625, 13]},
			"faces": {
				"north": {"uv": [15, 5, 16, 6], "rotation": 180, "texture": "#0"},
				"east": {"uv": [15, 5, 16, 8], "rotation": 90, "texture": "#0"},
				"south": {"uv": [15, 7, 16, 8], "texture": "#0"},
				"west": {"uv": [15, 5, 16, 8], "rotation": 270, "texture": "#0"},
				"up": {"uv": [15, 5, 16, 8], "texture": "#0"},
				"down": {"uv": [15, 5, 16, 8], "rotation": 180, "texture": "#0"}
			}
		},
		{
			"from": [3.375, 7.25, 7.625],
			"to": [4.375, 8.25, 10.625],
			"rotation": {"angle": 22.5, "axis": "y", "origin": [3.875, 7.75, 10.625]},
			"faces": {
				"north": {"uv": [15, 0, 16, 1], "rotation": 180, "texture": "#0"},
				"east": {"uv": [15, 2, 16, 5], "rotation": 90, "texture": "#0"},
				"south": {"uv": [15, 3, 16, 4], "texture": "#0"},
				"west": {"uv": [15, 2, 16, 5], "rotation": 270, "texture": "#0"},
				"up": {"uv": [15, 2, 16, 5], "texture": "#0"},
				"down": {"uv": [15, 2, 16, 5], "rotation": 180, "texture": "#0"}
			}
		},
		{
			"from": [3.375, 7.25, 7.625],
			"to": [4.375, 8.25, 10.625],
			"rotation": {"angle": -45, "axis": "y", "origin": [3.875, 7.75, 10.625]},
			"faces": {
				"north": {"uv": [15, 0, 16, 1], "rotation": 180, "texture": "#0"},
				"east": {"uv": [15, 2, 16, 5], "rotation": 90, "texture": "#0"},
				"south": {"uv": [15, 3, 16, 4], "texture": "#0"},
				"west": {"uv": [15, 2, 16, 5], "rotation": 270, "texture": "#0"},
				"up": {"uv": [15, 2, 16, 5], "texture": "#0"},
				"down": {"uv": [15, 2, 16, 5], "rotation": 180, "texture": "#0"}
			}
		},
		{
			"from": [9.125, 4.25, 7.375],
			"to": [12.125, 5.25, 8.375],
			"rotation": {"angle": 45, "axis": "y", "origin": [9.125, 4.75, 7.875]},
			"faces": {
				"north": {"uv": [15, 2, 16, 5], "rotation": 270, "texture": "#0"},
				"east": {"uv": [15, 0, 16, 1], "rotation": 180, "texture": "#0"},
				"south": {"uv": [15, 2, 16, 5], "rotation": 90, "texture": "#0"},
				"west": {"uv": [15, 3, 16, 4], "texture": "#0"},
				"up": {"uv": [15, 2, 16, 5], "rotation": 90, "texture": "#0"},
				"down": {"uv": [15, 2, 16, 5], "rotation": 90, "texture": "#0"}
			}
		},
		{
			"from": [8.125, 9.375, 6.875],
			"to": [9.125, 10.375, 9.875],
			"rotation": {"angle": -22.5, "axis": "y", "origin": [8.625, 9.875, 9.875]},
			"faces": {
				"north": {"uv": [15, 0, 16, 1], "rotation": 180, "texture": "#0"},
				"east": {"uv": [15, 2, 16, 5], "rotation": 90, "texture": "#0"},
				"south": {"uv": [15, 4, 16, 5], "texture": "#0"},
				"west": {"uv": [15, 2, 16, 5], "rotation": 270, "texture": "#0"},
				"up": {"uv": [15, 2, 16, 5], "texture": "#0"},
				"down": {"uv": [15, 2, 16, 5], "rotation": 180, "texture": "#0"}
			}
		},
		{
			"from": [5.50393, 6.625, 11.12082],
			"to": [6.50393, 7.625, 14.12082],
			"rotation": {"angle": -45, "axis": "y", "origin": [8, 7, 16]},
			"faces": {
				"north": {"uv": [15, 0, 16, 1], "rotation": 180, "texture": "#0"},
				"east": {"uv": [15, 2, 16, 5], "rotation": 90, "texture": "#0"},
				"south": {"uv": [15, 4, 16, 5], "texture": "#0"},
				"west": {"uv": [15, 2, 16, 5], "rotation": 270, "texture": "#0"},
				"up": {"uv": [15, 2, 16, 5], "texture": "#0"},
				"down": {"uv": [15, 2, 16, 5], "rotation": 180, "texture": "#0"}
			}
		},
		{
			"from": [10.50393, 4.625, 11.12082],
			"to": [11.50393, 5.625, 14.12082],
			"rotation": {"angle": -45, "axis": "y", "origin": [13, 5, 16]},
			"faces": {
				"north": {"uv": [15, 0, 16, 1], "rotation": 180, "texture": "#0"},
				"east": {"uv": [15, 2, 16, 5], "rotation": 90, "texture": "#0"},
				"south": {"uv": [15, 4, 16, 5], "texture": "#0"},
				"west": {"uv": [15, 2, 16, 5], "rotation": 270, "texture": "#0"},
				"up": {"uv": [15, 2, 16, 5], "texture": "#0"},
				"down": {"uv": [15, 2, 16, 5], "rotation": 180, "texture": "#0"}
			}
		},
		{
			"from": [0.50393, 8.625, 11.12082],
			"to": [1.50393, 9.625, 14.12082],
			"rotation": {"angle": -45, "axis": "y", "origin": [3, 9, 16]},
			"faces": {
				"north": {"uv": [15, 0, 16, 1], "rotation": 180, "texture": "#0"},
				"east": {"uv": [15, 2, 16, 5], "rotation": 90, "texture": "#0"},
				"south": {"uv": [15, 4, 16, 5], "texture": "#0"},
				"west": {"uv": [15, 2, 16, 5], "rotation": 270, "texture": "#0"},
				"up": {"uv": [15, 2, 16, 5], "texture": "#0"},
				"down": {"uv": [15, 2, 16, 5], "rotation": 180, "texture": "#0"}
			}
		},
		{
			"from": [13.125, 9.25, 8.5],
			"to": [16.125, 10.25, 9.5],
			"rotation": {"angle": 22.5, "axis": "y", "origin": [13.125, 9.75, 9]},
			"faces": {
				"north": {"uv": [15, 2, 16, 5], "rotation": 270, "texture": "#0"},
				"east": {"uv": [15, 0, 16, 1], "rotation": 180, "texture": "#0"},
				"south": {"uv": [15, 2, 16, 5], "rotation": 90, "texture": "#0"},
				"west": {"uv": [15, 4, 16, 5], "texture": "#0"},
				"up": {"uv": [15, 2, 16, 5], "rotation": 90, "texture": "#0"},
				"down": {"uv": [15, 2, 16, 5], "rotation": 90, "texture": "#0"}
			}
		},
		{
			"from": [15.125, 10.75, 12.125],
			"to": [18.125, 11.75, 13.125],
			"rotation": {"angle": 45, "axis": "y", "origin": [11.75, 11.125, 16]},
			"faces": {
				"north": {"uv": [15, 2, 16, 5], "rotation": 270, "texture": "#0"},
				"east": {"uv": [15, 0, 16, 1], "rotation": 180, "texture": "#0"},
				"south": {"uv": [15, 2, 16, 5], "rotation": 90, "texture": "#0"},
				"west": {"uv": [15, 4, 16, 5], "texture": "#0"},
				"up": {"uv": [15, 2, 16, 5], "rotation": 90, "texture": "#0"},
				"down": {"uv": [15, 2, 16, 5], "rotation": 90, "texture": "#0"}
			}
		},
		{
			"from": [6, 11.25, 7.375],
			"to": [9, 12.25, 8.375],
			"rotation": {"angle": 45, "axis": "y", "origin": [6, 11.75, 7.875]},
			"faces": {
				"north": {"uv": [15, 2, 16, 5], "rotation": 270, "texture": "#0"},
				"east": {"uv": [15, 0, 16, 1], "rotation": 180, "texture": "#0"},
				"south": {"uv": [15, 2, 16, 5], "rotation": 90, "texture": "#0"},
				"west": {"uv": [15, 4, 16, 5], "texture": "#0"},
				"up": {"uv": [15, 2, 16, 5], "rotation": 90, "texture": "#0"},
				"down": {"uv": [15, 2, 16, 5], "rotation": 90, "texture": "#0"}
			}
		},
		{
			"from": [8.625, 4.25, 4.875],
			"to": [9.625, 5.25, 7.875],
			"rotation": {"angle": 45, "axis": "y", "origin": [9.125, 4.75, 7.875]},
			"faces": {
				"north": {"uv": [15, 0, 16, 1], "rotation": 180, "texture": "#0"},
				"east": {"uv": [15, 2, 16, 5], "rotation": 90, "texture": "#0"},
				"south": {"uv": [15, 4, 16, 5], "texture": "#0"},
				"west": {"uv": [15, 2, 16, 5], "rotation": 270, "texture": "#0"},
				"up": {"uv": [15, 2, 16, 5], "texture": "#0"},
				"down": {"uv": [15, 2, 16, 5], "rotation": 180, "texture": "#0"}
			}
		},
		{
			"from": [5.625, 9.375, 9.375],
			"to": [8.625, 10.375, 10.375],
			"rotation": {"angle": -22.5, "axis": "y", "origin": [8.625, 9.875, 9.875]},
			"faces": {
				"north": {"uv": [15, 2, 16, 5], "rotation": 90, "texture": "#0"},
				"east": {"uv": [15, 4, 16, 5], "texture": "#0"},
				"south": {"uv": [15, 2, 16, 5], "rotation": 270, "texture": "#0"},
				"west": {"uv": [15, 4, 16, 5], "rotation": 180, "texture": "#0"},
				"up": {"uv": [15, 2, 16, 5], "rotation": 270, "texture": "#0"},
				"down": {"uv": [15, 2, 16, 5], "rotation": 270, "texture": "#0"}
			}
		},
		{
			"from": [3.00393, 6.625, 13.62082],
			"to": [6.00393, 7.625, 14.62082],
			"rotation": {"angle": -45, "axis": "y", "origin": [8, 7, 16]},
			"faces": {
				"north": {"uv": [15, 2, 16, 5], "rotation": 90, "texture": "#0"},
				"east": {"uv": [15, 4, 16, 5], "texture": "#0"},
				"south": {"uv": [15, 2, 16, 5], "rotation": 270, "texture": "#0"},
				"west": {"uv": [15, 4, 16, 5], "rotation": 180, "texture": "#0"},
				"up": {"uv": [15, 2, 16, 5], "rotation": 270, "texture": "#0"},
				"down": {"uv": [15, 2, 16, 5], "rotation": 270, "texture": "#0"}
			}
		},
		{
			"from": [8.00393, 4.625, 13.62082],
			"to": [11.00393, 5.625, 14.62082],
			"rotation": {"angle": -45, "axis": "y", "origin": [13, 5, 16]},
			"faces": {
				"north": {"uv": [15, 2, 16, 5], "rotation": 90, "texture": "#0"},
				"east": {"uv": [15, 4, 16, 5], "texture": "#0"},
				"south": {"uv": [15, 2, 16, 5], "rotation": 270, "texture": "#0"},
				"west": {"uv": [15, 4, 16, 5], "rotation": 180, "texture": "#0"},
				"up": {"uv": [15, 2, 16, 5], "rotation": 270, "texture": "#0"},
				"down": {"uv": [15, 2, 16, 5], "rotation": 270, "texture": "#0"}
			}
		},
		{
			"from": [-1.99607, 8.625, 13.62082],
			"to": [1.00393, 9.625, 14.62082],
			"rotation": {"angle": -45, "axis": "y", "origin": [3, 9, 16]},
			"faces": {
				"north": {"uv": [15, 2, 16, 5], "rotation": 90, "texture": "#0"},
				"east": {"uv": [15, 4, 16, 5], "texture": "#0"},
				"south": {"uv": [15, 2, 16, 5], "rotation": 270, "texture": "#0"},
				"west": {"uv": [15, 4, 16, 5], "rotation": 180, "texture": "#0"},
				"up": {"uv": [15, 2, 16, 5], "rotation": 270, "texture": "#0"},
				"down": {"uv": [15, 2, 16, 5], "rotation": 270, "texture": "#0"}
			}
		},
		{
			"from": [12.625, 9.25, 6],
			"to": [13.625, 10.25, 9],
			"rotation": {"angle": 22.5, "axis": "y", "origin": [13.125, 9.75, 9]},
			"faces": {
				"north": {"uv": [15, 0, 16, 1], "rotation": 180, "texture": "#0"},
				"east": {"uv": [15, 2, 16, 5], "rotation": 90, "texture": "#0"},
				"south": {"uv": [15, 4, 16, 5], "texture": "#0"},
				"west": {"uv": [15, 2, 16, 5], "rotation": 270, "texture": "#0"},
				"up": {"uv": [15, 2, 16, 5], "texture": "#0"},
				"down": {"uv": [15, 2, 16, 5], "rotation": 180, "texture": "#0"}
			}
		},
		{
			"from": [14.625, 10.75, 9.625],
			"to": [15.625, 11.75, 12.625],
			"rotation": {"angle": 45, "axis": "y", "origin": [11.75, 11.125, 16]},
			"faces": {
				"north": {"uv": [15, 0, 16, 1], "rotation": 180, "texture": "#0"},
				"east": {"uv": [15, 2, 16, 5], "rotation": 90, "texture": "#0"},
				"south": {"uv": [15, 4, 16, 5], "texture": "#0"},
				"west": {"uv": [15, 2, 16, 5], "rotation": 270, "texture": "#0"},
				"up": {"uv": [15, 2, 16, 5], "texture": "#0"},
				"down": {"uv": [15, 2, 16, 5], "rotation": 180, "texture": "#0"}
			}
		},
		{
			"from": [5.5, 11.25, 4.875],
			"to": [6.5, 12.25, 7.875],
			"rotation": {"angle": 45, "axis": "y", "origin": [6, 11.75, 7.875]},
			"faces": {
				"north": {"uv": [15, 0, 16, 1], "rotation": 180, "texture": "#0"},
				"east": {"uv": [15, 2, 16, 5], "rotation": 90, "texture": "#0"},
				"south": {"uv": [15, 4, 16, 5], "texture": "#0"},
				"west": {"uv": [15, 2, 16, 5], "rotation": 270, "texture": "#0"},
				"up": {"uv": [15, 2, 16, 5], "texture": "#0"},
				"down": {"uv": [15, 2, 16, 5], "rotation": 180, "texture": "#0"}
			}
		},
		{
			"from": [3.875, 4.25, 5.625],
			"to": [4.875, 5.25, 8.625],
			"rotation": {"angle": 0, "axis": "y", "origin": [4.375, 4.75, 8.625]},
			"faces": {
				"north": {"uv": [15, 0, 16, 1], "rotation": 180, "texture": "#0"},
				"east": {"uv": [15, 2, 16, 5], "rotation": 90, "texture": "#0"},
				"south": {"uv": [15, 3, 16, 4], "texture": "#0"},
				"west": {"uv": [15, 2, 16, 5], "rotation": 270, "texture": "#0"},
				"up": {"uv": [15, 2, 16, 5], "texture": "#0"},
				"down": {"uv": [15, 2, 16, 5], "rotation": 180, "texture": "#0"}
			}
		},
		{
			"from": [1.125, 4.25, 8.125],
			"to": [4.125, 5.25, 9.125],
			"rotation": {"angle": -22.5, "axis": "y", "origin": [4.125, 4.75, 8.625]},
			"faces": {
				"north": {"uv": [15, 2, 16, 5], "rotation": 90, "texture": "#0"},
				"east": {"uv": [15, 4, 16, 5], "texture": "#0"},
				"south": {"uv": [15, 2, 16, 5], "rotation": 270, "texture": "#0"},
				"west": {"uv": [15, 0, 16, 1], "rotation": 180, "texture": "#0"},
				"up": {"uv": [15, 2, 16, 5], "rotation": 270, "texture": "#0"},
				"down": {"uv": [15, 2, 16, 5], "rotation": 270, "texture": "#0"}
			}
		},
		{
			"from": [12.5, 6.125, 11.5],
			"to": [15.5, 7.125, 12.5],
			"rotation": {"angle": 22.5, "axis": "y", "origin": [12.5, 6.625, 12]},
			"faces": {
				"north": {"uv": [15, 4, 16, 7], "rotation": 270, "texture": "#0"},
				"east": {"uv": [15, 3, 16, 4], "rotation": 180, "texture": "#0"},
				"south": {"uv": [15, 4, 16, 7], "rotation": 90, "texture": "#0"},
				"west": {"uv": [15, 6, 16, 7], "texture": "#0"},
				"up": {"uv": [15, 4, 16, 7], "rotation": 90, "texture": "#0"},
				"down": {"uv": [15, 4, 16, 7], "rotation": 90, "texture": "#0"}
			}
		},
		{
			"from": [3.625, 11.125, 7.375],
			"to": [4.875, 12.125, 12.375],
			"rotation": {"angle": -22.5, "axis": "y", "origin": [4.25, 11.625, 12.375]},
			"faces": {
				"north": {"uv": [15, 4, 16, 5], "rotation": 180, "texture": "#0"},
				"east": {"uv": [15, 5, 16, 10], "rotation": 90, "texture": "#0"},
				"south": {"uv": [15, 9, 16, 10], "texture": "#0"},
				"west": {"uv": [15, 5, 16, 10], "rotation": 270, "texture": "#0"},
				"up": {"uv": [15, 5, 16, 10], "texture": "#0"},
				"down": {"uv": [15, 5, 16, 10], "rotation": 180, "texture": "#0"}
			}
		},
		{
			"from": [10.625, 6, 11.25],
			"to": [11.875, 7, 16.25],
			"rotation": {"angle": -22.5, "axis": "y", "origin": [11.25, 6.5, 16.25]},
			"faces": {
				"north": {"uv": [15, 7, 16, 8], "rotation": 180, "texture": "#0"},
				"east": {"uv": [15, 7, 16, 12], "rotation": 90, "texture": "#0"},
				"south": {"uv": [15, 14, 16, 15], "texture": "#0"},
				"west": {"uv": [15, 7, 16, 12], "rotation": 270, "texture": "#0"},
				"up": {"uv": [15, 7, 16, 12], "texture": "#0"},
				"down": {"uv": [15, 7, 16, 12], "rotation": 180, "texture": "#0"}
			}
		},
		{
			"from": [3.75, 7, 12.25],
			"to": [5, 8, 16.25],
			"rotation": {"angle": 22.5, "axis": "y", "origin": [4.375, 7.5, 16.25]},
			"faces": {
				"north": {"uv": [15, 7, 16, 8], "rotation": 180, "texture": "#0"},
				"east": {"uv": [15, 7, 16, 11], "rotation": 90, "texture": "#0"},
				"south": {"uv": [15, 10, 16, 11], "texture": "#0"},
				"west": {"uv": [15, 7, 16, 11], "rotation": 270, "texture": "#0"},
				"up": {"uv": [15, 7, 16, 11], "texture": "#0"},
				"down": {"uv": [15, 7, 16, 11], "rotation": 180, "texture": "#0"}
			}
		},
		{
			"from": [9, 9, 12],
			"to": [10.5, 10, 16],
			"rotation": {"angle": 0, "axis": "x", "origin": [9.75, 9.5, 16]},
			"faces": {
				"north": {"uv": [15, 9, 16, 10], "rotation": 180, "texture": "#0"},
				"east": {"uv": [15, 10, 16, 14], "rotation": 90, "texture": "#0"},
				"south": {"uv": [15, 14, 16, 15], "texture": "#0"},
				"west": {"uv": [15, 10, 16, 14], "rotation": 270, "texture": "#0"},
				"up": {"uv": [15, 10, 16, 14], "texture": "#0"},
				"down": {"uv": [15, 10, 16, 14], "rotation": 180, "texture": "#0"}
			}
		}
	]
}