{
	"credit": "Made by XeKr with Blockbench",
	"parent": "block/cross",
	"textures": {
		"0": "block/fire_coral_3d",
		"particle": "block/fire_coral_3d"
	},
	"elements": [
		{
			"from": [6, 0, 6],
			"to": [10, 5, 10],
			"rotation": {"angle": 22.5, "axis": "y", "origin": [8, 2.5, 8]},
			"faces": {
				"north": {"uv": [0, 11, 4, 16], "texture": "#0"},
				"east": {"uv": [0, 11, 4, 16], "texture": "#0"},
				"south": {"uv": [0, 11, 4, 16], "texture": "#0"},
				"west": {"uv": [0, 11, 4, 16], "texture": "#0"},
				"up": {"uv": [0, 0, 4, 4], "texture": "#0"},
				"down": {"uv": [0, 12, 4, 16], "texture": "#0"}
			}
		},
		{
			"from": [2, 2.5, 7],
			"to": [7, 4.5, 10],
			"rotation": {"angle": 0, "axis": "y", "origin": [7, 3.5, 8.5]},
			"faces": {
				"north": {"uv": [0, 4, 2, 9], "rotation": 90, "texture": "#0"},
				"east": {"uv": [2, 7, 4, 10], "rotation": 270, "texture": "#0"},
				"south": {"uv": [0, 4, 2, 9], "rotation": 270, "texture": "#0"},
				"west": {"uv": [2, 3, 4, 6], "rotation": 270, "texture": "#0"},
				"up": {"uv": [1, 4, 4, 9], "rotation": 270, "texture": "#0"},
				"down": {"uv": [1, 4, 4, 9], "rotation": 270, "texture": "#0"}
			}
		},
		{
			"from": [7, 2.5, 2],
			"to": [10, 4.5, 7],
			"rotation": {"angle": -22.5, "axis": "y", "origin": [8.5, 3.5, 7]},
			"faces": {
				"north": {"uv": [2, 3, 4, 6], "rotation": 270, "texture": "#0"},
				"east": {"uv": [0, 4, 2, 9], "rotation": 90, "texture": "#0"},
				"south": {"uv": [2, 7, 4, 10], "rotation": 270, "texture": "#0"},
				"west": {"uv": [0, 4, 2, 9], "rotation": 270, "texture": "#0"},
				"up": {"uv": [1, 4, 4, 9], "texture": "#0"},
				"down": {"uv": [1, 4, 4, 9], "rotation": 180, "texture": "#0"}
			}
		},
		{
			"from": [7.375, 2.5, 9.125],
			"to": [10.375, 4.5, 14.125],
			"rotation": {"angle": 45, "axis": "y", "origin": [8.875, 3.5, 9.125]},
			"faces": {
				"north": {"uv": [2, 7, 4, 10], "rotation": 270, "texture": "#0"},
				"east": {"uv": [0, 4, 2, 9], "rotation": 270, "texture": "#0"},
				"south": {"uv": [2, 3, 4, 6], "rotation": 270, "texture": "#0"},
				"west": {"uv": [0, 4, 2, 9], "rotation": 90, "texture": "#0"},
				"up": {"uv": [1, 4, 4, 9], "rotation": 180, "texture": "#0"},
				"down": {"uv": [1, 4, 4, 9], "texture": "#0"}
			}
		},
		{
			"from": [3, 0, 3],
			"to": [5, 4, 5],
			"rotation": {"angle": 0, "axis": "y", "origin": [4, 0, 4]},
			"faces": {
				"north": {"uv": [4, 8, 6, 12], "texture": "#0"},
				"east": {"uv": [4, 8, 6, 12], "texture": "#0"},
				"south": {"uv": [4, 8, 6, 12], "texture": "#0"},
				"west": {"uv": [4, 8, 6, 12], "texture": "#0"},
				"up": {"uv": [4, 7, 6, 9], "texture": "#0"},
				"down": {"uv": [4, 14, 6, 16], "texture": "#0"}
			}
		},
		{
			"from": [2.89534, 3.25, 0.97041],
			"to": [4.39534, 4.25, 3.97041],
			"rotation": {"angle": -45, "axis": "y", "origin": [4, 0, 4.5]},
			"faces": {
				"north": {"uv": [6, 8, 8, 9], "rotation": 180, "texture": "#0"},
				"east": {"uv": [5, 4, 6, 7], "rotation": 90, "texture": "#0"},
				"south": {"uv": [4, 9, 6, 10], "texture": "#0"},
				"west": {"uv": [5, 4, 6, 7], "rotation": 270, "texture": "#0"},
				"up": {"uv": [4, 4, 6, 7], "texture": "#0"},
				"down": {"uv": [4, 4, 6, 7], "rotation": 180, "texture": "#0"}
			}
		},
		{
			"from": [0.47041, 3.25, 2.89534],
			"to": [3.47041, 4.25, 4.39534],
			"rotation": {"angle": 0, "axis": "y", "origin": [4, 0, 4]},
			"faces": {
				"north": {"uv": [5, 4, 6, 7], "rotation": 90, "texture": "#0"},
				"east": {"uv": [4, 9, 6, 10], "texture": "#0"},
				"south": {"uv": [5, 4, 6, 7], "rotation": 270, "texture": "#0"},
				"west": {"uv": [6, 8, 8, 9], "rotation": 180, "texture": "#0"},
				"up": {"uv": [4, 4, 6, 7], "rotation": 270, "texture": "#0"},
				"down": {"uv": [4, 4, 6, 7], "rotation": 270, "texture": "#0"}
			}
		},
		{
			"from": [3.09269, 3.75, 1.05683],
			"to": [4.09269, 6.75, 2.05683],
			"rotation": {"angle": -45, "axis": "y", "origin": [4, 0, 4.5]},
			"faces": {
				"north": {"uv": [15, 2, 16, 5], "texture": "#0"},
				"east": {"uv": [15, 2, 16, 5], "texture": "#0"},
				"south": {"uv": [15, 2, 16, 5], "texture": "#0"},
				"west": {"uv": [15, 2, 16, 5], "texture": "#0"},
				"up": {"uv": [15, 2, 16, 3], "texture": "#0"},
				"down": {"uv": [15, 4, 16, 5], "texture": "#0"}
			}
		},
		{
			"from": [0.67232, 3.75, 3.14053],
			"to": [1.67232, 8.75, 4.14053],
			"rotation": {"angle": 0, "axis": "y", "origin": [4, 0, 4]},
			"faces": {
				"north": {"uv": [15, 0, 16, 5], "texture": "#0"},
				"east": {"uv": [15, 0, 16, 5], "texture": "#0"},
				"south": {"uv": [15, 0, 16, 5], "texture": "#0"},
				"west": {"uv": [15, 0, 16, 5], "texture": "#0"},
				"up": {"uv": [15, 0, 16, 1], "rotation": 90, "texture": "#0"},
				"down": {"uv": [15, 4, 16, 5], "rotation": 270, "texture": "#0"}
			}
		},
		{
			"from": [12.5, 0, 6],
			"to": [14.5, 4, 8],
			"rotation": {"angle": -45, "axis": "y", "origin": [13.5, 0, 7]},
			"faces": {
				"north": {"uv": [4, 8, 6, 12], "texture": "#0"},
				"east": {"uv": [4, 8, 6, 12], "texture": "#0"},
				"south": {"uv": [4, 8, 6, 12], "texture": "#0"},
				"west": {"uv": [4, 8, 6, 12], "texture": "#0"},
				"up": {"uv": [4, 7, 6, 9], "rotation": 90, "texture": "#0"},
				"down": {"uv": [4, 14, 6, 16], "rotation": 270, "texture": "#0"}
			}
		},
		{
			"from": [13.10466, 3.25, 7.52959],
			"to": [14.60466, 4.25, 10.52959],
			"rotation": {"angle": 22.5, "axis": "y", "origin": [13.5, 0, 7]},
			"faces": {
				"north": {"uv": [4, 9, 6, 10], "texture": "#0"},
				"east": {"uv": [5, 4, 6, 7], "rotation": 270, "texture": "#0"},
				"south": {"uv": [6, 8, 8, 9], "rotation": 180, "texture": "#0"},
				"west": {"uv": [5, 4, 6, 7], "rotation": 90, "texture": "#0"},
				"up": {"uv": [4, 4, 6, 7], "rotation": 180, "texture": "#0"},
				"down": {"uv": [4, 4, 6, 7], "texture": "#0"}
			}
		},
		{
			"from": [13.10466, 3.25, 3.47041],
			"to": [14.60466, 4.25, 6.47041],
			"rotation": {"angle": -22.5, "axis": "y", "origin": [13.5, 0, 7]},
			"faces": {
				"north": {"uv": [6, 8, 8, 9], "rotation": 180, "texture": "#0"},
				"east": {"uv": [5, 4, 6, 7], "rotation": 90, "texture": "#0"},
				"south": {"uv": [4, 9, 6, 10], "texture": "#0"},
				"west": {"uv": [5, 4, 6, 7], "rotation": 270, "texture": "#0"},
				"up": {"uv": [4, 4, 6, 7], "texture": "#0"},
				"down": {"uv": [4, 4, 6, 7], "rotation": 180, "texture": "#0"}
			}
		},
		{
			"from": [13.40731, 3.75, 9.44317],
			"to": [14.40731, 6.75, 10.44317],
			"rotation": {"angle": 22.5, "axis": "y", "origin": [13.5, 0, 7]},
			"faces": {
				"north": {"uv": [15, 2, 16, 5], "texture": "#0"},
				"east": {"uv": [15, 2, 16, 5], "texture": "#0"},
				"south": {"uv": [15, 2, 16, 5], "texture": "#0"},
				"west": {"uv": [15, 2, 16, 5], "texture": "#0"},
				"up": {"uv": [15, 2, 16, 3], "rotation": 180, "texture": "#0"},
				"down": {"uv": [15, 4, 16, 5], "rotation": 180, "texture": "#0"}
			}
		},
		{
			"from": [13.35947, 3.75, 3.67232],
			"to": [14.35947, 8.75, 4.67232],
			"rotation": {"angle": -22.5, "axis": "y", "origin": [13.5, 0, 7]},
			"faces": {
				"north": {"uv": [15, 0, 16, 5], "texture": "#0"},
				"east": {"uv": [15, 0, 16, 5], "texture": "#0"},
				"south": {"uv": [15, 0, 16, 5], "texture": "#0"},
				"west": {"uv": [15, 0, 16, 5], "texture": "#0"},
				"up": {"uv": [15, 0, 16, 1], "rotation": 180, "texture": "#0"},
				"down": {"uv": [15, 4, 16, 5], "rotation": 180, "texture": "#0"}
			}
		},
		{
			"from": [3.5, 0, 12],
			"to": [5.5, 4, 14],
			"rotation": {"angle": 0, "axis": "y", "origin": [4.5, 0, 13]},
			"faces": {
				"north": {"uv": [4, 8, 6, 12], "texture": "#0"},
				"east": {"uv": [4, 8, 6, 12], "texture": "#0"},
				"south": {"uv": [4, 8, 6, 12], "texture": "#0"},
				"west": {"uv": [4, 8, 6, 12], "texture": "#0"},
				"up": {"uv": [4, 7, 6, 9], "texture": "#0"},
				"down": {"uv": [4, 14, 6, 16], "texture": "#0"}
			}
		},
		{
			"from": [4.76517, 3.25, 12.33839],
			"to": [7.76517, 4.25, 13.83839],
			"rotation": {"angle": -45, "axis": "y", "origin": [4.5, 0, 13]},
			"faces": {
				"north": {"uv": [5, 4, 6, 7], "rotation": 270, "texture": "#0"},
				"east": {"uv": [6, 8, 8, 9], "rotation": 180, "texture": "#0"},
				"south": {"uv": [5, 4, 6, 7], "rotation": 90, "texture": "#0"},
				"west": {"uv": [4, 9, 6, 10], "texture": "#0"},
				"up": {"uv": [4, 4, 6, 7], "rotation": 90, "texture": "#0"},
				"down": {"uv": [4, 4, 6, 7], "rotation": 90, "texture": "#0"}
			}
		},
		{
			"from": [0.97041, 3.25, 11.89534],
			"to": [3.97041, 4.25, 13.39534],
			"rotation": {"angle": 0, "axis": "y", "origin": [4.5, 0, 13]},
			"faces": {
				"north": {"uv": [5, 4, 6, 7], "rotation": 90, "texture": "#0"},
				"east": {"uv": [4, 9, 6, 10], "texture": "#0"},
				"south": {"uv": [5, 4, 6, 7], "rotation": 270, "texture": "#0"},
				"west": {"uv": [6, 8, 8, 9], "rotation": 180, "texture": "#0"},
				"up": {"uv": [4, 4, 6, 7], "rotation": 270, "texture": "#0"},
				"down": {"uv": [4, 4, 6, 7], "rotation": 270, "texture": "#0"}
			}
		},
		{
			"from": [6.56326, 3.75, 12.58839],
			"to": [7.56326, 7.75, 13.58839],
			"rotation": {"angle": -45, "axis": "y", "origin": [4.5, 0, 13]},
			"faces": {
				"north": {"uv": [15, 1, 16, 5], "texture": "#0"},
				"east": {"uv": [15, 1, 16, 5], "texture": "#0"},
				"south": {"uv": [15, 1, 16, 5], "texture": "#0"},
				"west": {"uv": [15, 1, 16, 5], "texture": "#0"},
				"up": {"uv": [15, 1, 16, 2], "texture": "#0"},
				"down": {"uv": [15, 4, 16, 5], "texture": "#0"}
			}
		},
		{
			"from": [1.17232, 3.75, 12.14053],
			"to": [2.17232, 8.75, 13.14053],
			"rotation": {"angle": 0, "axis": "y", "origin": [4.5, 0, 13]},
			"faces": {
				"north": {"uv": [15, 0, 16, 5], "texture": "#0"},
				"east": {"uv": [15, 0, 16, 5], "texture": "#0"},
				"south": {"uv": [15, 0, 16, 5], "texture": "#0"},
				"west": {"uv": [15, 0, 16, 5], "texture": "#0"},
				"up": {"uv": [15, 0, 16, 1], "rotation": 90, "texture": "#0"},
				"down": {"uv": [15, 4, 16, 5], "rotation": 270, "texture": "#0"}
			}
		},
		{
			"from": [10.875, 3, 11],
			"to": [12.875, 7, 13],
			"rotation": {"angle": 22.5, "axis": "y", "origin": [11.875, 3, 12]},
			"faces": {
				"north": {"uv": [4, 8, 6, 12], "texture": "#0"},
				"east": {"uv": [4, 8, 6, 12], "texture": "#0"},
				"south": {"uv": [4, 8, 6, 12], "texture": "#0"},
				"west": {"uv": [4, 8, 6, 12], "texture": "#0"},
				"up": {"uv": [4, 7, 6, 9], "rotation": 270, "texture": "#0"},
				"down": {"uv": [4, 14, 6, 16], "rotation": 90, "texture": "#0"}
			}
		},
		{
			"from": [8.34541, 6.25, 11.60466],
			"to": [11.34541, 7.25, 13.10466],
			"rotation": {"angle": 0, "axis": "y", "origin": [11.875, 3, 12]},
			"faces": {
				"north": {"uv": [5, 4, 6, 7], "rotation": 90, "texture": "#0"},
				"east": {"uv": [4, 9, 6, 10], "texture": "#0"},
				"south": {"uv": [5, 4, 6, 7], "rotation": 270, "texture": "#0"},
				"west": {"uv": [6, 8, 8, 9], "rotation": 180, "texture": "#0"},
				"up": {"uv": [4, 4, 6, 7], "rotation": 270, "texture": "#0"},
				"down": {"uv": [4, 4, 6, 7], "rotation": 270, "texture": "#0"}
			}
		},
		{
			"from": [11.21339, 6.25, 8.73483],
			"to": [12.71339, 7.25, 11.73483],
			"rotation": {"angle": -22.5, "axis": "y", "origin": [11.875, 3, 12]},
			"faces": {
				"north": {"uv": [6, 8, 8, 9], "rotation": 180, "texture": "#0"},
				"east": {"uv": [5, 4, 6, 7], "rotation": 90, "texture": "#0"},
				"south": {"uv": [4, 9, 6, 10], "texture": "#0"},
				"west": {"uv": [5, 4, 6, 7], "rotation": 270, "texture": "#0"},
				"up": {"uv": [4, 4, 6, 7], "texture": "#0"},
				"down": {"uv": [4, 4, 6, 7], "rotation": 180, "texture": "#0"}
			}
		},
		{
			"from": [10.77034, 6.25, 12.52959],
			"to": [12.27034, 7.25, 15.52959],
			"rotation": {"angle": 45, "axis": "y", "origin": [11.875, 3, 12]},
			"faces": {
				"north": {"uv": [4, 9, 6, 10], "texture": "#0"},
				"east": {"uv": [5, 4, 6, 7], "rotation": 270, "texture": "#0"},
				"south": {"uv": [6, 8, 8, 9], "rotation": 180, "texture": "#0"},
				"west": {"uv": [5, 4, 6, 7], "rotation": 90, "texture": "#0"},
				"up": {"uv": [4, 4, 6, 7], "rotation": 180, "texture": "#0"},
				"down": {"uv": [4, 4, 6, 7], "texture": "#0"}
			}
		},
		{
			"from": [8.43183, 6.75, 11.90731],
			"to": [9.43183, 9.75, 12.90731],
			"rotation": {"angle": 0, "axis": "y", "origin": [11.875, 3, 12]},
			"faces": {
				"north": {"uv": [15, 2, 16, 5], "texture": "#0"},
				"east": {"uv": [15, 2, 16, 5], "texture": "#0"},
				"south": {"uv": [15, 2, 16, 5], "texture": "#0"},
				"west": {"uv": [15, 2, 16, 5], "texture": "#0"},
				"up": {"uv": [15, 2, 16, 3], "rotation": 270, "texture": "#0"},
				"down": {"uv": [15, 4, 16, 5], "rotation": 90, "texture": "#0"}
			}
		},
		{
			"from": [11.46339, 6.75, 8.93674],
			"to": [12.46339, 10.75, 9.93674],
			"rotation": {"angle": -22.5, "axis": "y", "origin": [11.875, 3, 12]},
			"faces": {
				"north": {"uv": [15, 1, 16, 5], "texture": "#0"},
				"east": {"uv": [15, 1, 16, 5], "texture": "#0"},
				"south": {"uv": [15, 1, 16, 5], "texture": "#0"},
				"west": {"uv": [15, 1, 16, 5], "texture": "#0"},
				"up": {"uv": [15, 1, 16, 2], "rotation": 270, "texture": "#0"},
				"down": {"uv": [15, 4, 16, 5], "rotation": 90, "texture": "#0"}
			}
		},
		{
			"from": [11.01553, 6.75, 14.32768],
			"to": [12.01553, 11.75, 15.32768],
			"rotation": {"angle": 45, "axis": "y", "origin": [11.875, 3, 12]},
			"faces": {
				"north": {"uv": [15, 0, 16, 5], "texture": "#0"},
				"east": {"uv": [15, 0, 16, 5], "texture": "#0"},
				"south": {"uv": [15, 0, 16, 5], "texture": "#0"},
				"west": {"uv": [15, 0, 16, 5], "texture": "#0"},
				"up": {"uv": [15, 0, 16, 1], "texture": "#0"},
				"down": {"uv": [15, 4, 16, 5], "texture": "#0"}
			}
		},
		{
			"from": [9, 3, 3],
			"to": [11, 7, 5],
			"rotation": {"angle": -22.5, "axis": "y", "origin": [10, 3, 4]},
			"faces": {
				"north": {"uv": [4, 8, 6, 12], "texture": "#0"},
				"east": {"uv": [4, 8, 6, 12], "texture": "#0"},
				"south": {"uv": [4, 8, 6, 12], "texture": "#0"},
				"west": {"uv": [4, 8, 6, 12], "texture": "#0"},
				"up": {"uv": [4, 7, 6, 9], "rotation": 90, "texture": "#0"},
				"down": {"uv": [4, 14, 6, 16], "rotation": 270, "texture": "#0"}
			}
		},
		{
			"from": [10.52959, 6.25, 2.89534],
			"to": [13.52959, 7.25, 4.39534],
			"rotation": {"angle": -45, "axis": "y", "origin": [10, 3, 4]},
			"faces": {
				"north": {"uv": [5, 4, 6, 7], "rotation": 270, "texture": "#0"},
				"east": {"uv": [6, 8, 8, 9], "rotation": 180, "texture": "#0"},
				"south": {"uv": [5, 4, 6, 7], "rotation": 90, "texture": "#0"},
				"west": {"uv": [4, 9, 6, 10], "texture": "#0"},
				"up": {"uv": [4, 4, 6, 7], "rotation": 90, "texture": "#0"},
				"down": {"uv": [4, 4, 6, 7], "rotation": 90, "texture": "#0"}
			}
		},
		{
			"from": [6.73483, 6.25, 3.16161],
			"to": [9.73483, 7.25, 4.66161],
			"rotation": {"angle": 22.5, "axis": "y", "origin": [10, 3, 4]},
			"faces": {
				"north": {"uv": [5, 4, 6, 7], "rotation": 90, "texture": "#0"},
				"east": {"uv": [4, 9, 6, 10], "texture": "#0"},
				"south": {"uv": [5, 4, 6, 7], "rotation": 270, "texture": "#0"},
				"west": {"uv": [6, 8, 8, 9], "rotation": 180, "texture": "#0"},
				"up": {"uv": [4, 4, 6, 7], "rotation": 270, "texture": "#0"},
				"down": {"uv": [4, 4, 6, 7], "rotation": 270, "texture": "#0"}
			}
		},
		{
			"from": [9.60466, 6.25, 0.47041],
			"to": [11.10466, 7.25, 3.47041],
			"rotation": {"angle": 0, "axis": "y", "origin": [10, 3, 4]},
			"faces": {
				"north": {"uv": [6, 8, 8, 9], "rotation": 180, "texture": "#0"},
				"east": {"uv": [5, 4, 6, 7], "rotation": 90, "texture": "#0"},
				"south": {"uv": [4, 9, 6, 10], "texture": "#0"},
				"west": {"uv": [5, 4, 6, 7], "rotation": 270, "texture": "#0"},
				"up": {"uv": [4, 4, 6, 7], "texture": "#0"},
				"down": {"uv": [4, 4, 6, 7], "rotation": 180, "texture": "#0"}
			}
		},
		{
			"from": [12.44317, 6.75, 3.09269],
			"to": [13.44317, 9.75, 4.09269],
			"rotation": {"angle": -45, "axis": "y", "origin": [10, 3, 4]},
			"faces": {
				"north": {"uv": [15, 2, 16, 5], "texture": "#0"},
				"east": {"uv": [15, 2, 16, 5], "texture": "#0"},
				"south": {"uv": [15, 2, 16, 5], "texture": "#0"},
				"west": {"uv": [15, 2, 16, 5], "texture": "#0"},
				"up": {"uv": [15, 2, 16, 3], "rotation": 90, "texture": "#0"},
				"down": {"uv": [15, 4, 16, 5], "rotation": 270, "texture": "#0"}
			}
		},
		{
			"from": [6.93674, 6.75, 3.41161],
			"to": [7.93674, 10.75, 4.41161],
			"rotation": {"angle": 22.5, "axis": "y", "origin": [10, 3, 4]},
			"faces": {
				"north": {"uv": [15, 1, 16, 5], "texture": "#0"},
				"east": {"uv": [15, 1, 16, 5], "texture": "#0"},
				"south": {"uv": [15, 1, 16, 5], "texture": "#0"},
				"west": {"uv": [15, 1, 16, 5], "texture": "#0"},
				"up": {"uv": [15, 1, 16, 2], "rotation": 180, "texture": "#0"},
				"down": {"uv": [15, 4, 16, 5], "rotation": 180, "texture": "#0"}
			}
		},
		{
			"from": [9.85947, 6.75, 0.67232],
			"to": [10.85947, 11.75, 1.67232],
			"rotation": {"angle": 0, "axis": "y", "origin": [10, 3, 4]},
			"faces": {
				"north": {"uv": [15, 0, 16, 5], "texture": "#0"},
				"east": {"uv": [15, 0, 16, 5], "texture": "#0"},
				"south": {"uv": [15, 0, 16, 5], "texture": "#0"},
				"west": {"uv": [15, 0, 16, 5], "texture": "#0"},
				"up": {"uv": [15, 0, 16, 1], "rotation": 180, "texture": "#0"},
				"down": {"uv": [15, 4, 16, 5], "rotation": 180, "texture": "#0"}
			}
		},
		{
			"from": [2.5, 3, 7.5],
			"to": [4.5, 7, 9.5],
			"rotation": {"angle": 45, "axis": "y", "origin": [3.5, 3, 8.5]},
			"faces": {
				"north": {"uv": [4, 8, 6, 12], "texture": "#0"},
				"east": {"uv": [4, 8, 6, 12], "texture": "#0"},
				"south": {"uv": [4, 8, 6, 12], "texture": "#0"},
				"west": {"uv": [4, 8, 6, 12], "texture": "#0"},
				"up": {"uv": [4, 7, 6, 9], "texture": "#0"},
				"down": {"uv": [4, 14, 6, 16], "texture": "#0"}
			}
		},
		{
			"from": [2.39534, 6.25, 4.97041],
			"to": [3.89534, 7.25, 7.97041],
			"rotation": {"angle": 22.5, "axis": "y", "origin": [3.5, 3, 8.5]},
			"faces": {
				"north": {"uv": [6, 8, 8, 9], "rotation": 180, "texture": "#0"},
				"east": {"uv": [5, 4, 6, 7], "rotation": 90, "texture": "#0"},
				"south": {"uv": [4, 9, 6, 10], "texture": "#0"},
				"west": {"uv": [5, 4, 6, 7], "rotation": 270, "texture": "#0"},
				"up": {"uv": [4, 4, 6, 7], "texture": "#0"},
				"down": {"uv": [4, 4, 6, 7], "rotation": 180, "texture": "#0"}
			}
		},
		{
			"from": [3.76517, 6.25, 7.83839],
			"to": [6.76517, 7.25, 9.33839],
			"rotation": {"angle": 0, "axis": "y", "origin": [3.5, 3, 8.5]},
			"faces": {
				"north": {"uv": [5, 4, 6, 7], "rotation": 270, "texture": "#0"},
				"east": {"uv": [6, 8, 8, 9], "rotation": 180, "texture": "#0"},
				"south": {"uv": [5, 4, 6, 7], "rotation": 90, "texture": "#0"},
				"west": {"uv": [4, 9, 6, 10], "texture": "#0"},
				"up": {"uv": [4, 4, 6, 7], "rotation": 90, "texture": "#0"},
				"down": {"uv": [4, 4, 6, 7], "rotation": 90, "texture": "#0"}
			}
		},
		{
			"from": [2.39534, 6.25, 9.02959],
			"to": [3.89534, 7.25, 12.02959],
			"rotation": {"angle": -22.5, "axis": "y", "origin": [3.5, 3, 8.5]},
			"faces": {
				"north": {"uv": [4, 9, 6, 10], "texture": "#0"},
				"east": {"uv": [5, 4, 6, 7], "rotation": 270, "texture": "#0"},
				"south": {"uv": [6, 8, 8, 9], "rotation": 180, "texture": "#0"},
				"west": {"uv": [5, 4, 6, 7], "rotation": 90, "texture": "#0"},
				"up": {"uv": [4, 4, 6, 7], "rotation": 180, "texture": "#0"},
				"down": {"uv": [4, 4, 6, 7], "texture": "#0"}
			}
		},
		{
			"from": [2.59269, 6.75, 5.05683],
			"to": [3.59269, 9.75, 6.05683],
			"rotation": {"angle": 22.5, "axis": "y", "origin": [3.5, 3, 8.5]},
			"faces": {
				"north": {"uv": [15, 2, 16, 5], "texture": "#0"},
				"east": {"uv": [15, 2, 16, 5], "texture": "#0"},
				"south": {"uv": [15, 2, 16, 5], "texture": "#0"},
				"west": {"uv": [15, 2, 16, 5], "texture": "#0"},
				"up": {"uv": [15, 2, 16, 3], "texture": "#0"},
				"down": {"uv": [15, 4, 16, 5], "texture": "#0"}
			}
		},
		{
			"from": [5.56326, 6.75, 8.08839],
			"to": [6.56326, 10.75, 9.08839],
			"rotation": {"angle": 0, "axis": "y", "origin": [3.5, 3, 8.5]},
			"faces": {
				"north": {"uv": [15, 1, 16, 5], "texture": "#0"},
				"east": {"uv": [15, 1, 16, 5], "texture": "#0"},
				"south": {"uv": [15, 1, 16, 5], "texture": "#0"},
				"west": {"uv": [15, 1, 16, 5], "texture": "#0"},
				"up": {"uv": [15, 1, 16, 2], "texture": "#0"},
				"down": {"uv": [15, 4, 16, 5], "texture": "#0"}
			}
		},
		{
			"from": [2.64053, 6.75, 10.82768],
			"to": [3.64053, 11.75, 11.82768],
			"rotation": {"angle": -22.5, "axis": "y", "origin": [3.5, 3, 8.5]},
			"faces": {
				"north": {"uv": [15, 0, 16, 5], "texture": "#0"},
				"east": {"uv": [15, 0, 16, 5], "texture": "#0"},
				"south": {"uv": [15, 0, 16, 5], "texture": "#0"},
				"west": {"uv": [15, 0, 16, 5], "texture": "#0"},
				"up": {"uv": [15, 0, 16, 1], "texture": "#0"},
				"down": {"uv": [15, 4, 16, 5], "texture": "#0"}
			}
		}
	],
	"groups": [0, 1, 2, 3,
		{
			"name": "group",
			"origin": [0.25, 6.25, 3.75],
			"children": [4, 5, 6, 7, 8]
		},
		{
			"name": "group",
			"origin": [0.25, 6.25, 3.75],
			"children": [9, 10, 11, 12, 13]
		},
		{
			"name": "group",
			"origin": [0.25, 6.25, 3.75],
			"children": [14, 15, 16, 17, 18]
		},
		{
			"name": "group",
			"origin": [0.25, 6.25, 3.75],
			"children": [19, 20, 21, 22, 23, 24, 25]
		},
		{
			"name": "group",
			"origin": [0.25, 6.25, 3.75],
			"children": [26, 27, 28, 29, 30, 31, 32]
		},
		{
			"name": "group",
			"origin": [0.25, 6.25, 3.75],
			"children": [33, 34, 35, 36, 37, 38, 39]
		}
	]
}