{
	"credit": "Made by XeKr with Blockbench",
	"parent": "block/cross",
	"textures": {
		"0": "block/fire_coral_3d",
		"particle": "block/fire_coral_3d"
	},
	"elements": [
		{
			"from": [6, 0, 6],
			"to": [10, 1.125, 10],
			"rotation": {"angle": 22.5, "axis": "y", "origin": [8, 2.5, 8]},
			"faces": {
				"north": {"uv": [0, 14, 4, 15], "texture": "#0"},
				"east": {"uv": [0, 14, 4, 15], "texture": "#0"},
				"south": {"uv": [0, 14, 4, 15], "texture": "#0"},
				"west": {"uv": [0, 14, 4, 15], "texture": "#0"},
				"up": {"uv": [0, 0, 4, 4], "texture": "#0"},
				"down": {"uv": [0, 12, 4, 16], "texture": "#0"}
			}
		},
		{
			"from": [7, 0, 2],
			"to": [10, 0.625, 7],
			"rotation": {"angle": -22.5, "axis": "y", "origin": [8.5, 1, 7]},
			"faces": {
				"north": {"uv": [3, 3, 4, 6], "rotation": 270, "texture": "#0"},
				"east": {"uv": [0, 4, 1, 9], "rotation": 90, "texture": "#0"},
				"south": {"uv": [3, 7, 4, 10], "rotation": 270, "texture": "#0"},
				"west": {"uv": [0, 4, 1, 9], "rotation": 270, "texture": "#0"},
				"up": {"uv": [1, 4, 4, 9], "texture": "#0"},
				"down": {"uv": [1, 4, 4, 9], "rotation": 180, "texture": "#0"}
			}
		},
		{
			"from": [1.875, 0, 7],
			"to": [6.875, 0.625, 10],
			"rotation": {"angle": 0, "axis": "y", "origin": [6.875, 1, 8.5]},
			"faces": {
				"north": {"uv": [0, 4, 1, 9], "rotation": 90, "texture": "#0"},
				"east": {"uv": [3, 7, 4, 10], "rotation": 270, "texture": "#0"},
				"south": {"uv": [0, 4, 1, 9], "rotation": 270, "texture": "#0"},
				"west": {"uv": [3, 3, 4, 6], "rotation": 270, "texture": "#0"},
				"up": {"uv": [1, 4, 4, 9], "rotation": 270, "texture": "#0"},
				"down": {"uv": [1, 4, 4, 9], "rotation": 270, "texture": "#0"}
			}
		},
		{
			"from": [7.375, 0, 9.125],
			"to": [10.375, 0.625, 14.125],
			"rotation": {"angle": 45, "axis": "y", "origin": [8.875, 1, 9.125]},
			"faces": {
				"north": {"uv": [3, 7, 4, 10], "rotation": 270, "texture": "#0"},
				"east": {"uv": [0, 4, 1, 9], "rotation": 270, "texture": "#0"},
				"south": {"uv": [3, 3, 4, 6], "rotation": 270, "texture": "#0"},
				"west": {"uv": [0, 4, 1, 9], "rotation": 90, "texture": "#0"},
				"up": {"uv": [1, 4, 4, 9], "rotation": 180, "texture": "#0"},
				"down": {"uv": [1, 4, 4, 9], "texture": "#0"}
			}
		},
		{
			"from": [8.34541, 0, 11.60466],
			"to": [11.34541, 1.125, 13.10466],
			"rotation": {"angle": 0, "axis": "y", "origin": [11.875, -3.25, 12]},
			"faces": {
				"north": {"uv": [5, 4, 6, 7], "rotation": 90, "texture": "#0"},
				"east": {"uv": [4, 9, 6, 10], "texture": "#0"},
				"south": {"uv": [5, 4, 6, 7], "rotation": 270, "texture": "#0"},
				"west": {"uv": [6, 8, 8, 9], "rotation": 180, "texture": "#0"},
				"up": {"uv": [4, 4, 6, 7], "rotation": 270, "texture": "#0"},
				"down": {"uv": [4, 4, 6, 7], "rotation": 270, "texture": "#0"}
			}
		},
		{
			"from": [11.21339, 0, 8.73483],
			"to": [12.71339, 1.125, 11.73483],
			"rotation": {"angle": -22.5, "axis": "y", "origin": [11.875, -3.25, 12]},
			"faces": {
				"north": {"uv": [6, 8, 8, 9], "rotation": 180, "texture": "#0"},
				"east": {"uv": [5, 4, 6, 7], "rotation": 90, "texture": "#0"},
				"south": {"uv": [4, 9, 6, 10], "texture": "#0"},
				"west": {"uv": [5, 4, 6, 7], "rotation": 270, "texture": "#0"},
				"up": {"uv": [4, 4, 6, 7], "texture": "#0"},
				"down": {"uv": [4, 4, 6, 7], "rotation": 180, "texture": "#0"}
			}
		},
		{
			"from": [10.77034, 0, 12.52959],
			"to": [12.27034, 1.125, 16.52959],
			"rotation": {"angle": 45, "axis": "y", "origin": [11.875, -3.25, 12]},
			"faces": {
				"north": {"uv": [4, 9, 6, 10], "texture": "#0"},
				"east": {"uv": [5, 3, 6, 7], "rotation": 270, "texture": "#0"},
				"south": {"uv": [6, 8, 8, 9], "rotation": 180, "texture": "#0"},
				"west": {"uv": [5, 3, 6, 7], "rotation": 90, "texture": "#0"},
				"up": {"uv": [4, 3, 6, 7], "rotation": 180, "texture": "#0"},
				"down": {"uv": [4, 3, 6, 7], "texture": "#0"}
			}
		},
		{
			"from": [14.44317, 0.5, 12.21769],
			"to": [15.44317, 3.5, 13.21769],
			"rotation": {"angle": -45, "axis": "y", "origin": [12, -4.25, 13.125]},
			"faces": {
				"north": {"uv": [15, 0, 16, 3], "texture": "#0"},
				"east": {"uv": [15, 0, 16, 3], "texture": "#0"},
				"south": {"uv": [15, 0, 16, 3], "texture": "#0"},
				"west": {"uv": [15, 0, 16, 3], "texture": "#0"},
				"up": {"uv": [15, 0, 16, 1], "rotation": 270, "texture": "#0"},
				"down": {"uv": [15, 0, 16, 1], "rotation": 270, "texture": "#0"}
			}
		},
		{
			"from": [11.34269, 0.5, 9.05683],
			"to": [12.34269, 1.5, 10.05683],
			"rotation": {"angle": -22.5, "axis": "y", "origin": [12.25, -4.25, 12.5]},
			"faces": {
				"north": {"uv": [15, 0, 16, 1], "rotation": 90, "texture": "#0"},
				"east": {"uv": [15, 0, 16, 1], "rotation": 90, "texture": "#0"},
				"south": {"uv": [15, 0, 16, 1], "rotation": 90, "texture": "#0"},
				"west": {"uv": [15, 0, 16, 1], "rotation": 90, "texture": "#0"},
				"up": {"uv": [15, 0, 16, 1], "rotation": 180, "texture": "#0"},
				"down": {"uv": [15, 0, 16, 1], "texture": "#0"}
			}
		},
		{
			"from": [8.55683, 0.5, 11.90731],
			"to": [9.55683, 1.5, 12.90731],
			"rotation": {"angle": 0, "axis": "y", "origin": [12, -4.25, 12]},
			"faces": {
				"north": {"uv": [15, 0, 16, 1], "rotation": 90, "texture": "#0"},
				"east": {"uv": [15, 0, 16, 1], "rotation": 90, "texture": "#0"},
				"south": {"uv": [15, 0, 16, 1], "rotation": 90, "texture": "#0"},
				"west": {"uv": [15, 0, 16, 1], "rotation": 90, "texture": "#0"},
				"up": {"uv": [15, 0, 16, 1], "rotation": 90, "texture": "#0"},
				"down": {"uv": [15, 0, 16, 1], "rotation": 90, "texture": "#0"}
			}
		},
		{
			"from": [10.52959, 0, 2.52034],
			"to": [15.52959, 1.125, 4.02034],
			"rotation": {"angle": 22.5, "axis": "y", "origin": [10, -3.25, 3.625]},
			"faces": {
				"north": {"uv": [5, 1, 6, 7], "rotation": 270, "texture": "#0"},
				"east": {"uv": [6, 8, 8, 9], "rotation": 180, "texture": "#0"},
				"south": {"uv": [5, 1, 6, 7], "rotation": 90, "texture": "#0"},
				"west": {"uv": [4, 9, 6, 10], "texture": "#0"},
				"up": {"uv": [4, 1, 6, 7], "rotation": 90, "texture": "#0"},
				"down": {"uv": [4, 1, 6, 7], "rotation": 90, "texture": "#0"}
			}
		},
		{
			"from": [6.47041, 0, 2.52034],
			"to": [9.47041, 1.125, 4.02034],
			"rotation": {"angle": -45, "axis": "y", "origin": [10, -3.25, 3.625]},
			"faces": {
				"north": {"uv": [5, 4, 6, 7], "rotation": 90, "texture": "#0"},
				"east": {"uv": [4, 9, 6, 10], "texture": "#0"},
				"south": {"uv": [5, 4, 6, 7], "rotation": 270, "texture": "#0"},
				"west": {"uv": [6, 8, 8, 9], "rotation": 180, "texture": "#0"},
				"up": {"uv": [4, 4, 6, 7], "rotation": 270, "texture": "#0"},
				"down": {"uv": [4, 4, 6, 7], "rotation": 270, "texture": "#0"}
			}
		},
		{
			"from": [14.19317, 0.5, 2.09269],
			"to": [15.19317, 4.5, 3.09269],
			"rotation": {"angle": 22.5, "axis": "y", "origin": [11.75, -5.25, 3]},
			"faces": {
				"north": {"uv": [15, 0, 16, 4], "texture": "#0"},
				"east": {"uv": [15, 0, 16, 4], "texture": "#0"},
				"south": {"uv": [15, 0, 16, 4], "texture": "#0"},
				"west": {"uv": [15, 0, 16, 4], "texture": "#0"},
				"up": {"uv": [15, 0, 16, 1], "texture": "#0"},
				"down": {"uv": [15, 0, 16, 1], "texture": "#0"}
			}
		},
		{
			"from": [6.67232, 0.5, 2.76553],
			"to": [7.67232, 2.5, 3.76553],
			"rotation": {"angle": -45, "axis": "y", "origin": [10, -3.25, 3.625]},
			"faces": {
				"north": {"uv": [15, 0, 16, 2], "texture": "#0"},
				"east": {"uv": [15, 0, 16, 2], "texture": "#0"},
				"south": {"uv": [15, 0, 16, 2], "texture": "#0"},
				"west": {"uv": [15, 0, 16, 2], "texture": "#0"},
				"up": {"uv": [15, 0, 16, 1], "rotation": 270, "texture": "#0"},
				"down": {"uv": [15, 0, 16, 1], "rotation": 90, "texture": "#0"}
			}
		},
		{
			"from": [2.39534, 0, 3.97041],
			"to": [3.89534, 1.125, 7.97041],
			"rotation": {"angle": 22.5, "axis": "y", "origin": [3.5, -3.25, 8.5]},
			"faces": {
				"north": {"uv": [6, 8, 8, 9], "rotation": 180, "texture": "#0"},
				"east": {"uv": [5, 3, 6, 7], "rotation": 90, "texture": "#0"},
				"south": {"uv": [4, 9, 6, 10], "texture": "#0"},
				"west": {"uv": [5, 3, 6, 7], "rotation": 270, "texture": "#0"},
				"up": {"uv": [4, 3, 6, 7], "texture": "#0"},
				"down": {"uv": [4, 3, 6, 7], "rotation": 180, "texture": "#0"}
			}
		},
		{
			"from": [2.39534, 0, 9.02959],
			"to": [3.89534, 1.125, 12.02959],
			"rotation": {"angle": -45, "axis": "y", "origin": [3.5, -3.25, 8.5]},
			"faces": {
				"north": {"uv": [4, 9, 6, 10], "texture": "#0"},
				"east": {"uv": [5, 4, 6, 7], "rotation": 270, "texture": "#0"},
				"south": {"uv": [6, 8, 8, 9], "rotation": 180, "texture": "#0"},
				"west": {"uv": [5, 4, 6, 7], "rotation": 90, "texture": "#0"},
				"up": {"uv": [4, 4, 6, 7], "rotation": 180, "texture": "#0"},
				"down": {"uv": [4, 4, 6, 7], "texture": "#0"}
			}
		},
		{
			"from": [2.34269, 0.5, 4.30683],
			"to": [3.34269, 2.5, 5.30683],
			"rotation": {"angle": 22.5, "axis": "y", "origin": [3.25, -3.25, 7.75]},
			"faces": {
				"north": {"uv": [15, 0, 16, 2], "texture": "#0"},
				"east": {"uv": [15, 0, 16, 2], "texture": "#0"},
				"south": {"uv": [15, 0, 16, 2], "texture": "#0"},
				"west": {"uv": [15, 0, 16, 2], "texture": "#0"},
				"up": {"uv": [15, 0, 16, 1], "texture": "#0"},
				"down": {"uv": [15, 0, 16, 1], "texture": "#0"}
			}
		},
		{
			"from": [2.64053, 0.5, 10.82768],
			"to": [3.64053, 4.5, 11.82768],
			"rotation": {"angle": -45, "axis": "y", "origin": [3.5, -3.25, 8.5]},
			"faces": {
				"north": {"uv": [15, 0, 16, 4], "texture": "#0"},
				"east": {"uv": [15, 0, 16, 4], "texture": "#0"},
				"south": {"uv": [15, 0, 16, 4], "texture": "#0"},
				"west": {"uv": [15, 0, 16, 4], "texture": "#0"},
				"up": {"uv": [15, 0, 16, 1], "texture": "#0"},
				"down": {"uv": [15, 0, 16, 1], "texture": "#0"}
			}
		},
		{
			"from": [2.75, 0, 12],
			"to": [4.75, 1.125, 14],
			"rotation": {"angle": 22.5, "axis": "y", "origin": [3.75, 0, 13]},
			"faces": {
				"north": {"uv": [4, 8, 6, 9], "texture": "#0"},
				"east": {"uv": [4, 8, 6, 9], "texture": "#0"},
				"south": {"uv": [4, 8, 6, 9], "texture": "#0"},
				"west": {"uv": [4, 8, 6, 9], "texture": "#0"},
				"up": {"uv": [4, 7, 6, 9], "texture": "#0"},
				"down": {"uv": [4, 14, 6, 16], "texture": "#0"}
			}
		},
		{
			"from": [4.01517, 1, 12.33839],
			"to": [7.01517, 1.625, 13.83839],
			"rotation": {"angle": -45, "axis": "y", "origin": [3.75, -2.25, 13]},
			"faces": {
				"north": {"uv": [5, 4, 6, 7], "rotation": 270, "texture": "#0"},
				"east": {"uv": [6, 8, 8, 9], "rotation": 180, "texture": "#0"},
				"south": {"uv": [5, 4, 6, 7], "rotation": 90, "texture": "#0"},
				"west": {"uv": [4, 9, 6, 10], "texture": "#0"},
				"up": {"uv": [4, 4, 6, 7], "rotation": 90, "texture": "#0"},
				"down": {"uv": [4, 4, 6, 7], "rotation": 90, "texture": "#0"}
			}
		},
		{
			"from": [4.01517, 0.75, 12.33839],
			"to": [7.01517, 1.375, 13.83839],
			"rotation": {"angle": 45, "axis": "y", "origin": [3.75, -2.5, 13]},
			"faces": {
				"north": {"uv": [5, 4, 6, 7], "rotation": 270, "texture": "#0"},
				"east": {"uv": [6, 8, 8, 9], "rotation": 180, "texture": "#0"},
				"south": {"uv": [5, 4, 6, 7], "rotation": 90, "texture": "#0"},
				"west": {"uv": [4, 9, 6, 10], "texture": "#0"},
				"up": {"uv": [4, 4, 6, 7], "rotation": 90, "texture": "#0"},
				"down": {"uv": [4, 4, 6, 7], "rotation": 90, "texture": "#0"}
			}
		},
		{
			"from": [0.22041, 1, 12.27034],
			"to": [3.22041, 1.625, 13.77034],
			"rotation": {"angle": 0, "axis": "y", "origin": [3.75, -2.25, 13.375]},
			"faces": {
				"north": {"uv": [5, 4, 6, 7], "rotation": 90, "texture": "#0"},
				"east": {"uv": [4, 9, 6, 10], "texture": "#0"},
				"south": {"uv": [5, 4, 6, 7], "rotation": 270, "texture": "#0"},
				"west": {"uv": [6, 8, 8, 9], "rotation": 180, "texture": "#0"},
				"up": {"uv": [4, 4, 6, 7], "rotation": 270, "texture": "#0"},
				"down": {"uv": [4, 4, 6, 7], "rotation": 270, "texture": "#0"}
			}
		},
		{
			"from": [5.81326, 1, 12.58839],
			"to": [6.81326, 4, 13.58839],
			"rotation": {"angle": -45, "axis": "y", "origin": [3.75, -2.75, 13]},
			"faces": {
				"north": {"uv": [15, 0, 16, 3], "texture": "#0"},
				"east": {"uv": [15, 0, 16, 3], "texture": "#0"},
				"south": {"uv": [15, 0, 16, 3], "texture": "#0"},
				"west": {"uv": [15, 0, 16, 3], "texture": "#0"},
				"up": {"uv": [15, 0, 16, 1], "texture": "#0"},
				"down": {"uv": [15, 0, 16, 1], "texture": "#0"}
			}
		},
		{
			"from": [5.81326, 0.75, 12.58839],
			"to": [6.81326, 1.75, 13.58839],
			"rotation": {"angle": 45, "axis": "y", "origin": [3.75, -3, 13]},
			"faces": {
				"north": {"uv": [15, 0, 16, 1], "texture": "#0"},
				"east": {"uv": [15, 0, 16, 1], "texture": "#0"},
				"south": {"uv": [15, 0, 16, 1], "texture": "#0"},
				"west": {"uv": [15, 0, 16, 1], "texture": "#0"},
				"up": {"uv": [15, 0, 16, 1], "texture": "#0"},
				"down": {"uv": [15, 0, 16, 1], "texture": "#0"}
			}
		},
		{
			"from": [0.42232, 1, 12.51553],
			"to": [1.42232, 3, 13.51553],
			"rotation": {"angle": 0, "axis": "y", "origin": [3.75, -2.75, 13.375]},
			"faces": {
				"north": {"uv": [15, 0, 16, 2], "texture": "#0"},
				"east": {"uv": [15, 0, 16, 2], "texture": "#0"},
				"south": {"uv": [15, 0, 16, 2], "texture": "#0"},
				"west": {"uv": [15, 0, 16, 2], "texture": "#0"},
				"up": {"uv": [15, 0, 16, 1], "texture": "#0"},
				"down": {"uv": [15, 0, 16, 1], "texture": "#0"}
			}
		},
		{
			"from": [2.375, 0, 2.125],
			"to": [4.375, 1.125, 4.125],
			"rotation": {"angle": -22.5, "axis": "y", "origin": [3.375, 0, 3.125]},
			"faces": {
				"north": {"uv": [4, 8, 6, 9], "texture": "#0"},
				"east": {"uv": [4, 8, 6, 9], "texture": "#0"},
				"south": {"uv": [4, 8, 6, 9], "texture": "#0"},
				"west": {"uv": [4, 8, 6, 9], "texture": "#0"},
				"up": {"uv": [4, 7, 6, 9], "rotation": 90, "texture": "#0"},
				"down": {"uv": [4, 14, 6, 16], "rotation": 270, "texture": "#0"}
			}
		},
		{
			"from": [0.10983, 1, 2.28661],
			"to": [3.10983, 1.625, 3.78661],
			"rotation": {"angle": 0, "axis": "y", "origin": [3.375, 1, 3.125]},
			"faces": {
				"north": {"uv": [5, 4, 6, 7], "rotation": 90, "texture": "#0"},
				"east": {"uv": [4, 9, 6, 10], "texture": "#0"},
				"south": {"uv": [5, 4, 6, 7], "rotation": 270, "texture": "#0"},
				"west": {"uv": [6, 8, 8, 9], "rotation": 180, "texture": "#0"},
				"up": {"uv": [4, 4, 6, 7], "rotation": 270, "texture": "#0"},
				"down": {"uv": [4, 4, 6, 7], "rotation": 270, "texture": "#0"}
			}
		},
		{
			"from": [2.60466, 1, -0.40459],
			"to": [4.10466, 1.625, 2.59541],
			"rotation": {"angle": -45, "axis": "y", "origin": [3.375, 1, 3.125]},
			"faces": {
				"north": {"uv": [6, 8, 8, 9], "rotation": 180, "texture": "#0"},
				"east": {"uv": [5, 4, 6, 7], "rotation": 90, "texture": "#0"},
				"south": {"uv": [4, 9, 6, 10], "texture": "#0"},
				"west": {"uv": [5, 4, 6, 7], "rotation": 270, "texture": "#0"},
				"up": {"uv": [4, 4, 6, 7], "texture": "#0"},
				"down": {"uv": [4, 4, 6, 7], "rotation": 180, "texture": "#0"}
			}
		},
		{
			"from": [3.90459, 0.75, 2.35466],
			"to": [6.90459, 1.375, 3.85466],
			"rotation": {"angle": -45, "axis": "y", "origin": [3.375, 0.75, 3.125]},
			"faces": {
				"north": {"uv": [5, 4, 6, 7], "rotation": 270, "texture": "#0"},
				"east": {"uv": [6, 8, 8, 9], "rotation": 180, "texture": "#0"},
				"south": {"uv": [5, 4, 6, 7], "rotation": 90, "texture": "#0"},
				"west": {"uv": [4, 9, 6, 10], "texture": "#0"},
				"up": {"uv": [4, 4, 6, 7], "rotation": 90, "texture": "#0"},
				"down": {"uv": [4, 4, 6, 7], "rotation": 90, "texture": "#0"}
			}
		},
		{
			"from": [0.31174, 1, 2.53661],
			"to": [1.31174, 4, 3.53661],
			"rotation": {"angle": 0, "axis": "y", "origin": [3.375, 1, 3.125]},
			"faces": {
				"north": {"uv": [15, 0, 16, 3], "texture": "#0"},
				"east": {"uv": [15, 0, 16, 3], "texture": "#0"},
				"south": {"uv": [15, 0, 16, 3], "texture": "#0"},
				"west": {"uv": [15, 0, 16, 3], "texture": "#0"},
				"up": {"uv": [15, 0, 16, 1], "rotation": 180, "texture": "#0"},
				"down": {"uv": [15, 0, 16, 1], "rotation": 180, "texture": "#0"}
			}
		},
		{
			"from": [2.85947, 1, -0.20268],
			"to": [3.85947, 4, 0.79732],
			"rotation": {"angle": -45, "axis": "y", "origin": [3.375, 1, 3.125]},
			"faces": {
				"north": {"uv": [15, 0, 16, 3], "texture": "#0"},
				"east": {"uv": [15, 0, 16, 3], "texture": "#0"},
				"south": {"uv": [15, 0, 16, 3], "texture": "#0"},
				"west": {"uv": [15, 0, 16, 3], "texture": "#0"},
				"up": {"uv": [15, 0, 16, 1], "rotation": 90, "texture": "#0"},
				"down": {"uv": [15, 0, 16, 1], "rotation": 270, "texture": "#0"}
			}
		},
		{
			"from": [5.70268, 0.75, 2.60947],
			"to": [6.70268, 1.75, 3.60947],
			"rotation": {"angle": -45, "axis": "y", "origin": [3.375, 0.75, 3.125]},
			"faces": {
				"north": {"uv": [15, 0, 16, 1], "texture": "#0"},
				"east": {"uv": [15, 0, 16, 1], "texture": "#0"},
				"south": {"uv": [15, 0, 16, 1], "texture": "#0"},
				"west": {"uv": [15, 0, 16, 1], "texture": "#0"},
				"up": {"uv": [15, 0, 16, 1], "rotation": 180, "texture": "#0"},
				"down": {"uv": [15, 0, 16, 1], "rotation": 180, "texture": "#0"}
			}
		},
		{
			"from": [12.625, 0, 5.375],
			"to": [14.625, 1.125, 7.375],
			"rotation": {"angle": -45, "axis": "y", "origin": [13.625, 0, 6.375]},
			"faces": {
				"north": {"uv": [4, 8, 6, 9], "texture": "#0"},
				"east": {"uv": [4, 8, 6, 9], "texture": "#0"},
				"south": {"uv": [4, 8, 6, 9], "texture": "#0"},
				"west": {"uv": [4, 8, 6, 9], "texture": "#0"},
				"up": {"uv": [4, 7, 6, 9], "rotation": 180, "texture": "#0"},
				"down": {"uv": [4, 14, 6, 16], "rotation": 180, "texture": "#0"}
			}
		},
		{
			"from": [12.96339, 1, 2.10983],
			"to": [14.46339, 1.625, 6.10983],
			"rotation": {"angle": -22.5, "axis": "y", "origin": [13.625, 1, 6.375]},
			"faces": {
				"north": {"uv": [6, 8, 8, 9], "rotation": 180, "texture": "#0"},
				"east": {"uv": [5, 3, 6, 7], "rotation": 90, "texture": "#0"},
				"south": {"uv": [4, 9, 6, 10], "texture": "#0"},
				"west": {"uv": [5, 3, 6, 7], "rotation": 270, "texture": "#0"},
				"up": {"uv": [4, 3, 6, 7], "texture": "#0"},
				"down": {"uv": [4, 3, 6, 7], "rotation": 180, "texture": "#0"}
			}
		},
		{
			"from": [12.89534, 1, 6.90459],
			"to": [14.39534, 1.625, 9.90459],
			"rotation": {"angle": 22.5, "axis": "y", "origin": [13.625, 1, 6.375]},
			"faces": {
				"north": {"uv": [4, 9, 6, 10], "texture": "#0"},
				"east": {"uv": [5, 4, 6, 7], "rotation": 270, "texture": "#0"},
				"south": {"uv": [6, 8, 8, 9], "rotation": 180, "texture": "#0"},
				"west": {"uv": [5, 4, 6, 7], "rotation": 90, "texture": "#0"},
				"up": {"uv": [4, 4, 6, 7], "rotation": 180, "texture": "#0"},
				"down": {"uv": [4, 4, 6, 7], "texture": "#0"}
			}
		},
		{
			"from": [10.09541, 0.75, 5.64534],
			"to": [13.09541, 1.375, 7.14534],
			"rotation": {"angle": 22.5, "axis": "y", "origin": [13.625, 0.75, 6.375]},
			"faces": {
				"north": {"uv": [5, 4, 6, 7], "rotation": 90, "texture": "#0"},
				"east": {"uv": [4, 9, 6, 10], "texture": "#0"},
				"south": {"uv": [5, 4, 6, 7], "rotation": 270, "texture": "#0"},
				"west": {"uv": [6, 8, 8, 9], "rotation": 180, "texture": "#0"},
				"up": {"uv": [4, 4, 6, 7], "rotation": 270, "texture": "#0"},
				"down": {"uv": [4, 4, 6, 7], "rotation": 270, "texture": "#0"}
			}
		},
		{
			"from": [13.58839, 1, 2.31174],
			"to": [14.58839, 4, 3.31174],
			"rotation": {"angle": -22.5, "axis": "y", "origin": [14, 1, 5.375]},
			"faces": {
				"north": {"uv": [15, 0, 16, 3], "texture": "#0"},
				"east": {"uv": [15, 0, 16, 3], "texture": "#0"},
				"south": {"uv": [15, 0, 16, 3], "texture": "#0"},
				"west": {"uv": [15, 0, 16, 3], "texture": "#0"},
				"up": {"uv": [15, 0, 16, 1], "rotation": 270, "texture": "#0"},
				"down": {"uv": [15, 0, 16, 1], "rotation": 90, "texture": "#0"}
			}
		},
		{
			"from": [13.14053, 1, 8.70268],
			"to": [14.14053, 3, 9.70268],
			"rotation": {"angle": 22.5, "axis": "y", "origin": [13.625, 1, 6.375]},
			"faces": {
				"north": {"uv": [15, 0, 16, 2], "texture": "#0"},
				"east": {"uv": [15, 0, 16, 2], "texture": "#0"},
				"south": {"uv": [15, 0, 16, 2], "texture": "#0"},
				"west": {"uv": [15, 0, 16, 2], "texture": "#0"},
				"up": {"uv": [15, 0, 16, 1], "rotation": 270, "texture": "#0"},
				"down": {"uv": [15, 0, 16, 1], "rotation": 90, "texture": "#0"}
			}
		},
		{
			"from": [10.29732, 0.75, 5.89053],
			"to": [11.29732, 1.75, 6.89053],
			"rotation": {"angle": 22.5, "axis": "y", "origin": [13.625, 0.75, 6.375]},
			"faces": {
				"north": {"uv": [15, 0, 16, 1], "texture": "#0"},
				"east": {"uv": [15, 0, 16, 1], "texture": "#0"},
				"south": {"uv": [15, 0, 16, 1], "texture": "#0"},
				"west": {"uv": [15, 0, 16, 1], "texture": "#0"},
				"up": {"uv": [15, 0, 16, 1], "texture": "#0"},
				"down": {"uv": [15, 0, 16, 1], "texture": "#0"}
			}
		}
	],
	"groups": [0, 1, 2, 3,
		{
			"name": "group",
			"origin": [0.25, 6.25, 3.75],
			"children": [4, 5, 6, 7, 8, 9]
		},
		{
			"name": "group",
			"origin": [0.25, 6.25, 3.75],
			"children": [10, 11, 12, 13]
		},
		{
			"name": "group",
			"origin": [0.25, 6.25, 3.75],
			"children": [14, 15, 16, 17]
		},
		{
			"name": "group",
			"origin": [0.25, 6.25, 3.75],
			"children": [18, 19, 20, 21, 22, 23, 24]
		},
		{
			"name": "group",
			"origin": [0.25, 6.25, 3.75],
			"children": [25, 26, 27, 28, 29, 30, 31]
		},
		{
			"name": "group",
			"origin": [0.25, 6.25, 3.75],
			"children": [32, 33, 34, 35, 36, 37, 38]
		}
	]
}