{
	"__comment": "Designed by XeKr with Cubik Studio - https://cubik.studio",
	"textures": {
		"particle": "#side",
		"bottom": "blocks/e_texture",
		"top": "blocks/e_texture",
		"side": "blocks/e_texture"
	},
	"elements": [ 	 
		{
			"__comment": "Box12",
			"from": [ 12, 8, 0 ],
			"to": [ 16, 16, 16 ],
			"faces": {
				"up": { "uv": [ 12, 0, 16, 16 ], "texture": "#top", "cullface": "up" },
				"north": { "uv": [ 0, 0, 4, 8 ], "texture": "#side", "cullface": "north" },
				"south": { "uv": [ 12, 0, 16, 8 ], "texture": "#side", "cullface": "south" },
				"west": { "uv": [ 0, 0, 16, 8 ], "texture": "#side" },
				"east": { "uv": [ 0, 0, 16, 8 ], "texture": "#side", "cullface": "east" }
			}
		},
		{
			"__comment": "Box13",
			"from": [ 0, 8, 12 ],
			"to": [ 12, 16, 16 ],
			"faces": {
				"up": { "uv": [ 0, 12, 12, 16 ], "texture": "#top", "cullface": "up" },
				"north": { "uv": [ 4, 0, 16, 8 ], "texture": "#side" },
				"south": { "uv": [ 0, 0, 12, 8 ], "texture": "#side", "cullface": "south" },
				"west": { "uv": [ 12, 0, 16, 8 ], "texture": "#side", "cullface": "west" }
			}
		},
		{
			"__comment": "Box15",
			"from": [ 0, 8, 8 ],
			"to": [ 4, 16, 12 ],
			"faces": {
				"up": { "uv": [ 0, 8, 4, 12 ], "texture": "#top", "cullface": "up" },
				"north": { "uv": [ 12, 0, 16, 8 ], "texture": "#side" },
				"west": { "uv": [ 8, 0, 12, 8 ], "texture": "#side", "cullface": "west" },
				"east": { "uv": [ 4, 0, 8, 8 ], "texture": "#side" }
			}
		},
		{
			"__comment": "Box17",
			"from": [ 8, 8, 0 ],
			"to": [ 12, 16, 4 ],
			"faces": {
				"up": { "uv": [ 8, 0, 12, 4 ], "texture": "#top", "cullface": "up" },
				"north": { "uv": [ 4, 0, 8, 8 ], "texture": "#side", "cullface": "north" },
				"south": { "uv": [ 8, 0, 12, 8 ], "texture": "#side" },
				"west": { "uv": [ 0, 0, 4, 8 ], "texture": "#side" }
			}
		},
		{
			"__comment": "Box18",
			"from": [ 0, 0, 0 ],
			"to": [ 16, 8, 16 ],
			"faces": {
				"down": { "uv": [ 0, 0, 16, 16 ], "texture": "#bottom", "cullface": "down" },
				"up": { "uv": [ 0, 0, 16, 16 ], "texture": "#top" },
				"north": { "uv": [ 0, 8, 16, 16 ], "texture": "#side", "cullface": "north" },
				"south": { "uv": [ 0, 8, 16, 16 ], "texture": "#side", "cullface": "south" },
				"west": { "uv": [ 0, 8, 16, 16 ], "texture": "#side", "cullface": "west" },
				"east": { "uv": [ 0, 8, 16, 16 ], "texture": "#side", "cullface": "east" }
			}
		}
	]
}