{
	"__comment": "Designed by XeKr with Cubik Studio - https://cubik.studio",
	"ambientocclusion": false,
	"textures": {
		"particle": "block/ladder",
		"texture": "block/oak_planks",
		"node": "block/jungle_planks"
	},
	"elements": [ 	 
		{
			"__comment": "Box2",
			"from": [ 2, 0, 15 ],
			"to": [ 4, 16, 16 ],
			"faces": {
				"down": { "uv": [ 2, 0, 4, 1 ], "texture": "#texture" },
				"up": { "uv": [ 2, 15, 4, 16 ], "texture": "#texture" },
				"north": { "uv": [ 0, 14, 16, 16 ], "texture": "#texture", "rotation": 270 },
				"south": { "uv": [ 0, 11, 16, 13 ], "texture": "#texture", "rotation": 270 },
				"west": { "uv": [ 15, 0, 16, 16 ], "texture": "#texture" },
				"east": { "uv": [ 0, 0, 1, 16 ], "texture": "#texture" }
			}
		},
		{
			"__comment": "Box2",
			"from": [ 12, 0, 15 ],
			"to": [ 14, 16, 16 ],
			"faces": {
				"down": { "uv": [ 12, 0, 14, 1 ], "texture": "#texture" },
				"up": { "uv": [ 12, 15, 14, 16 ], "texture": "#texture" },
				"north": { "uv": [ 0, 11, 16, 13 ], "texture": "#texture", "rotation": 270 },
				"south": { "uv": [ 0, 14, 16, 16 ], "texture": "#texture", "rotation": 270 },
				"west": { "uv": [ 15, 0, 16, 16 ], "texture": "#texture" },
				"east": { "uv": [ 0, 0, 1, 16 ], "texture": "#texture" }
			}
		},
		{
			"__comment": "Box4",
			"from": [ 1, 1, 14 ],
			"to": [ 15, 3, 15 ],
			"faces": {
				"down": { "uv": [ 1, 1, 15, 2 ], "texture": "#texture" },
				"up": { "uv": [ 1, 14, 15, 15 ], "texture": "#texture" },
				"north": { "uv": [ 1, 14, 15, 16 ], "texture": "#texture" },
				"south": { "uv": [ 1, 14, 15, 16 ], "texture": "#texture" },
				"west": { "uv": [ 14, 13, 15, 15 ], "texture": "#texture" },
				"east": { "uv": [ 1, 13, 2, 15 ], "texture": "#texture" }
			}
		},
		{
			"__comment": "Box4",
			"from": [ 1, 5, 14 ],
			"to": [ 15, 7, 15 ],
			"faces": {
				"down": { "uv": [ 1, 1, 15, 2 ], "texture": "#texture" },
				"up": { "uv": [ 1, 14, 15, 15 ], "texture": "#texture" },
				"north": { "uv": [ 1, 10, 15, 12 ], "texture": "#texture" },
				"south": { "uv": [ 1, 10, 15, 12 ], "texture": "#texture" },
				"west": { "uv": [ 14, 9, 15, 11 ], "texture": "#texture" },
				"east": { "uv": [ 1, 9, 2, 11 ], "texture": "#texture" }
			}
		},
		{
			"__comment": "Box4",
			"from": [ 1, 9, 14 ],
			"to": [ 15, 11, 15 ],
			"faces": {
				"down": { "uv": [ 1, 1, 15, 2 ], "texture": "#texture" },
				"up": { "uv": [ 1, 14, 15, 15 ], "texture": "#texture" },
				"north": { "uv": [ 1, 6, 15, 8 ], "texture": "#texture" },
				"south": { "uv": [ 1, 6, 15, 8 ], "texture": "#texture" },
				"west": { "uv": [ 14, 5, 15, 7 ], "texture": "#texture" },
				"east": { "uv": [ 1, 5, 2, 7 ], "texture": "#texture" }
			}
		},
		{
			"__comment": "Box4",
			"from": [ 1, 13, 14 ],
			"to": [ 15, 15, 15 ],
			"faces": {
				"down": { "uv": [ 1, 1, 15, 2 ], "texture": "#texture" },
				"up": { "uv": [ 1, 14, 15, 15 ], "texture": "#texture" },
				"north": { "uv": [ 1, 2, 15, 4 ], "texture": "#texture" },
				"south": { "uv": [ 1, 2, 15, 4 ], "texture": "#texture" },
				"west": { "uv": [ 14, 1, 15, 3 ], "texture": "#texture" },
				"east": { "uv": [ 1, 1, 2, 3 ], "texture": "#texture" }
			}
		},
		{
			"__comment": "Box8",
			"from": [ 1.375, 1.875, 13.75 ],
			"to": [ 4.625, 2.125, 16.25 ],
			"rotation": { "origin": [ 3, 2, -2 ], "axis": "z", "angle": 45 },
			"faces": {
				"down": { "uv": [ 8, 6, 11.25, 8.25 ], "texture": "#node" },
				"up": { "uv": [ 5, 6, 8.25, 8.25 ], "texture": "#node" },
				"north": { "uv": [ 3, 12, 6.25, 12.25 ], "texture": "#node", "rotation": 90 },
				"south": { "uv": [ 3, 12, 6.25, 12.25 ], "texture": "#node", "rotation": 90 },
				"west": { "uv": [ 3, 12, 6.25, 12.25 ], "texture": "#node", "rotation": 90 },
				"east": { "uv": [ 3, 12, 6.25, 12.25 ], "texture": "#node", "rotation": 90 }
			}
		},
		{
			"__comment": "Box8",
			"from": [ 2.875, 0.375, 13.75 ],
			"to": [ 3.125, 3.625, 16.25 ],
			"rotation": { "origin": [ 3, 2, -2 ], "axis": "z", "angle": 45 },
			"faces": {
				"down": { "uv": [ 3, 12, 6.25, 12.25 ], "texture": "#node", "rotation": 90 },
				"up": { "uv": [ 3, 12, 6.25, 12.25 ], "texture": "#node", "rotation": 90 },
				"north": { "uv": [ 3, 12, 6.25, 12.25 ], "texture": "#node", "rotation": 90 },
				"south": { "uv": [ 3, 12, 6.25, 12.25 ], "texture": "#node", "rotation": 90 },
				"west": { "uv": [ 5, 6, 8.25, 8.25 ], "texture": "#node", "rotation": 90 },
				"east": { "uv": [ 11, 8, 7.75, 5.75 ], "texture": "#node", "rotation": 270 }
			}
		},
		{
			"__comment": "Box8",
			"from": [ 2.875, 4.375, 13.75 ],
			"to": [ 3.125, 7.625, 16.25 ],
			"rotation": { "origin": [ 3, 6, -2 ], "axis": "z", "angle": 45 },
			"faces": {
				"down": { "uv": [ 3, 12, 6.25, 12.25 ], "texture": "#node", "rotation": 90 },
				"up": { "uv": [ 3, 12, 6.25, 12.25 ], "texture": "#node", "rotation": 90 },
				"north": { "uv": [ 3, 12, 6.25, 12.25 ], "texture": "#node", "rotation": 90 },
				"south": { "uv": [ 3, 12, 6.25, 12.25 ], "texture": "#node", "rotation": 90 },
				"west": { "uv": [ 5, 6, 8.25, 8.25 ], "texture": "#node", "rotation": 90 },
				"east": { "uv": [ 11, 8, 7.75, 5.75 ], "texture": "#node", "rotation": 270 }
			}
		},
		{
			"__comment": "Box8",
			"from": [ 1.375, 5.875, 13.75 ],
			"to": [ 4.625, 6.125, 16.25 ],
			"rotation": { "origin": [ 3, 6, -2 ], "axis": "z", "angle": 45 },
			"faces": {
				"down": { "uv": [ 8, 6, 11.25, 8.25 ], "texture": "#node" },
				"up": { "uv": [ 5, 6, 8.25, 8.25 ], "texture": "#node" },
				"north": { "uv": [ 3, 12, 6.25, 12.25 ], "texture": "#node", "rotation": 90 },
				"south": { "uv": [ 3, 12, 6.25, 12.25 ], "texture": "#node", "rotation": 90 },
				"west": { "uv": [ 3, 12, 6.25, 12.25 ], "texture": "#node", "rotation": 90 },
				"east": { "uv": [ 3, 12, 6.25, 12.25 ], "texture": "#node", "rotation": 90 }
			}
		},
		{
			"__comment": "Box8",
			"from": [ 1.375, 13.875, 13.75 ],
			"to": [ 4.625, 14.125, 16.25 ],
			"rotation": { "origin": [ 3, 14, -2 ], "axis": "z", "angle": 45 },
			"faces": {
				"down": { "uv": [ 8, 6, 11.25, 8.25 ], "texture": "#node" },
				"up": { "uv": [ 5, 6, 8.25, 8.25 ], "texture": "#node" },
				"north": { "uv": [ 3, 12, 6.25, 12.25 ], "texture": "#node", "rotation": 90 },
				"south": { "uv": [ 3, 12, 6.25, 12.25 ], "texture": "#node", "rotation": 90 },
				"west": { "uv": [ 3, 12, 6.25, 12.25 ], "texture": "#node", "rotation": 90 },
				"east": { "uv": [ 3, 12, 6.25, 12.25 ], "texture": "#node", "rotation": 90 }
			}
		},
		{
			"__comment": "Box8",
			"from": [ 1.375, 9.875, 13.75 ],
			"to": [ 4.625, 10.125, 16.25 ],
			"rotation": { "origin": [ 3, 10, -2 ], "axis": "z", "angle": 45 },
			"faces": {
				"down": { "uv": [ 8, 6, 11.25, 8.25 ], "texture": "#node" },
				"up": { "uv": [ 5, 6, 8.25, 8.25 ], "texture": "#node" },
				"north": { "uv": [ 3, 12, 6.25, 12.25 ], "texture": "#node", "rotation": 90 },
				"south": { "uv": [ 3, 12, 6.25, 12.25 ], "texture": "#node", "rotation": 90 },
				"west": { "uv": [ 3, 12, 6.25, 12.25 ], "texture": "#node", "rotation": 90 },
				"east": { "uv": [ 3, 12, 6.25, 12.25 ], "texture": "#node", "rotation": 90 }
			}
		},
		{
			"__comment": "Box8",
			"from": [ 2.875, 8.375, 13.75 ],
			"to": [ 3.125, 11.625, 16.25 ],
			"rotation": { "origin": [ 3, 10, -2 ], "axis": "z", "angle": 45 },
			"faces": {
				"down": { "uv": [ 3, 12, 6.25, 12.25 ], "texture": "#node", "rotation": 90 },
				"up": { "uv": [ 3, 12, 6.25, 12.25 ], "texture": "#node", "rotation": 90 },
				"north": { "uv": [ 3, 12, 6.25, 12.25 ], "texture": "#node", "rotation": 90 },
				"south": { "uv": [ 3, 12, 6.25, 12.25 ], "texture": "#node", "rotation": 90 },
				"west": { "uv": [ 5, 6, 8.25, 8.25 ], "texture": "#node", "rotation": 90 },
				"east": { "uv": [ 11, 8, 7.75, 5.75 ], "texture": "#node", "rotation": 270 }
			}
		},
		{
			"__comment": "Box8",
			"from": [ 2.875, 12.375, 13.75 ],
			"to": [ 3.125, 15.625, 16.25 ],
			"rotation": { "origin": [ 3, 14, -2 ], "axis": "z", "angle": 45 },
			"faces": {
				"down": { "uv": [ 3, 12, 6.25, 12.25 ], "texture": "#node", "rotation": 90 },
				"up": { "uv": [ 3, 12, 6.25, 12.25 ], "texture": "#node", "rotation": 90 },
				"north": { "uv": [ 3, 12, 6.25, 12.25 ], "texture": "#node", "rotation": 90 },
				"south": { "uv": [ 3, 12, 6.25, 12.25 ], "texture": "#node", "rotation": 90 },
				"west": { "uv": [ 5, 6, 8.25, 8.25 ], "texture": "#node", "rotation": 90 },
				"east": { "uv": [ 11, 8, 7.75, 5.75 ], "texture": "#node", "rotation": 270 }
			}
		},
		{
			"__comment": "Box8",
			"from": [ 11.375, 1.875, 13.75 ],
			"to": [ 14.625, 2.125, 16.25 ],
			"rotation": { "origin": [ 13, 2, -2 ], "axis": "z", "angle": 45 },
			"faces": {
				"down": { "uv": [ 8, 6, 11.25, 8.25 ], "texture": "#node" },
				"up": { "uv": [ 5, 6, 8.25, 8.25 ], "texture": "#node" },
				"north": { "uv": [ 3, 12, 6.25, 12.25 ], "texture": "#node", "rotation": 90 },
				"south": { "uv": [ 3, 12, 6.25, 12.25 ], "texture": "#node", "rotation": 90 },
				"west": { "uv": [ 3, 12, 6.25, 12.25 ], "texture": "#node", "rotation": 90 },
				"east": { "uv": [ 3, 12, 6.25, 12.25 ], "texture": "#node", "rotation": 90 }
			}
		},
		{
			"__comment": "Box8",
			"from": [ 12.875, 0.375, 13.75 ],
			"to": [ 13.125, 3.625, 16.25 ],
			"rotation": { "origin": [ 13, 2, -2 ], "axis": "z", "angle": 45 },
			"faces": {
				"down": { "uv": [ 3, 12, 6.25, 12.25 ], "texture": "#node", "rotation": 90 },
				"up": { "uv": [ 3, 12, 6.25, 12.25 ], "texture": "#node", "rotation": 90 },
				"north": { "uv": [ 3, 12, 6.25, 12.25 ], "texture": "#node", "rotation": 90 },
				"south": { "uv": [ 3, 12, 6.25, 12.25 ], "texture": "#node", "rotation": 90 },
				"west": { "uv": [ 5, 6, 8.25, 8.25 ], "texture": "#node", "rotation": 90 },
				"east": { "uv": [ 11, 8, 7.75, 5.75 ], "texture": "#node", "rotation": 270 }
			}
		},
		{
			"__comment": "Box8",
			"from": [ 12.875, 4.375, 13.75 ],
			"to": [ 13.125, 7.625, 16.25 ],
			"rotation": { "origin": [ 13, 6, -2 ], "axis": "z", "angle": 45 },
			"faces": {
				"down": { "uv": [ 3, 12, 6.25, 12.25 ], "texture": "#node", "rotation": 90 },
				"up": { "uv": [ 3, 12, 6.25, 12.25 ], "texture": "#node", "rotation": 90 },
				"north": { "uv": [ 3, 12, 6.25, 12.25 ], "texture": "#node", "rotation": 90 },
				"south": { "uv": [ 3, 12, 6.25, 12.25 ], "texture": "#node", "rotation": 90 },
				"west": { "uv": [ 5, 6, 8.25, 8.25 ], "texture": "#node", "rotation": 90 },
				"east": { "uv": [ 11, 8, 7.75, 5.75 ], "texture": "#node", "rotation": 270 }
			}
		},
		{
			"__comment": "Box8",
			"from": [ 11.375, 5.875, 13.75 ],
			"to": [ 14.625, 6.125, 16.25 ],
			"rotation": { "origin": [ 13, 6, -2 ], "axis": "z", "angle": 45 },
			"faces": {
				"down": { "uv": [ 8, 6, 11.25, 8.25 ], "texture": "#node" },
				"up": { "uv": [ 5, 6, 8.25, 8.25 ], "texture": "#node" },
				"north": { "uv": [ 3, 12, 6.25, 12.25 ], "texture": "#node", "rotation": 90 },
				"south": { "uv": [ 3, 12, 6.25, 12.25 ], "texture": "#node", "rotation": 90 },
				"west": { "uv": [ 3, 12, 6.25, 12.25 ], "texture": "#node", "rotation": 90 },
				"east": { "uv": [ 3, 12, 6.25, 12.25 ], "texture": "#node", "rotation": 90 }
			}
		},
		{
			"__comment": "Box8",
			"from": [ 11.375, 13.875, 13.75 ],
			"to": [ 14.625, 14.125, 16.25 ],
			"rotation": { "origin": [ 13, 14, -2 ], "axis": "z", "angle": 45 },
			"faces": {
				"down": { "uv": [ 8, 6, 11.25, 8.25 ], "texture": "#node" },
				"up": { "uv": [ 5, 6, 8.25, 8.25 ], "texture": "#node" },
				"north": { "uv": [ 3, 12, 6.25, 12.25 ], "texture": "#node", "rotation": 90 },
				"south": { "uv": [ 3, 12, 6.25, 12.25 ], "texture": "#node", "rotation": 90 },
				"west": { "uv": [ 3, 12, 6.25, 12.25 ], "texture": "#node", "rotation": 90 },
				"east": { "uv": [ 3, 12, 6.25, 12.25 ], "texture": "#node", "rotation": 90 }
			}
		},
		{
			"__comment": "Box8",
			"from": [ 11.375, 9.875, 13.75 ],
			"to": [ 14.625, 10.125, 16.25 ],
			"rotation": { "origin": [ 13, 10, -2 ], "axis": "z", "angle": 45 },
			"faces": {
				"down": { "uv": [ 8, 6, 11.25, 8.25 ], "texture": "#node" },
				"up": { "uv": [ 5, 6, 8.25, 8.25 ], "texture": "#node" },
				"north": { "uv": [ 3, 12, 6.25, 12.25 ], "texture": "#node", "rotation": 90 },
				"south": { "uv": [ 3, 12, 6.25, 12.25 ], "texture": "#node", "rotation": 90 },
				"west": { "uv": [ 3, 12, 6.25, 12.25 ], "texture": "#node", "rotation": 90 },
				"east": { "uv": [ 3, 12, 6.25, 12.25 ], "texture": "#node", "rotation": 90 }
			}
		},
		{
			"__comment": "Box8",
			"from": [ 12.875, 8.375, 13.75 ],
			"to": [ 13.125, 11.625, 16.25 ],
			"rotation": { "origin": [ 13, 10, -2 ], "axis": "z", "angle": 45 },
			"faces": {
				"down": { "uv": [ 3, 12, 6.25, 12.25 ], "texture": "#node", "rotation": 90 },
				"up": { "uv": [ 3, 12, 6.25, 12.25 ], "texture": "#node", "rotation": 90 },
				"north": { "uv": [ 3, 12, 6.25, 12.25 ], "texture": "#node", "rotation": 90 },
				"south": { "uv": [ 3, 12, 6.25, 12.25 ], "texture": "#node", "rotation": 90 },
				"west": { "uv": [ 5, 6, 8.25, 8.25 ], "texture": "#node", "rotation": 90 },
				"east": { "uv": [ 11, 8, 7.75, 5.75 ], "texture": "#node", "rotation": 270 }
			}
		},
		{
			"__comment": "Box8",
			"from": [ 12.875, 12.375, 13.75 ],
			"to": [ 13.125, 15.625, 16.25 ],
			"rotation": { "origin": [ 13, 14, -2 ], "axis": "z", "angle": 45 },
			"faces": {
				"down": { "uv": [ 3, 12, 6.25, 12.25 ], "texture": "#node", "rotation": 90 },
				"up": { "uv": [ 3, 12, 6.25, 12.25 ], "texture": "#node", "rotation": 90 },
				"north": { "uv": [ 3, 12, 6.25, 12.25 ], "texture": "#node", "rotation": 90 },
				"south": { "uv": [ 3, 12, 6.25, 12.25 ], "texture": "#node", "rotation": 90 },
				"west": { "uv": [ 5, 6, 8.25, 8.25 ], "texture": "#node", "rotation": 90 },
				"east": { "uv": [ 11, 8, 7.75, 5.75 ], "texture": "#node", "rotation": 270 }
			}
		}
	]
}