{
	"credit": "Made by XeKr with Blockbench",
	"parent": "block/block",
	"textures": {
		"particle": "block/oak_planks",
		"texture": "block/oak_planks"
	},
	"elements": [
		{
			"name": "Left-hand post",
			"from": [0, 1, 7],
			"to": [2, 12, 9],
			"faces": {
				"north": {"uv": [0, 0, 2, 11], "texture": "#texture"},
				"east": {"uv": [7, 0, 9, 11], "texture": "#texture"},
				"south": {"uv": [0, 0, 2, 11], "texture": "#texture"},
				"west": {"uv": [7, 0, 9, 11], "texture": "#texture", "cullface": "west"},
				"up": {"uv": [0, 8, 2, 10], "texture": "#texture"},
				"down": {"uv": [0, 8, 2, 10], "texture": "#texture"}
			}
		},
		{
			"name": "Right-hand post",
			"from": [14, 1, 7],
			"to": [16, 12, 9],
			"faces": {
				"north": {"uv": [14, 0, 16, 11], "texture": "#texture"},
				"east": {"uv": [7, 0, 9, 11], "texture": "#texture", "cullface": "east"},
				"south": {"uv": [14, 0, 16, 11], "texture": "#texture"},
				"west": {"uv": [7, 0, 9, 11], "texture": "#texture"},
				"up": {"uv": [14, 8, 16, 10], "texture": "#texture"},
				"down": {"uv": [14, 8, 16, 10], "texture": "#texture"}
			}
		},
		{
			"name": "Inner vertical post of left-hand gate door",
			"from": [0, 2, 13],
			"to": [2, 11, 15],
			"faces": {
				"north": {"uv": [7, 1, 9, 10], "texture": "#texture"},
				"east": {"uv": [6, 1, 8, 10], "texture": "#texture"},
				"south": {"uv": [7, 1, 9, 10], "texture": "#texture"},
				"west": {"uv": [6, 1, 8, 10], "texture": "#texture"},
				"up": {"uv": [6, 8, 8, 10], "rotation": 90, "texture": "#texture"},
				"down": {"uv": [6, 8, 8, 10], "rotation": 270, "texture": "#texture"}
			}
		},
		{
			"name": "Inner vertical post of right-hand gate door",
			"from": [14, 2, 13],
			"to": [16, 11, 15],
			"faces": {
				"north": {"uv": [7, 1, 9, 10], "texture": "#texture"},
				"east": {"uv": [8, 1, 10, 10], "texture": "#texture"},
				"south": {"uv": [7, 1, 9, 10], "texture": "#texture"},
				"west": {"uv": [8, 1, 10, 10], "texture": "#texture"},
				"up": {"uv": [8, 8, 10, 10], "rotation": 270, "texture": "#texture"},
				"down": {"uv": [8, 8, 10, 10], "rotation": 90, "texture": "#texture"}
			}
		},
		{
			"name": "Lower horizontal bar of left-hand gate door",
			"from": [0, 2, 9],
			"to": [2, 5, 13],
			"faces": {
				"east": {"uv": [2, 7, 6, 10], "texture": "#texture"},
				"west": {"uv": [2, 7, 6, 10], "texture": "#texture"},
				"up": {"uv": [2, 8, 6, 10], "rotation": 90, "texture": "#texture"},
				"down": {"uv": [2, 8, 6, 10], "rotation": 270, "texture": "#texture"}
			}
		},
		{
			"name": "Upper horizontal bar of left-hand gate door",
			"from": [0, 8, 9],
			"to": [2, 11, 13],
			"faces": {
				"east": {"uv": [2, 1, 6, 4], "texture": "#texture"},
				"west": {"uv": [2, 1, 6, 4], "texture": "#texture"},
				"up": {"uv": [2, 8, 6, 10], "rotation": 90, "texture": "#texture"},
				"down": {"uv": [2, 8, 6, 10], "rotation": 270, "texture": "#texture"}
			}
		},
		{
			"name": "Lower horizontal bar of right-hand gate door",
			"from": [14, 2, 9],
			"to": [16, 5, 13],
			"faces": {
				"east": {"uv": [10, 7, 14, 10], "texture": "#texture"},
				"west": {"uv": [10, 7, 14, 10], "texture": "#texture"},
				"up": {"uv": [10, 8, 14, 10], "rotation": 270, "texture": "#texture"},
				"down": {"uv": [10, 8, 14, 10], "rotation": 90, "texture": "#texture"}
			}
		},
		{
			"name": "Upper horizontal bar of right-hand gate door",
			"from": [14, 8, 9],
			"to": [16, 11, 13],
			"faces": {
				"east": {"uv": [10, 1, 14, 4], "texture": "#texture"},
				"west": {"uv": [10, 1, 14, 4], "texture": "#texture"},
				"up": {"uv": [10, 8, 14, 10], "rotation": 270, "texture": "#texture"},
				"down": {"uv": [10, 8, 14, 10], "rotation": 90, "texture": "#texture"}
			}
		}
	],
	"display": {
		"gui": {
			"rotation": [30, 45, 0],
			"translation": [0, -1, 0],
			"scale": [0.8, 0.8, 0.8]
		},
		"head": {
			"translation": [0, -3, -6]
		}
	}
}