{
    "ambientocclusion": false,
    "textures": {
        "particle": "block/flower_pot8",
        "flowerpot": "block/flower_pot8",
        "dirt": "block/dirt",
		"3d": "block/flower_pot8_3d",
        "bamboo": "block/bamboo_stalk",
        "leaf": "block/bamboo_singleleaf"
    },
    "elements": [
		{
			"name": "Element",
			"from": [6, 4, 6],
			"to": [10, 4, 10],
			"rotation": {"angle": 0, "axis": "y", "origin": [8, 4, 8]},
			"faces": {
				"up": {"uv": [6, 6, 10, 10], "texture": "#dirt"}
			}
		},
		{
			"from": [5.25, 5, 5.25],
			"to": [10.75, 5.875, 10.75],
			"rotation": {"angle": 0, "axis": "y", "origin": [8, 5.5, 8]},
			"faces": {
				"north": {"uv": [5, 10, 11, 11], "texture": "#flowerpot"},
				"east": {"uv": [11, 10, 5, 11], "texture": "#flowerpot"},
				"south": {"uv": [5, 10, 11, 11], "texture": "#flowerpot"},
				"west": {"uv": [11, 10, 5, 11], "texture": "#flowerpot"},
				"up": {"uv": [5, 5, 11, 11], "texture": "#flowerpot"},
				"down": {"uv": [5, 5, 11, 11], "texture": "#flowerpot"}
			}
		},
		{
			"from": [6.125, 5.875, 6.125],
			"to": [9.875, 4, 9.875],
			"rotation": {"angle": 0, "axis": "y", "origin": [8, 4.875, 8]},
			"faces": {
				"north": {"uv": [11, 12, 7, 10], "texture": "#flowerpot"},
				"east": {"uv": [7, 12, 11, 10], "texture": "#flowerpot"},
				"south": {"uv": [11, 12, 7, 10], "texture": "#flowerpot"},
				"west": {"uv": [7, 12, 11, 10], "texture": "#flowerpot"}
			}
		},
		{
			"from": [5.625, 0, 5.625],
			"to": [10.375, 5, 10.375],
			"rotation": {"angle": 0, "axis": "y", "origin": [8, 2.5, 8]},
			"faces": {
				"north": {"uv": [5, 11, 10, 16], "texture": "#flowerpot"},
				"east": {"uv": [5, 11, 10, 16], "texture": "#flowerpot"},
				"south": {"uv": [5, 11, 10, 16], "texture": "#flowerpot"},
				"west": {"uv": [5, 11, 10, 16], "texture": "#flowerpot"}
			}
		},
		{
			"from": [4.5, 0, 4.5],
			"to": [11.5, 6, 11.5],
			"rotation": {"angle": -45, "axis": "y", "origin": [8, 1, 8]},
			"faces": {
				"north": {"uv": [0, 10, 7, 16], "texture": "#3d", "cullface": "down"},
				"east": {"uv": [0, 10, 7, 16], "texture": "#3d", "cullface": "down"},
				"south": {"uv": [0, 10, 7, 16], "texture": "#3d", "cullface": "down"},
				"west": {"uv": [0, 10, 7, 16], "texture": "#3d", "cullface": "down"},
				"up": {"uv": [1, 1, 8, 8], "texture": "#dirt", "cullface": "down"},
				"down": {"uv": [0, 0, 7, 7], "texture": "#3d", "cullface": "down"}
			}
		},
		{
			"from": [4, 4.875, 4],
			"to": [12, 6.875, 12],
			"rotation": {"angle": -45, "axis": "y", "origin": [8, 5.375, 8]},
			"faces": {
				"north": {"uv": [16, 8, 8, 10], "texture": "#3d", "cullface": "down"},
				"east": {"uv": [8, 8, 16, 10], "texture": "#3d", "cullface": "down"},
				"south": {"uv": [16, 8, 8, 10], "texture": "#3d", "cullface": "down"},
				"west": {"uv": [8, 8, 16, 10], "texture": "#3d", "cullface": "down"},
				"up": {"uv": [8, 0, 16, 8], "texture": "#3d", "cullface": "down"},
				"down": {"uv": [8, 0, 16, 8], "texture": "#3d", "cullface": "down"}
			}
		},
		{
			"from": [5, 6.875, 5],
			"to": [11, 5.875, 11],
			"rotation": {"angle": -45, "axis": "y", "origin": [8, 5.375, 8]},
			"faces": {
				"north": {"uv": [9, 7, 15, 8], "texture": "#3d", "cullface": "down"},
				"east": {"uv": [15, 7, 9, 8], "texture": "#3d", "cullface": "down"},
				"south": {"uv": [9, 7, 15, 8], "texture": "#3d", "cullface": "down"},
				"west": {"uv": [15, 7, 9, 8], "texture": "#3d", "cullface": "down"},
				"up": {"uv": [8, 0, 16, 8], "texture": "#3d", "cullface": "down"},
				"down": {"uv": [8, 0, 16, 8], "texture": "#3d", "cullface": "down"}
			}
		},
        {   "from": [ 7, 0, 7 ],
            "to": [ 9, 16, 9 ],
            "faces": {
                "up":    { "uv": [ 13, 0, 15, 2], "texture": "#bamboo", "cullface": "up" },
                "north": { "uv": [ 6, 0, 8, 16 ], "texture": "#bamboo" },
                "south": { "uv": [ 6, 0, 8, 16 ], "texture": "#bamboo" },
                "west":  { "uv": [  6, 0, 8, 16 ], "texture": "#bamboo" },
                "east":  { "uv": [  6, 0, 8, 16 ], "texture": "#bamboo" }
            }
        },
        {   "from": [ 0, 2, 8 ],
            "to": [ 16, 18, 8 ],
            "shade": false,
            "faces": {
                "north": { "uv": [ 0, 0, 16, 16 ], "texture": "#leaf" },
                "south": { "uv": [ 16, 0, 0, 16 ], "texture": "#leaf" }
            }
        }
    ]
}
