{
	"__comment": "Designed by XeKr with Cubik Studio - https://cubik.studio",
	"parent": "block/rail_curved",
	"textures": {
		"rail": "block/rail_3d",
		"wood": "block/oak_planks"
	},
	"elements": [ 	 
		{
			"__comment": "Box46",
			"from": [ 3, 0, 13 ],
			"to": [ 13, 1, 15 ],
			"faces": {
				"down": { "uv": [ 3, 1, 13, 3 ], "texture": "#wood" },
				"up": { "uv": [ 3, 0, 13, 2 ], "texture": "#wood" },
				"north": { "uv": [ 3, 15, 13, 16 ], "texture": "#wood" },
				"south": { "uv": [ 3, 15, 13, 16 ], "texture": "#wood" },
				"west": { "uv": [ 13, 15, 15, 16 ], "texture": "#wood" },
				"east": { "uv": [ 1, 15, 3, 16 ], "texture": "#wood" }
			}
		},
		{
			"__comment": "Box46",
			"from": [ 3, 0, 9 ],
			"to": [ 9, 1, 11 ],
			"faces": {
				"down": { "uv": [ 6, 8, 12, 10 ], "texture": "#wood" },
				"up": { "uv": [ 6, 8, 12, 10 ], "texture": "#wood" },
				"north": { "uv": [ 5, 15, 11, 16 ], "texture": "#wood" },
				"south": { "uv": [ 3, 15, 9, 16 ], "texture": "#wood" },
				"west": { "uv": [ 9, 15, 11, 16 ], "texture": "#wood" }
			}
		},
		{
			"__comment": "Box46",
			"from": [ 3, 0, 5 ],
			"to": [ 5, 1, 7 ],
			"faces": {
				"down": { "uv": [ 3, 8, 5, 10 ], "texture": "#wood" },
				"up": { "uv": [ 1, 8, 3, 10 ], "texture": "#wood" },
				"north": { "uv": [ 9, 15, 11, 16 ], "texture": "#wood" },
				"south": { "uv": [ 3, 15, 5, 16 ], "texture": "#wood" },
				"west": { "uv": [ 5, 15, 7, 16 ], "texture": "#wood" }
			}
		},
		{
			"__comment": "Box46",
			"from": [ 9, 0, 3 ],
			"to": [ 11, 1, 11 ],
			"faces": {
				"down": { "uv": [ 3, 5, 11, 7 ], "texture": "#wood", "rotation": 270 },
				"up": { "uv": [ 6, 8, 14, 10 ], "texture": "#wood", "rotation": 90 },
				"north": { "uv": [ 9, 15, 11, 16 ], "texture": "#wood" },
				"south": { "uv": [ 5, 15, 7, 16 ], "texture": "#wood" },
				"west": { "uv": [ 3, 15, 11, 16 ], "texture": "#wood" },
				"east": { "uv": [ 5, 15, 13, 16 ], "texture": "#wood" }
			}
		},
		{
			"__comment": "Box46",
			"from": [ 13, 0, 3 ],
			"to": [ 15, 1, 13 ],
			"faces": {
				"down": { "uv": [ 3, 1, 13, 3 ], "texture": "#wood", "rotation": 270 },
				"up": { "uv": [ 3, 0, 13, 2 ], "texture": "#wood", "rotation": 90 },
				"north": { "uv": [ 13, 15, 15, 16 ], "texture": "#wood" },
				"south": { "uv": [ 1, 15, 3, 16 ], "texture": "#wood" },
				"west": { "uv": [ 3, 15, 13, 16 ], "texture": "#wood" },
				"east": { "uv": [ 3, 15, 13, 16 ], "texture": "#wood" }
			}
		},
		{
			"__comment": "Box46",
			"from": [ 5, 0, 3 ],
			"to": [ 7, 1, 7 ],
			"faces": {
				"down": { "uv": [ 3, 9, 7, 11 ], "texture": "#wood", "rotation": 270 },
				"up": { "uv": [ 1, 8, 5, 10 ], "texture": "#wood", "rotation": 90 },
				"north": { "uv": [ 5, 15, 7, 16 ], "texture": "#wood" },
				"south": { "uv": [ 9, 15, 11, 16 ], "texture": "#wood" },
				"west": { "uv": [ 3, 15, 7, 16 ], "texture": "#wood" },
				"east": { "uv": [ 9, 15, 13, 16 ], "texture": "#wood" }
			}
		},
		{
			"__comment": "Box55",
			"from": [ 6, 0.5, 6 ],
			"to": [ 7, 2, 16 ],
			"faces": {
				"down": { "uv": [ 6, 6, 7, 16 ], "texture": "#rail" },
				"up": { "uv": [ 6, 6, 7, 16 ], "texture": "#rail" },
				"north": { "uv": [ 9, 15, 10, 16 ], "texture": "#rail" },
				"south": { "uv": [ 6, 15, 7, 16 ], "texture": "#rail" },
				"west": { "uv": [ 6, 6, 7, 16 ], "texture": "#rail", "rotation": 270 },
				"east": { "uv": [ 6, 6, 7, 16 ], "texture": "#rail", "rotation": 90 }
			}
		},
		{
			"__comment": "Box55",
			"from": [ 9, 0.5, 9 ],
			"to": [ 10, 2, 16 ],
			"faces": {
				"down": { "uv": [ 9, 9, 10, 16 ], "texture": "#rail" },
				"up": { "uv": [ 9, 9, 10, 16 ], "texture": "#rail" },
				"north": { "uv": [ 9, 15, 10, 16 ], "texture": "#rail" },
				"south": { "uv": [ 6, 15, 7, 16 ], "texture": "#rail" },
				"west": { "uv": [ 9, 9, 10, 16 ], "texture": "#rail", "rotation": 270 },
				"east": { "uv": [ 9, 9, 10, 16 ], "texture": "#rail", "rotation": 270 }
			}
		},
		{
			"__comment": "Box55",
			"from": [ 10, 0.5, 9 ],
			"to": [ 16, 2, 10 ],
			"faces": {
				"down": { "uv": [ 9, 10, 10, 16 ], "texture": "#rail", "rotation": 90 },
				"up": { "uv": [ 9, 10, 10, 16 ], "texture": "#rail", "rotation": 270 },
				"north": { "uv": [ 9, 10, 10, 16 ], "texture": "#rail", "rotation": 90 },
				"south": { "uv": [ 9, 10, 10, 16 ], "texture": "#rail", "rotation": 270 },
				"east": { "uv": [ 6, 15, 7, 16 ], "texture": "#rail" }
			}
		},
		{
			"__comment": "Box55",
			"from": [ 7, 0.5, 6 ],
			"to": [ 16, 2, 7 ],
			"faces": {
				"down": { "uv": [ 6, 7, 7, 16 ], "texture": "#rail", "rotation": 90 },
				"up": { "uv": [ 6, 7, 7, 16 ], "texture": "#rail", "rotation": 270 },
				"north": { "uv": [ 6, 7, 7, 16 ], "texture": "#rail", "rotation": 90 },
				"south": { "uv": [ 6, 7, 7, 16 ], "texture": "#rail", "rotation": 270 },
				"east": { "uv": [ 6, 15, 7, 16 ], "texture": "#rail" }
			}
		},
		{
			"__comment": "Box59",
			"from": [ 7, 1, 7 ],
			"to": [ 9, 1.5, 16 ],
			"faces": {
				"down": { "uv": [ 7, 0, 9, 9 ], "texture": "#rail" },
				"up": { "uv": [ 7, 7, 9, 16 ], "texture": "#rail" },
				"south": { "uv": [ 7, 15, 9, 16 ], "texture": "#rail" },
				"east": { "uv": [ 7, 0, 8, 9 ], "texture": "#rail", "rotation": 270 }
			}
		},
		{
			"__comment": "Box59",
			"from": [ 9, 1, 7 ],
			"to": [ 16, 1.5, 9 ],
			"faces": {
				"down": { "uv": [ 7, 0, 9, 7 ], "texture": "#rail", "rotation": 90 },
				"up": { "uv": [ 7, 0, 9, 7 ], "texture": "#rail", "rotation": 90 },
				"south": { "uv": [ 7, 0, 8, 7 ], "texture": "#rail", "rotation": 270 },
				"east": { "uv": [ 7, 15, 9, 16 ], "texture": "#rail" }
			}
		}
	]
}