{
	"credit": "Made by XeKr with Blockbench",
	"parent": "block/thin_block",
	"textures": {
		"particle": "block/snow",
		"texture": "block/snow"
	},
	"elements": [
		{
			"from": [0, 0, 0],
			"to": [16, 2, 16],
			"faces": {
				"north": {"uv": [0, 14, 16, 16], "texture": "#texture", "cullface": "north"},
				"east": {"uv": [0, 14, 16, 16], "texture": "#texture", "cullface": "east"},
				"south": {"uv": [0, 14, 16, 16], "texture": "#texture", "cullface": "south"},
				"west": {"uv": [0, 14, 16, 16], "texture": "#texture", "cullface": "west"},
				"up": {"uv": [0, 0, 16, 16], "texture": "#texture"},
				"down": {"uv": [0, 0, 16, 16], "texture": "#texture", "cullface": "down"}
			}
		},
		{
			"from": [-0.05, 0, -0.05],
			"to": [16.05, 1, 16.05],
			"rotation": {"angle": 0, "axis": "y", "origin": [8, 7, 8]},
			"faces": {
				"north": {"uv": [0, 15, 16, 16], "texture": "#texture", "cullface": "north"},
				"east": {"uv": [0, 15, 16, 16], "texture": "#texture", "cullface": "east"},
				"south": {"uv": [0, 15, 16, 16], "texture": "#texture", "cullface": "south"},
				"west": {"uv": [0, 15, 16, 16], "texture": "#texture", "cullface": "west"}
			}
		},
		{
			"from": [-0.05, -2, -0.05],
			"to": [16.05, 0, 16.05],
			"rotation": {"angle": 0, "axis": "y", "origin": [8, 7, 8]},
			"faces": {
				"north": {"uv": [0, 0, 16, 2], "texture": "#texture", "cullface": "north"},
				"east": {"uv": [0, 0, 16, 2], "texture": "#texture", "cullface": "east"},
				"south": {"uv": [0, 0, 16, 2], "texture": "#texture", "cullface": "south"},
				"west": {"uv": [0, 0, 16, 2], "texture": "#texture", "cullface": "west"}
			}
		},
		{
			"from": [-0.05, -4, -0.05],
			"to": [2, -2, 1],
			"rotation": {"angle": 0, "axis": "y", "origin": [8, 0, 8]},
			"faces": {
				"north": {"uv": [0, 2, 2.05, 4], "texture": "#texture", "cullface": "north"},
				"west": {"uv": [0, 2, 1.05, 4], "texture": "#texture", "cullface": "west"}
			}
		},
		{
			"from": [-0.05, -3, 2],
			"to": [-0.05, -2, 6],
			"rotation": {"angle": 0, "axis": "y", "origin": [8, 0, 8]},
			"faces": {
				"west": {"uv": [2, 2, 6, 3], "texture": "#texture", "cullface": "west"}
			}
		},
		{
			"from": [-0.05, -4, 4],
			"to": [-0.05, -3, 5],
			"rotation": {"angle": 0, "axis": "y", "origin": [8, 0, 8]},
			"faces": {
				"west": {"uv": [4, 3, 5, 4], "texture": "#texture", "cullface": "west"}
			}
		},
		{
			"from": [-0.05, -5, 6],
			"to": [-0.05, -2, 7],
			"rotation": {"angle": 0, "axis": "y", "origin": [8, 0, 8]},
			"faces": {
				"west": {"uv": [6, 2, 7, 5], "texture": "#texture", "cullface": "west"}
			}
		},
		{
			"from": [-0.05, -4, 7],
			"to": [-0.05, -2, 8],
			"rotation": {"angle": 0, "axis": "y", "origin": [8, 0, 8]},
			"faces": {
				"west": {"uv": [7, 2, 8, 4], "texture": "#texture", "cullface": "west"}
			}
		},
		{
			"from": [-0.05, -3, 9],
			"to": [-0.05, -2, 14],
			"rotation": {"angle": 0, "axis": "y", "origin": [8, 0, 8]},
			"faces": {
				"west": {"uv": [9, 2, 14, 3], "texture": "#texture", "cullface": "west"}
			}
		},
		{
			"from": [-0.05, -4, 11],
			"to": [-0.05, -3, 13],
			"rotation": {"angle": 0, "axis": "y", "origin": [8, 0, 8]},
			"faces": {
				"west": {"uv": [11, 3, 13, 4], "texture": "#texture", "cullface": "west"}
			}
		},
		{
			"from": [-0.05, -5, 12],
			"to": [-0.05, -4, 13],
			"rotation": {"angle": 0, "axis": "y", "origin": [8, 0, 8]},
			"faces": {
				"west": {"uv": [12, 4, 13, 5], "texture": "#texture", "cullface": "west"}
			}
		},
		{
			"from": [-0.05, -4, 14],
			"to": [1, -2, 16.05],
			"rotation": {"angle": 0, "axis": "y", "origin": [8, 0, 8]},
			"faces": {
				"south": {"uv": [0, 2, 1.05, 4], "texture": "#texture", "cullface": "south"},
				"west": {"uv": [0, 2, 2.05, 4], "texture": "#texture", "cullface": "west"}
			}
		},
		{
			"from": [2, -3, 16.05],
			"to": [6, -2, 16.05],
			"rotation": {"angle": 0, "axis": "y", "origin": [8, 0, 8]},
			"faces": {
				"south": {"uv": [2, 2, 6, 3], "texture": "#texture", "cullface": "south"}
			}
		},
		{
			"from": [4, -4, 16.05],
			"to": [5, -3, 16.05],
			"rotation": {"angle": 0, "axis": "y", "origin": [8, 0, 8]},
			"faces": {
				"south": {"uv": [4, 3, 5, 4], "texture": "#texture", "cullface": "south"}
			}
		},
		{
			"from": [6, -5, 16.05],
			"to": [7, -2, 16.05],
			"rotation": {"angle": 0, "axis": "y", "origin": [8, 0, 8]},
			"faces": {
				"south": {"uv": [6, 2, 7, 5], "texture": "#texture", "cullface": "south"}
			}
		},
		{
			"from": [7, -4, 16.05],
			"to": [8, -2, 16.05],
			"rotation": {"angle": 0, "axis": "y", "origin": [8, 0, 8]},
			"faces": {
				"south": {"uv": [7, 2, 8, 4], "texture": "#texture", "cullface": "south"}
			}
		},
		{
			"from": [9, -3, 16.05],
			"to": [14, -2, 16.05],
			"rotation": {"angle": 0, "axis": "y", "origin": [8, 0, 8]},
			"faces": {
				"south": {"uv": [9, 2, 14, 3], "texture": "#texture", "cullface": "south"}
			}
		},
		{
			"from": [11, -4, 16.05],
			"to": [13, -3, 16.05],
			"rotation": {"angle": 0, "axis": "y", "origin": [8, 0, 8]},
			"faces": {
				"south": {"uv": [11, 3, 13, 4], "texture": "#texture", "cullface": "south"}
			}
		},
		{
			"from": [12, -5, 16.05],
			"to": [13, -4, 16.05],
			"rotation": {"angle": 0, "axis": "y", "origin": [8, 0, 8]},
			"faces": {
				"south": {"uv": [12, 4, 13, 5], "texture": "#texture", "cullface": "south"}
			}
		},
		{
			"from": [14, -4, 15],
			"to": [16.05, -2, 16.05],
			"rotation": {"angle": 0, "axis": "y", "origin": [8, 0, 8]},
			"faces": {
				"east": {"uv": [0, 2, 1.05, 4], "texture": "#texture", "cullface": "east"},
				"south": {"uv": [0, 2, 2.05, 4], "texture": "#texture", "cullface": "south"}
			}
		},
		{
			"from": [16.05, -3, 10],
			"to": [16.05, -2, 14],
			"rotation": {"angle": 0, "axis": "y", "origin": [8, 0, 8]},
			"faces": {
				"east": {"uv": [2, 2, 6, 3], "texture": "#texture", "cullface": "east"}
			}
		},
		{
			"from": [16.05, -4, 11],
			"to": [16.05, -3, 12],
			"rotation": {"angle": 0, "axis": "y", "origin": [8, 0, 8]},
			"faces": {
				"east": {"uv": [4, 3, 5, 4], "texture": "#texture", "cullface": "east"}
			}
		},
		{
			"from": [16.05, -5, 9],
			"to": [16.05, -2, 10],
			"rotation": {"angle": 0, "axis": "y", "origin": [8, 0, 8]},
			"faces": {
				"east": {"uv": [6, 2, 7, 5], "texture": "#texture", "cullface": "east"}
			}
		},
		{
			"from": [16.05, -4, 8],
			"to": [16.05, -2, 9],
			"rotation": {"angle": 0, "axis": "y", "origin": [8, 0, 8]},
			"faces": {
				"east": {"uv": [7, 2, 8, 4], "texture": "#texture", "cullface": "east"}
			}
		},
		{
			"from": [16.05, -3, 2],
			"to": [16.05, -2, 7],
			"rotation": {"angle": 0, "axis": "y", "origin": [8, 0, 8]},
			"faces": {
				"east": {"uv": [9, 2, 14, 3], "texture": "#texture", "cullface": "east"}
			}
		},
		{
			"from": [16.05, -4, 3],
			"to": [16.05, -3, 5],
			"rotation": {"angle": 0, "axis": "y", "origin": [8, 0, 8]},
			"faces": {
				"east": {"uv": [11, 3, 13, 4], "texture": "#texture", "cullface": "east"}
			}
		},
		{
			"from": [16.05, -5, 3],
			"to": [16.05, -4, 4],
			"rotation": {"angle": 0, "axis": "y", "origin": [8, 0, 8]},
			"faces": {
				"east": {"uv": [12, 4, 13, 5], "texture": "#texture", "cullface": "east"}
			}
		},
		{
			"from": [15, -4, -0.05],
			"to": [16.05, -2, 2],
			"rotation": {"angle": 0, "axis": "y", "origin": [8, 0, 8]},
			"faces": {
				"north": {"uv": [0, 2, 1.05, 4], "texture": "#texture", "cullface": "north"},
				"east": {"uv": [0, 2, 2.05, 4], "texture": "#texture", "cullface": "east"}
			}
		},
		{
			"from": [10, -3, -0.05],
			"to": [14, -2, -0.05],
			"rotation": {"angle": 0, "axis": "y", "origin": [8, 0, 8]},
			"faces": {
				"north": {"uv": [2, 2, 6, 3], "texture": "#texture", "cullface": "north"}
			}
		},
		{
			"from": [11, -4, -0.05],
			"to": [12, -3, -0.05],
			"rotation": {"angle": 0, "axis": "y", "origin": [8, 0, 8]},
			"faces": {
				"north": {"uv": [4, 3, 5, 4], "texture": "#texture", "cullface": "north"}
			}
		},
		{
			"from": [9, -5, -0.05],
			"to": [10, -2, -0.05],
			"rotation": {"angle": 0, "axis": "y", "origin": [8, 0, 8]},
			"faces": {
				"north": {"uv": [6, 2, 7, 5], "texture": "#texture", "cullface": "north"}
			}
		},
		{
			"from": [8, -4, -0.05],
			"to": [9, -2, -0.05],
			"rotation": {"angle": 0, "axis": "y", "origin": [8, 0, 8]},
			"faces": {
				"north": {"uv": [7, 2, 8, 4], "texture": "#texture", "cullface": "north"}
			}
		},
		{
			"from": [2, -3, -0.05],
			"to": [7, -2, -0.05],
			"rotation": {"angle": 0, "axis": "y", "origin": [8, 0, 8]},
			"faces": {
				"north": {"uv": [9, 2, 14, 3], "texture": "#texture", "cullface": "north"}
			}
		},
		{
			"from": [3, -4, -0.05],
			"to": [5, -3, -0.05],
			"rotation": {"angle": 0, "axis": "y", "origin": [8, 0, 8]},
			"faces": {
				"north": {"uv": [11, 3, 13, 4], "texture": "#texture", "cullface": "north"}
			}
		},
		{
			"from": [3, -5, -0.05],
			"to": [4, -4, -0.05],
			"rotation": {"angle": 0, "axis": "y", "origin": [8, 0, 8]},
			"faces": {
				"north": {"uv": [12, 4, 13, 5], "texture": "#texture", "cullface": "north"}
			}
		}
	],
	"groups": [0, 1, 2,
		{
			"name": "group",
			"origin": [0, 0, 0],
			"children": [3, 4, 5, 6, 7, 8, 9, 10]
		},
		{
			"name": "group",
			"origin": [0, 0, 0],
			"children": [11, 12, 13, 14, 15, 16, 17, 18]
		},
		{
			"name": "group",
			"origin": [0, 0, 0],
			"children": [19, 20, 21, 22, 23, 24, 25, 26]
		},
		{
			"name": "group",
			"origin": [0, 0, 0],
			"children": [27, 28, 29, 30, 31, 32, 33, 34]
		}
	]
}