{
	"__comment": "Designed by XeKr with Cubik Studio - https://cubik.studio",
	"parent": "block/block",
	"textures": {
		"particle": "#side",
		"bottom": "blocks/e_texture",
		"top": "blocks/e_texture",
		"side": "blocks/e_texture"
	},
	"elements": [ 	 
		{
			"__comment": "Box3",
			"from": [ 0, 0, 0 ],
			"to": [ 8, 4, 16 ],
			"faces": {
				"down": { "uv": [ 0, 0, 8, 16 ], "texture": "#bottom", "cullface": "down" },
				"up": { "uv": [ 0, 0, 8, 16 ], "texture": "#top" },
				"north": { "uv": [ 8, 12, 16, 16 ], "texture": "#side", "cullface": "north" },
				"south": { "uv": [ 0, 12, 8, 16 ], "texture": "#side", "cullface": "south" },
				"west": { "uv": [ 0, 12, 16, 16 ], "texture": "#side", "cullface": "west" }
			}
		},
		{
			"__comment": "Box4",
			"from": [ 8, 0, 0 ],
			"to": [ 16, 8, 16 ],
			"faces": {
				"down": { "uv": [ 8, 0, 16, 16 ], "texture": "#bottom", "cullface": "down" },
				"up": { "uv": [ 8, 0, 16, 16 ], "texture": "#top" },
				"north": { "uv": [ 0, 8, 8, 16 ], "texture": "#side", "cullface": "north" },
				"south": { "uv": [ 8, 8, 16, 16 ], "texture": "#side", "cullface": "south" },
				"west": { "uv": [ 0, 8, 16, 16 ], "texture": "#side" },
				"east": { "uv": [ 0, 8, 16, 16 ], "texture": "#side", "cullface": "east" }
			}
		},
		{
			"__comment": "Box5",
			"from": [ 0, 4, 0 ],
			"to": [ 8, 8, 4 ],
			"faces": {
				"up": { "uv": [ 0, 0, 8, 4 ], "texture": "#top" },
				"north": { "uv": [ 8, 8, 16, 12 ], "texture": "#side", "cullface": "north" },
				"south": { "uv": [ 0, 8, 8, 12 ], "texture": "#side" },
				"west": { "uv": [ 0, 8, 4, 12 ], "texture": "#side", "cullface": "west" }
			}
		},
		{
			"__comment": "Box5",
			"from": [ 0, 4, 12 ],
			"to": [ 8, 8, 16 ],
			"faces": {
				"up": { "uv": [ 0, 12, 8, 16 ], "texture": "#top" },
				"north": { "uv": [ 8, 8, 16, 12 ], "texture": "#side" },
				"south": { "uv": [ 0, 8, 8, 12 ], "texture": "#side", "cullface": "south" },
				"west": { "uv": [ 12, 8, 16, 12 ], "texture": "#side", "cullface": "west" }
			}
		},
		{
			"__comment": "Box7",
			"from": [ 12, 8, 0 ],
			"to": [ 16, 16, 16 ],
			"faces": {
				"up": { "uv": [ 12, 0, 16, 16 ], "texture": "#top", "cullface": "up" },
				"north": { "uv": [ 0, 0, 4, 8 ], "texture": "#side", "cullface": "north" },
				"south": { "uv": [ 12, 0, 16, 8 ], "texture": "#side", "cullface": "south" },
				"west": { "uv": [ 0, 0, 16, 8 ], "texture": "#side" },
				"east": { "uv": [ 0, 0, 16, 8 ], "texture": "#side", "cullface": "east" }
			}
		},
		{
			"__comment": "Box8",
			"from": [ 8, 8, 0 ],
			"to": [ 12, 16, 4 ],
			"faces": {
				"up": { "uv": [ 8, 0, 12, 4 ], "texture": "#top", "cullface": "up" },
				"north": { "uv": [ 4, 0, 8, 8 ], "texture": "#side", "cullface": "north" },
				"south": { "uv": [ 8, 0, 12, 8 ], "texture": "#side" },
				"west": { "uv": [ 0, 0, 4, 8 ], "texture": "#side" }
			}
		},
		{
			"__comment": "Box8",
			"from": [ 8, 8, 12 ],
			"to": [ 12, 16, 16 ],
			"faces": {
				"up": { "uv": [ 8, 12, 12, 16 ], "texture": "#top", "cullface": "up" },
				"north": { "uv": [ 4, 0, 8, 8 ], "texture": "#side" },
				"south": { "uv": [ 8, 0, 12, 8 ], "texture": "#side", "cullface": "south" },
				"west": { "uv": [ 12, 0, 16, 8 ], "texture": "#side" }
			}
		}
	],
	"display": {
		"thirdperson_lefthand": {
			"rotation":  [ 75, -135, 0 ],
			"translation":  [ 0, 2.5, 0 ],
			"scale":  [ 0.375, 0.375, 0.375 ]
		},
		"gui": {
			"rotation":  [ 30, 135, 0 ],
			"scale":  [ 0.625, 0.625, 0.625 ]
		},
		"head": {
			"rotation":  [ 0, -90, 0 ]
		}
	}
}