{
	"credit": "Made by XeKr with Blockbench",
	"parent": "block/block",
	"ambientocclusion": false,
	"textures": {
		"particle": "block/azalea_plant",
		"plant": "block/azalea_plant"
	},
	"elements": [
		{
			"from": [0, 16, 0],
			"to": [16, 16, 16],
			"faces": {
				"up": {"uv": [0, 0, 16, 16], "texture": "#top", "cullface": "up"},
				"down": {"uv": [16, 16, 0, 0], "texture": "#top"}
			}
		},
		{
			"from": [0, 5, 0.125],
			"to": [16, 16, 0.125],
			"rotation": {"angle": 0, "axis": "y", "origin": [8, 8, 8.125]},
			"faces": {
				"north": {"uv": [0, 0, 16, 10], "texture": "#side", "cullface": "north"},
				"south": {"uv": [0, 0, 16, 10], "texture": "#side"}
			}
		},
		{
			"from": [0, 5, 15.875],
			"to": [16, 16, 15.875],
			"rotation": {"angle": 0, "axis": "y", "origin": [8, 8, 7.875]},
			"faces": {
				"north": {"uv": [0, 0, 16, 10], "texture": "#side"},
				"south": {"uv": [0, 0, 16, 10], "texture": "#side", "cullface": "south"}
			}
		},
		{
			"from": [0.125, 5, 0],
			"to": [0.125, 16, 16],
			"rotation": {"angle": 0, "axis": "y", "origin": [8.125, 8, 8]},
			"faces": {
				"east": {"uv": [0, 0, 16, 10], "texture": "#side"},
				"west": {"uv": [16, 0, 0, 10], "texture": "#side", "cullface": "west"}
			}
		},
		{
			"from": [15.875, 5, 0],
			"to": [15.875, 16, 16],
			"rotation": {"angle": 0, "axis": "y", "origin": [7.875, 8, 8]},
			"faces": {
				"east": {"uv": [0, 0, 16, 10], "texture": "#side", "cullface": "east"},
				"west": {"uv": [16, 0, 0, 10], "texture": "#side"}
			}
		},
		{
			"from": [0.8, 0, 8],
			"to": [15.2, 15.8, 8],
			"rotation": {"angle": 45, "axis": "y", "origin": [8, 8, 8], "rescale": true},
			"faces": {
				"north": {"uv": [0, 0, 16, 16], "texture": "#plant"},
				"south": {"uv": [0, 0, 16, 16], "texture": "#plant"}
			}
		},
		{
			"from": [8, 0, 0.8],
			"to": [8, 15.8, 15.2],
			"rotation": {"angle": 45, "axis": "y", "origin": [8, 8, 8], "rescale": true},
			"faces": {
				"east": {"uv": [0, 0, 16, 16], "texture": "#plant"},
				"west": {"uv": [0, 0, 16, 16], "texture": "#plant"}
			}
		},
		{
			"from": [-1, 16, 8],
			"to": [17, 19, 8],
			"rotation": {"angle": -45, "axis": "y", "origin": [8, 16, 8]},
			"faces": {
				"north": {"uv": [0, 0, 16, 3], "texture": "#out", "cullface": "up"},
				"south": {"uv": [0, 0, 16, 3], "texture": "#out", "cullface": "up"}
			}
		},
		{
			"from": [-1, 16, 8],
			"to": [17, 19, 8],
			"rotation": {"angle": 45, "axis": "y", "origin": [8, 16, 8]},
			"faces": {
				"north": {"uv": [0, 0, 16, 3], "texture": "#out", "cullface": "up"},
				"south": {"uv": [0, 0, 16, 3], "texture": "#out", "cullface": "up"}
			}
		},
		{
			"from": [-4.5, 7, 6],
			"to": [-0.5, 15, 6],
			"rotation": {"angle": -22.5, "axis": "y", "origin": [8, 15, 6]},
			"faces": {
				"north": {"uv": [12, 0, 16, 8], "texture": "#out", "cullface": "west"},
				"south": {"uv": [0, 0, 4, 8], "texture": "#out", "cullface": "west"}
			}
		},
		{
			"from": [6, 7, 16.5],
			"to": [6, 15, 20.5],
			"rotation": {"angle": -22.5, "axis": "y", "origin": [6, 15, 8]},
			"faces": {
				"east": {"uv": [0, 0, 4, 8], "texture": "#out", "cullface": "south"},
				"west": {"uv": [12, 0, 16, 8], "texture": "#out", "cullface": "south"}
			}
		},
		{
			"from": [16.5, 7, 10],
			"to": [20.5, 15, 10],
			"rotation": {"angle": -22.5, "axis": "y", "origin": [8, 15, 10]},
			"faces": {
				"north": {"uv": [0, 0, 4, 8], "texture": "#out", "cullface": "east"},
				"south": {"uv": [12, 0, 16, 8], "texture": "#out", "cullface": "east"}
			}
		},
		{
			"from": [10, 7, -4.5],
			"to": [10, 15, -0.5],
			"rotation": {"angle": -22.5, "axis": "y", "origin": [10, 15, 8]},
			"faces": {
				"east": {"uv": [12, 0, 16, 8], "texture": "#out", "cullface": "north"},
				"west": {"uv": [0, 0, 4, 8], "texture": "#out", "cullface": "north"}
			}
		},
		{
			"from": [-4.5, 7, 10],
			"to": [-0.5, 15, 10],
			"rotation": {"angle": 22.5, "axis": "y", "origin": [8, 15, 10]},
			"faces": {
				"north": {"uv": [12, 8, 16, 16], "texture": "#out", "cullface": "west"},
				"south": {"uv": [0, 8, 4, 16], "texture": "#out", "cullface": "west"}
			}
		},
		{
			"from": [10, 7, 16.5],
			"to": [10, 15, 20.5],
			"rotation": {"angle": 22.5, "axis": "y", "origin": [10, 15, 8]},
			"faces": {
				"east": {"uv": [0, 8, 4, 16], "texture": "#out", "cullface": "south"},
				"west": {"uv": [12, 8, 16, 16], "texture": "#out", "cullface": "south"}
			}
		},
		{
			"from": [16.5, 7, 6],
			"to": [20.5, 15, 6],
			"rotation": {"angle": 22.5, "axis": "y", "origin": [8, 15, 6]},
			"faces": {
				"north": {"uv": [0, 8, 4, 16], "texture": "#out", "cullface": "east"},
				"south": {"uv": [12, 8, 16, 16], "texture": "#out", "cullface": "east"}
			}
		},
		{
			"from": [6, 7, -4.5],
			"to": [6, 15, -0.5],
			"rotation": {"angle": 22.5, "axis": "y", "origin": [6, 15, 8]},
			"faces": {
				"east": {"uv": [12, 8, 16, 16], "texture": "#out", "cullface": "north"},
				"west": {"uv": [0, 8, 4, 16], "texture": "#out", "cullface": "north"}
			}
		},
		{
			"from": [4, 13, 16],
			"to": [12, 13, 21],
			"rotation": {"angle": 45, "axis": "x", "origin": [8, 13, 16]},
			"faces": {
				"up": {"uv": [4, 3, 12, 8], "texture": "#out", "cullface": "south"},
				"down": {"uv": [4, 8, 12, 3], "texture": "#out", "cullface": "south"}
			}
		},
		{
			"from": [16, 13, 4],
			"to": [21, 13, 12],
			"rotation": {"angle": -45, "axis": "z", "origin": [16, 13, 8]},
			"faces": {
				"up": {"uv": [4, 3, 12, 8], "rotation": 270, "texture": "#out", "cullface": "east"},
				"down": {"uv": [4, 8, 12, 3], "rotation": 90, "texture": "#out", "cullface": "east"}
			}
		},
		{
			"from": [4, 13, -5],
			"to": [12, 13, 0],
			"rotation": {"angle": -45, "axis": "x", "origin": [8, 13, 0]},
			"faces": {
				"up": {"uv": [4, 3, 12, 8], "rotation": 180, "texture": "#out", "cullface": "north"},
				"down": {"uv": [4, 8, 12, 3], "rotation": 180, "texture": "#out", "cullface": "north"}
			}
		},
		{
			"from": [-5, 13, 4],
			"to": [0, 13, 12],
			"rotation": {"angle": 45, "axis": "z", "origin": [0, 13, 8]},
			"faces": {
				"up": {"uv": [4, 3, 12, 8], "rotation": 90, "texture": "#out", "cullface": "west"},
				"down": {"uv": [4, 8, 12, 3], "rotation": 270, "texture": "#out", "cullface": "west"}
			}
		}
	]
}