{
	"credit": "Made by XeKr with Blockbench",
	"parent": "block/template_torch",
	"textures": {
		"particle": "#torch",
		"torch": "block/torch_3d"
	},
	"elements": [
		{
			"name": "Box9",
			"from": [2, 3, 6],
			"to": [6, 4, 10],
			"faces": {
				"north": {"uv": [6, 15, 10, 16], "texture": "#torch"},
				"east": {"uv": [6, 15, 10, 16], "texture": "#torch"},
				"south": {"uv": [6, 15, 10, 16], "texture": "#torch"},
				"west": {"uv": [6, 15, 10, 16], "texture": "#torch"},
				"up": {"uv": [12, 12, 16, 16], "texture": "#torch"},
				"down": {"uv": [12, 12, 16, 16], "texture": "#torch"}
			}
		},
		{
			"name": "Box10",
			"from": [3, 4, 7],
			"to": [5, 13, 9],
			"faces": {
				"north": {"uv": [7, 6, 9, 15], "texture": "#torch"},
				"east": {"uv": [7, 6, 9, 15], "texture": "#torch"},
				"south": {"uv": [7, 6, 9, 15], "texture": "#torch"},
				"west": {"uv": [7, 6, 9, 15], "texture": "#torch"},
				"up": {"uv": [7, 6, 9, 8], "texture": "#torch"},
				"down": {"uv": [7, 11, 9, 13], "texture": "#torch"}
			}
		},
		{
			"name": "PlaneX11",
			"from": [4, 10, 6],
			"to": [4.001, 14, 10],
			"faces": {
				"east": {"uv": [6, 5, 10, 9], "texture": "#torch"},
				"west": {"uv": [6, 5, 10, 9], "texture": "#torch"}
			}
		},
		{
			"name": "PlaneX11",
			"from": [2, 10, 8],
			"to": [6, 14, 8.001],
			"faces": {
				"north": {"uv": [6, 5, 10, 9], "texture": "#torch"},
				"south": {"uv": [6, 5, 10, 9], "texture": "#torch"}
			}
		},
		{
			"name": "PlaneZ13",
			"from": [0, 1, 8],
			"to": [3, 12, 8.001],
			"faces": {
				"north": {"uv": [3, 5, 0, 16], "texture": "#torch"},
				"south": {"uv": [0, 5, 3, 16], "texture": "#torch"}
			}
		}
	]
}