{
	"credit": "Made by XeKr with Blockbench",
	"parent": "block/template_torch",
	"textures": {
		"particle": "#torch",
		"torch": "block/torch_3d"
	},
	"elements": [
		{
			"name": "Box9",
			"from": [6, 0, 6],
			"to": [10, 1, 10],
			"faces": {
				"north": {"uv": [6, 15, 10, 16], "texture": "#torch"},
				"east": {"uv": [6, 15, 10, 16], "texture": "#torch"},
				"south": {"uv": [6, 15, 10, 16], "texture": "#torch"},
				"west": {"uv": [6, 15, 10, 16], "texture": "#torch"},
				"up": {"uv": [12, 12, 16, 16], "texture": "#torch"},
				"down": {"uv": [12, 12, 16, 16], "texture": "#torch"}
			}
		},
		{
			"name": "Box10",
			"from": [7, 1, 7],
			"to": [9, 10, 9],
			"faces": {
				"north": {"uv": [7, 6, 9, 15], "texture": "#torch"},
				"east": {"uv": [7, 6, 9, 15], "texture": "#torch"},
				"south": {"uv": [7, 6, 9, 15], "texture": "#torch"},
				"west": {"uv": [7, 6, 9, 15], "texture": "#torch"},
				"up": {"uv": [7, 6, 9, 8], "texture": "#torch"},
				"down": {"uv": [7, 11, 9, 13], "texture": "#torch"}
			}
		},
		{
			"name": "PlaneX11",
			"from": [8, 7, 6],
			"to": [8.001, 11, 10],
			"faces": {
				"east": {"uv": [6, 5, 10, 9], "texture": "#torch"},
				"west": {"uv": [6, 5, 10, 9], "texture": "#torch"}
			}
		},
		{
			"name": "PlaneX11",
			"from": [6, 7, 8],
			"to": [10, 11, 8.001],
			"faces": {
				"north": {"uv": [6, 5, 10, 9], "texture": "#torch"},
				"south": {"uv": [6, 5, 10, 9], "texture": "#torch"}
			}
		}
	]
}