{
	"credit": "Made by XeKr with Blockbench",
	"parent": "block/cross",
	"textures": {
		"0": "block/tube_coral_3d",
		"particle": "block/tube_coral_3d"
	},
	"elements": [
		{
			"from": [9.5, 0, 7],
			"to": [13.5, 1.125, 11],
			"rotation": {"angle": -22.5, "axis": "y", "origin": [11.5, 0.5, 9]},
			"faces": {
				"north": {"uv": [0, 4, 4, 5], "texture": "#0"},
				"east": {"uv": [0, 4, 4, 5], "texture": "#0"},
				"south": {"uv": [0, 4, 4, 5], "texture": "#0"},
				"west": {"uv": [0, 4, 4, 5], "texture": "#0"},
				"up": {"uv": [0, 0, 4, 4], "texture": "#0"},
				"down": {"uv": [0, 0, 4, 4], "texture": "#0"}
			}
		},
		{
			"from": [10.5, 1.125, 8],
			"to": [12.5, 0, 10],
			"rotation": {"angle": -22.5, "axis": "y", "origin": [11.5, 0.625, 9]},
			"faces": {
				"north": {"uv": [1, 3, 3, 4], "texture": "#0"},
				"east": {"uv": [1, 3, 3, 4], "texture": "#0"},
				"south": {"uv": [1, 3, 3, 4], "texture": "#0"},
				"west": {"uv": [1, 3, 3, 4], "texture": "#0"}
			}
		},
		{
			"from": [3, 0, 2],
			"to": [7, 2, 6],
			"rotation": {"angle": 22.5, "axis": "y", "origin": [5, 0.5, 4]},
			"faces": {
				"north": {"uv": [4, 4, 8, 6], "texture": "#0"},
				"east": {"uv": [4, 4, 8, 6], "texture": "#0"},
				"south": {"uv": [4, 4, 8, 6], "texture": "#0"},
				"west": {"uv": [4, 4, 8, 6], "texture": "#0"},
				"up": {"uv": [4, 0, 8, 4], "texture": "#0"},
				"down": {"uv": [4, 0, 8, 4], "texture": "#0"}
			}
		},
		{
			"from": [4, 2, 3],
			"to": [6, 0, 5],
			"rotation": {"angle": 22.5, "axis": "y", "origin": [5, 1.5, 4]},
			"faces": {
				"north": {"uv": [5, 3, 7, 5], "texture": "#0"},
				"east": {"uv": [5, 3, 7, 5], "texture": "#0"},
				"south": {"uv": [5, 3, 7, 5], "texture": "#0"},
				"west": {"uv": [5, 3, 7, 5], "texture": "#0"}
			}
		},
		{
			"from": [3, 0, 9],
			"to": [7, 1.125, 13],
			"rotation": {"angle": 45, "axis": "y", "origin": [5, 0.5, 11]},
			"faces": {
				"north": {"uv": [8, 4, 12, 5], "texture": "#0"},
				"east": {"uv": [8, 4, 12, 5], "texture": "#0"},
				"south": {"uv": [8, 4, 12, 5], "texture": "#0"},
				"west": {"uv": [8, 4, 12, 5], "texture": "#0"},
				"up": {"uv": [8, 0, 12, 4], "texture": "#0"},
				"down": {"uv": [8, 0, 12, 4], "texture": "#0"}
			}
		},
		{
			"from": [4, 1.125, 10],
			"to": [6, 0, 12],
			"rotation": {"angle": 45, "axis": "y", "origin": [5, 0.625, 11]},
			"faces": {
				"north": {"uv": [9, 3, 11, 4], "texture": "#0"},
				"east": {"uv": [9, 3, 11, 4], "texture": "#0"},
				"south": {"uv": [9, 3, 11, 4], "texture": "#0"},
				"west": {"uv": [9, 3, 11, 4], "texture": "#0"}
			}
		},
		{
			"from": [1.5, 0, 5.5],
			"to": [4.5, 1.125, 8.5],
			"rotation": {"angle": 0, "axis": "y", "origin": [3, 0.5, 7]},
			"faces": {
				"north": {"uv": [0, 5, 3, 6], "texture": "#0"},
				"east": {"uv": [0, 5, 3, 6], "texture": "#0"},
				"south": {"uv": [0, 5, 3, 6], "texture": "#0"},
				"west": {"uv": [0, 5, 3, 6], "texture": "#0"},
				"up": {"uv": [13, 0, 16, 3], "texture": "#0"},
				"down": {"uv": [13, 0, 16, 3], "texture": "#0"}
			}
		},
		{
			"from": [2.5, 1.125, 6.5],
			"to": [3.5, 0, 7.5],
			"rotation": {"angle": 0, "axis": "y", "origin": [3, 0.625, 7]},
			"faces": {
				"north": {"uv": [2, 3, 3, 4], "texture": "#0"},
				"east": {"uv": [2, 3, 3, 4], "texture": "#0"},
				"south": {"uv": [2, 3, 3, 4], "texture": "#0"},
				"west": {"uv": [2, 3, 3, 4], "texture": "#0"}
			}
		},
		{
			"from": [10, 0, 2],
			"to": [13, 2, 5],
			"rotation": {"angle": 22.5, "axis": "y", "origin": [11.5, 1, 3.5]},
			"faces": {
				"north": {"uv": [9, 4, 12, 6], "texture": "#0"},
				"east": {"uv": [9, 4, 12, 6], "texture": "#0"},
				"south": {"uv": [9, 4, 12, 6], "texture": "#0"},
				"west": {"uv": [9, 4, 12, 6], "texture": "#0"},
				"up": {"uv": [13, 6, 16, 9], "rotation": 90, "texture": "#0"},
				"down": {"uv": [13, 6, 16, 9], "rotation": 270, "texture": "#0"}
			}
		},
		{
			"from": [11, 2, 3],
			"to": [12, 0, 4],
			"rotation": {"angle": 22.5, "axis": "y", "origin": [11.5, 1, 3.5]},
			"faces": {
				"north": {"uv": [10, 3, 11, 5], "texture": "#0"},
				"east": {"uv": [10, 3, 11, 5], "texture": "#0"},
				"south": {"uv": [10, 3, 11, 5], "texture": "#0"},
				"west": {"uv": [10, 3, 11, 5], "texture": "#0"}
			}
		},
		{
			"from": [8, 0, 10],
			"to": [11, 2, 13],
			"rotation": {"angle": 22.5, "axis": "y", "origin": [9.5, 1, 11.5]},
			"faces": {
				"north": {"uv": [5, 4, 8, 6], "texture": "#0"},
				"east": {"uv": [5, 4, 8, 6], "texture": "#0"},
				"south": {"uv": [5, 4, 8, 6], "texture": "#0"},
				"west": {"uv": [5, 4, 8, 6], "texture": "#0"},
				"up": {"uv": [13, 3, 16, 6], "texture": "#0"},
				"down": {"uv": [13, 3, 16, 6], "texture": "#0"}
			}
		},
		{
			"from": [9, 2, 11],
			"to": [10, 0, 12],
			"rotation": {"angle": 22.5, "axis": "y", "origin": [9.5, 1, 11.5]},
			"faces": {
				"north": {"uv": [6, 3, 7, 5], "texture": "#0"},
				"east": {"uv": [6, 3, 7, 5], "texture": "#0"},
				"south": {"uv": [6, 3, 7, 5], "texture": "#0"},
				"west": {"uv": [6, 3, 7, 5], "texture": "#0"}
			}
		},
		{
			"from": [12.5, 0, 10],
			"to": [15.5, 3, 13],
			"rotation": {"angle": -22.5, "axis": "y", "origin": [14, 1.5, 11.5]},
			"faces": {
				"north": {"uv": [9, 3, 12, 6], "texture": "#0"},
				"east": {"uv": [9, 3, 12, 6], "texture": "#0"},
				"south": {"uv": [9, 3, 12, 6], "texture": "#0"},
				"west": {"uv": [9, 3, 12, 6], "texture": "#0"},
				"up": {"uv": [13, 6, 16, 9], "texture": "#0"},
				"down": {"uv": [13, 6, 16, 9], "texture": "#0"}
			}
		},
		{
			"from": [14.5, 3, 12],
			"to": [13.5, 0, 11],
			"rotation": {"angle": -22.5, "axis": "y", "origin": [14, 1.5, 11.5]},
			"faces": {
				"north": {"uv": [10, 3, 11, 6], "texture": "#0"},
				"east": {"uv": [10, 3, 11, 6], "texture": "#0"},
				"south": {"uv": [10, 3, 11, 6], "texture": "#0"},
				"west": {"uv": [10, 3, 11, 6], "texture": "#0"}
			}
		},
		{
			"from": [0.5, 0, 12.5],
			"to": [3.5, 3, 15.5],
			"rotation": {"angle": -22.5, "axis": "y", "origin": [2, 1, 14]},
			"faces": {
				"north": {"uv": [5, 3, 8, 6], "texture": "#0"},
				"east": {"uv": [5, 3, 8, 6], "texture": "#0"},
				"south": {"uv": [5, 3, 8, 6], "texture": "#0"},
				"west": {"uv": [5, 3, 8, 6], "texture": "#0"},
				"up": {"uv": [13, 3, 16, 6], "rotation": 90, "texture": "#0"},
				"down": {"uv": [13, 3, 16, 6], "rotation": 270, "texture": "#0"}
			}
		},
		{
			"from": [2.5, 3, 14.5],
			"to": [1.5, 0, 13.5],
			"rotation": {"angle": -22.5, "axis": "y", "origin": [2, 1, 14]},
			"faces": {
				"north": {"uv": [6, 3, 7, 6], "texture": "#0"},
				"east": {"uv": [6, 3, 7, 6], "texture": "#0"},
				"south": {"uv": [6, 3, 7, 6], "texture": "#0"},
				"west": {"uv": [6, 3, 7, 6], "texture": "#0"}
			}
		},
		{
			"from": [6, 0, 0.5],
			"to": [9, 3, 3.5],
			"rotation": {"angle": -22.5, "axis": "y", "origin": [7.5, 1, 2]},
			"faces": {
				"north": {"uv": [1, 3, 4, 6], "texture": "#0"},
				"east": {"uv": [1, 3, 4, 6], "texture": "#0"},
				"south": {"uv": [1, 3, 4, 6], "texture": "#0"},
				"west": {"uv": [1, 3, 4, 6], "texture": "#0"},
				"up": {"uv": [13, 0, 16, 3], "rotation": 180, "texture": "#0"},
				"down": {"uv": [13, 0, 16, 3], "rotation": 180, "texture": "#0"}
			}
		},
		{
			"from": [8, 3, 2.5],
			"to": [7, 0, 1.5],
			"rotation": {"angle": -22.5, "axis": "y", "origin": [7.5, 1, 2]},
			"faces": {
				"north": {"uv": [2, 3, 3, 6], "texture": "#0"},
				"east": {"uv": [2, 3, 3, 6], "texture": "#0"},
				"south": {"uv": [2, 3, 3, 6], "texture": "#0"},
				"west": {"uv": [2, 3, 3, 6], "texture": "#0"}
			}
		},
		{
			"from": [7.5, 0, 11.5],
			"to": [11.5, 0.625, 15.5],
			"rotation": {"angle": 0, "axis": "y", "origin": [9.5, 0.5, 13.5]},
			"faces": {
				"north": {"uv": [0, 4, 4, 5], "texture": "#0"},
				"east": {"uv": [0, 4, 4, 5], "texture": "#0"},
				"south": {"uv": [0, 4, 4, 5], "texture": "#0"},
				"west": {"uv": [0, 4, 4, 5], "texture": "#0"},
				"up": {"uv": [0, 0, 4, 4], "texture": "#0"},
				"down": {"uv": [0, 0, 4, 4], "texture": "#0"}
			}
		},
		{
			"from": [8.5, 0, 3.5],
			"to": [12.5, 0.625, 7.5],
			"rotation": {"angle": 45, "axis": "y", "origin": [10.5, 0.5, 5.5]},
			"faces": {
				"north": {"uv": [4, 4, 8, 5], "texture": "#0"},
				"east": {"uv": [4, 4, 8, 5], "texture": "#0"},
				"south": {"uv": [4, 4, 8, 5], "texture": "#0"},
				"west": {"uv": [4, 4, 8, 5], "texture": "#0"},
				"up": {"uv": [4, 0, 8, 4], "texture": "#0"},
				"down": {"uv": [4, 0, 8, 4], "texture": "#0"}
			}
		},
		{
			"from": [5, 0, 7],
			"to": [8, 0.625, 10],
			"rotation": {"angle": 22.5, "axis": "y", "origin": [6.5, 0.25, 8.5]},
			"faces": {
				"north": {"uv": [1, 3, 4, 4], "texture": "#0"},
				"east": {"uv": [1, 3, 4, 4], "texture": "#0"},
				"south": {"uv": [1, 3, 4, 4], "texture": "#0"},
				"west": {"uv": [1, 3, 4, 4], "texture": "#0"},
				"up": {"uv": [13, 0, 16, 3], "rotation": 270, "texture": "#0"},
				"down": {"uv": [13, 0, 16, 3], "rotation": 90, "texture": "#0"}
			}
		},
		{
			"from": [0.5, 0, 0.5],
			"to": [3.5, 0.625, 3.5],
			"rotation": {"angle": -22.5, "axis": "y", "origin": [2, 0.25, 2]},
			"faces": {
				"north": {"uv": [9, 3, 12, 4], "texture": "#0"},
				"east": {"uv": [9, 3, 12, 4], "texture": "#0"},
				"south": {"uv": [9, 3, 12, 4], "texture": "#0"},
				"west": {"uv": [9, 3, 12, 4], "texture": "#0"},
				"up": {"uv": [13, 6, 16, 9], "rotation": 180, "texture": "#0"},
				"down": {"uv": [13, 6, 16, 9], "rotation": 180, "texture": "#0"}
			}
		},
		{
			"from": [12.5, 0, 0.5],
			"to": [15.5, 0.625, 3.5],
			"rotation": {"angle": -22.5, "axis": "y", "origin": [14, 0.25, 2]},
			"faces": {
				"north": {"uv": [5, 3, 8, 4], "texture": "#0"},
				"east": {"uv": [5, 3, 8, 4], "texture": "#0"},
				"south": {"uv": [5, 3, 8, 4], "texture": "#0"},
				"west": {"uv": [5, 3, 8, 4], "texture": "#0"},
				"up": {"uv": [13, 3, 16, 6], "texture": "#0"},
				"down": {"uv": [13, 3, 16, 6], "texture": "#0"}
			}
		},
		{
			"from": [13.5, 0, 6],
			"to": [15.5, 0.25, 8],
			"rotation": {"angle": 22.5, "axis": "y", "origin": [14.5, 0.125, 7]},
			"faces": {
				"north": {"uv": [12, 12, 14, 13], "texture": "#0"},
				"east": {"uv": [12, 12, 14, 13], "texture": "#0"},
				"south": {"uv": [12, 12, 14, 13], "texture": "#0"},
				"west": {"uv": [12, 12, 14, 13], "texture": "#0"},
				"up": {"uv": [12, 12, 14, 14], "texture": "#0"},
				"down": {"uv": [12, 12, 14, 14], "texture": "#0"}
			}
		},
		{
			"from": [0.5, 0, 8],
			"to": [2.5, 0.25, 10],
			"rotation": {"angle": -45, "axis": "y", "origin": [1.5, 0.125, 9]},
			"faces": {
				"north": {"uv": [12, 12, 14, 13], "texture": "#0"},
				"east": {"uv": [12, 12, 14, 13], "texture": "#0"},
				"south": {"uv": [12, 12, 14, 13], "texture": "#0"},
				"west": {"uv": [12, 12, 14, 13], "texture": "#0"},
				"up": {"uv": [12, 12, 14, 14], "texture": "#0"},
				"down": {"uv": [12, 12, 14, 14], "texture": "#0"}
			}
		},
		{
			"from": [9.5, 0, 0.5],
			"to": [11.5, 0.25, 2.5],
			"rotation": {"angle": -45, "axis": "y", "origin": [10.5, 0.125, 1.5]},
			"faces": {
				"north": {"uv": [12, 12, 14, 13], "texture": "#0"},
				"east": {"uv": [12, 12, 14, 13], "texture": "#0"},
				"south": {"uv": [12, 12, 14, 13], "texture": "#0"},
				"west": {"uv": [12, 12, 14, 13], "texture": "#0"},
				"up": {"uv": [12, 12, 14, 14], "texture": "#0"},
				"down": {"uv": [12, 12, 14, 14], "texture": "#0"}
			}
		},
		{
			"from": [7.5, 0, 6],
			"to": [9.5, 0.25, 8],
			"rotation": {"angle": -22.5, "axis": "y", "origin": [8.5, 0.125, 7]},
			"faces": {
				"north": {"uv": [12, 12, 14, 13], "texture": "#0"},
				"east": {"uv": [12, 12, 14, 13], "texture": "#0"},
				"south": {"uv": [12, 12, 14, 13], "texture": "#0"},
				"west": {"uv": [12, 12, 14, 13], "texture": "#0"},
				"up": {"uv": [12, 12, 14, 14], "texture": "#0"},
				"down": {"uv": [12, 12, 14, 14], "texture": "#0"}
			}
		},
		{
			"from": [5.5, 0, 13],
			"to": [7.5, 0.25, 15],
			"rotation": {"angle": -22.5, "axis": "y", "origin": [6.5, 0.125, 14]},
			"faces": {
				"north": {"uv": [12, 12, 14, 13], "texture": "#0"},
				"east": {"uv": [12, 12, 14, 13], "texture": "#0"},
				"south": {"uv": [12, 12, 14, 13], "texture": "#0"},
				"west": {"uv": [12, 12, 14, 13], "texture": "#0"},
				"up": {"uv": [12, 12, 14, 14], "texture": "#0"},
				"down": {"uv": [12, 12, 14, 14], "texture": "#0"}
			}
		},
		{
			"from": [13.5, 0, 13.5],
			"to": [15.5, 0.25, 15.5],
			"rotation": {"angle": 22.5, "axis": "y", "origin": [14.5, 0.125, 14.5]},
			"faces": {
				"north": {"uv": [12, 12, 14, 13], "texture": "#0"},
				"east": {"uv": [12, 12, 14, 13], "texture": "#0"},
				"south": {"uv": [12, 12, 14, 13], "texture": "#0"},
				"west": {"uv": [12, 12, 14, 13], "texture": "#0"},
				"up": {"uv": [12, 12, 14, 14], "texture": "#0"},
				"down": {"uv": [12, 12, 14, 14], "texture": "#0"}
			}
		}
	],
	"groups": [
		{
			"name": "group",
			"origin": [14, 8, 14],
			"children": [0, 1]
		},
		{
			"name": "group",
			"origin": [14, 8, 14],
			"children": [2, 3]
		},
		{
			"name": "group",
			"origin": [14, 8, 14],
			"children": [4, 5]
		},
		{
			"name": "group",
			"origin": [14, 8, 14],
			"children": [6, 7]
		},
		{
			"name": "group",
			"origin": [14, 8, 14],
			"children": [8, 9]
		},
		{
			"name": "group",
			"origin": [14, 8, 14],
			"children": [10, 11]
		},
		{
			"name": "group",
			"origin": [14, 8, 14],
			"children": [12, 13]
		},
		{
			"name": "group",
			"origin": [14, 8, 14],
			"children": [14, 15]
		},
		{
			"name": "group",
			"origin": [14, 8, 14],
			"children": [16, 17]
		}, 18, 19, 20, 21, 22, 23, 24, 25, 26, 27, 28]
}