{
    "name": "荒野族裔",
    "icon": "ars_nouveau:wilden_horn",
    "category": "resources",
    "pages": [
        {
            "type": "text",
            "text": "荒野族裔是精通变形魔法的古老种族，这一族的成员常常能出现在晚上，而且它们是敌对生物。荒野守卫者只出现在寒冷生物群系，而伏击者和兽群猎手能出现在任何生物群系。"
        },{
			"type": "entity",
		  "entity": "ars_nouveau:wilden_hunter",
		  "text":"猎手的侵略性强、速度快，还可以召唤狼群作为盟军。"
		},{
			"type": "entity",
		  "entity": "ars_nouveau:wilden_stalker",
		  "text":"伏击者通常以小集群生成，能从地面和空中发起攻击。"
		},{
			"type": "entity",
		  "entity": "ars_nouveau:wilden_guardian",
		  "text":"守卫者可在寒冷群系发现，其移动速度较慢，能进行高伤害的远程攻击。"
		}
    ]
}
