{
	"__comment":"Designed by GeForceLegend",
	"parent":"item/handheld",
	"textures":{
		"particle":"#axe"
	},
	"elements":[
		{
			"from":[2,1,7.5],
			"to":[4,3,8.5],
			"faces":{
				"north":{"uv":[4,13,2,15],"texture":"#axe"},
				"east":{"uv":[3,13,4,15],"texture":"#axe"},
				"south":{"uv":[2,13,4,15],"texture":"#axe"},
				"west":{"uv":[2,13,3,15],"texture":"#axe"},
				"up":{"uv":[2,13,4,14],"texture":"#axe"},
				"down":{"uv":[2,14,4,15],"texture":"#axe"}
			}
		},
		{
			"from":[3,3,7.5],
			"to":[4,4,8.5],
			"faces":{
				"north":{"uv":[3,12,4,13],"texture":"#axe"},
				"south":{"uv":[3,12,4,13],"texture":"#axe"},
				"west":{"uv":[3,12,4,13],"texture":"#axe"},
				"up":{"uv":[3,12,4,13],"texture":"#axe"}
			}
		},
		{
			"from":[4,2,7.5],
			"to":[5,5,8.5],
			"faces":{
				"north":{"uv":[4,11,5,14],"texture":"#axe"},
				"east":{"uv":[4,11,5,14],"texture":"#axe"},
				"south":{"uv":[4,11,5,14],"texture":"#axe"},
				"west":{"uv":[4,11,5,14],"texture":"#axe"},
				"up":{"uv":[4,11,5,12],"texture":"#axe"},
				"down":{"uv":[4,13,5,14],"texture":"#axe"}
			}
		},
		{
			"from":[5,3,7.5],
			"to":[6,6,8.5],
			"faces":{
				"north":{"uv":[5,10,6,13],"texture":"#axe"},
				"east":{"uv":[5,10,6,13],"texture":"#axe"},
				"south":{"uv":[5,10,6,13],"texture":"#axe"},
				"west":{"uv":[5,10,6,13],"texture":"#axe"},
				"up":{"uv":[5,10,6,11],"texture":"#axe"},
				"down":{"uv":[5,12,6,13],"texture":"#axe"}
			}
		},
		{
			"from":[6,4,7.5],
			"to":[7,7,8.5],
			"faces":{
				"north":{"uv":[6,9,7,12],"texture":"#axe"},
				"east":{"uv":[6,9,7,12],"texture":"#axe"},
				"south":{"uv":[6,9,7,12],"texture":"#axe"},
				"west":{"uv":[6,9,7,12],"texture":"#axe"},
				"up":{"uv":[6,9,7,10],"texture":"#axe"},
				"down":{"uv":[6,11,7,12],"texture":"#axe"}
			}
		},
		{
			"from":[7,5,7.5],
			"to":[8,8,8.5],
			"faces":{
				"north":{"uv":[7,8,8,11],"texture":"#axe"},
				"east":{"uv":[7,8,8,11],"texture":"#axe"},
				"south":{"uv":[7,8,8,11],"texture":"#axe"},
				"west":{"uv":[7,8,8,11],"texture":"#axe"},
				"up":{"uv":[7,8,8,9],"texture":"#axe"},
				"down":{"uv":[7,10,8,11],"texture":"#axe"}
			}
		},
		{
			"from":[8,6,7.5],
			"to":[9,9,8.5],
			"faces":{
				"north":{"uv":[8,7,9,10],"texture":"#axe"},
				"east":{"uv":[8,7,9,10],"texture":"#axe"},
				"south":{"uv":[8,7,9,10],"texture":"#axe"},
				"west":{"uv":[8,7,9,10],"texture":"#axe"},
				"up":{"uv":[8,7,9,8],"texture":"#axe"},
				"down":{"uv":[8,9,9,10],"texture":"#axe"}
			}
		},
		{
			"from":[9,7,7.5],
			"to":[10,8.01,8.5],
			"faces":{
				"north":{"uv":[9,8,10,9],"texture":"#axe"},
				"east":{"uv":[9,8,10,9],"texture":"#axe"},
				"south":{"uv":[9,8,10,9],"texture":"#axe"},
				"down":{"uv":[9,8,10,9],"texture":"#axe"}
			}
		},
		{
			"from":[9,8.01,7.5],
			"to":[12.99,12,8.5],
			"faces":{
				"north":{"uv":[13,4,9,8],"texture":"#axe"},
				"east":{"uv":[12,4,13,8],"texture":"#axe"},
				"south":{"uv":[9,4,13,8],"texture":"#axe"},
				"west":{"uv":[9,4,10,8],"texture":"#axe"},
				"up":{"uv":[9,4,13,5],"texture":"#axe"},
				"down":{"uv":[9,7,13,8],"texture":"#axe"}
			}
		},
		{
			"from":[10,9,7.2],
			"to":[12,11,8.8],
			"faces":{
				"north":{"uv":[12,5,10,7],"texture":"#axe"},
				"east":{"uv":[11,5,12,7],"texture":"#axe"},
				"south":{"uv":[10,5,12,7],"texture":"#axe"},
				"west":{"uv":[10,5,11,7],"texture":"#axe"},
				"up":{"uv":[10,5,12,6],"texture":"#axe"},
				"down":{"uv":[10,6,12,7],"texture":"#axe"}
			}
		},
		{
			"from":[9,10,7.2],
			"to":[10,12,8.8],
			"faces":{
				"north":{"uv":[9,4,10,6],"texture":"#axe"},
				"south":{"uv":[9,4,10,6],"texture":"#axe"},
				"west":{"uv":[9,4,10,6],"texture":"#axe"},
				"up":{"uv":[9,4,10,5],"texture":"#axe"},
				"down":{"uv":[9,5,10,6],"texture":"#axe"}
			}
		},
		{
			"from":[10,11,7.2],
			"to":[11,12,8.8],
			"faces":{
				"north":{"uv":[10,4,11,5],"texture":"#axe"},
				"east":{"uv":[10,4,11,5],"texture":"#axe"},
				"south":{"uv":[10,4,11,5],"texture":"#axe"},
				"up":{"uv":[10,4,11,5],"texture":"#axe"}
			}
		},
		{
			"from":[11,8,7.4],
			"to":[13,10,8.6],
			"faces":{
				"north":{"uv":[13,6,11,8],"texture":"#axe"},
				"east":{"uv":[12,6,13,8],"texture":"#axe"},
				"south":{"uv":[11,6,13,8],"texture":"#axe"},
				"west":{"uv":[11,6,12,8],"texture":"#axe"},
				"up":{"uv":[11,6,13,7],"texture":"#axe"},
				"down":{"uv":[11,7,13,8],"texture":"#axe"}
			}
		},
		{
			"from":[13,8,7.6],
			"to":[14,10,8.4],
			"faces":{
				"north":{"uv":[13,6,14,8],"texture":"#axe"},
				"east":{"uv":[13,6,14,8],"texture":"#axe"},
				"south":{"uv":[13,6,14,8],"texture":"#axe"},
				"up":{"uv":[13,6,14,7],"texture":"#axe"},
				"down":{"uv":[13,7,14,8],"texture":"#axe"}
			}
		},
		{
			"from":[11,7,7.6],
			"to":[13,8,8.4],
			"faces":{
				"north":{"uv":[13,8,11,9],"texture":"#axe"},
				"east":{"uv":[12,8,13,9],"texture":"#axe"},
				"south":{"uv":[11,8,13,9],"texture":"#axe"},
				"west":{"uv":[11,8,12,9],"texture":"#axe"},
				"down":{"uv":[11,8,13,9],"texture":"#axe"}
			}
		},
		{
			"from":[8,10,7.4],
			"to":[10,12,8.6],
			"faces":{
				"north":{"uv":[10,4,8,6],"texture":"#axe"},
				"south":{"uv":[8,4,10,6],"texture":"#axe"},
				"west":{"uv":[8,4,9,6],"texture":"#axe"},
				"up":{"uv":[8,4,10,5],"texture":"#axe"},
				"down":{"uv":[8,5,10,6],"texture":"#axe"}
			}
		},
		{
			"from":[9,12,7.4],
			"to":[11,13,8.6],
			"faces":{
				"north":{"uv":[11,3,9,4],"texture":"#axe"},
				"east":{"uv":[10,3,11,4],"texture":"#axe"},
				"south":{"uv":[9,3,11,4],"texture":"#axe"},
				"west":{"uv":[9,3,10,4],"texture":"#axe"},
				"up":{"uv":[9,3,11,4],"texture":"#axe"}
			}
		},
		{
			"from":[9,13,7.6],
			"to":[11,14,8.4],
			"faces":{
				"north":{"uv":[11,2,9,3],"texture":"#axe"},
				"east":{"uv":[10,2,11,3],"texture":"#axe"},
				"south":{"uv":[9,2,11,3],"texture":"#axe"},
				"west":{"uv":[9,2,10,3],"texture":"#axe"},
				"up":{"uv":[9,2,11,3],"texture":"#axe"}
			}
		},
		{
			"from":[8,9,7.6],
			"to":[12,13,8.4],
			"faces":{
				"north":{"uv":[12,3,8,7],"texture":"#axe"},
				"east":{"uv":[11,3,12,7],"texture":"#axe"},
				"south":{"uv":[8,3,12,7],"texture":"#axe"},
				"west":{"uv":[8,3,9,7],"texture":"#axe"},
				"up":{"uv":[8,3,12,4],"texture":"#axe"}
			}
		},
		{
			"from":[7,10,7.6],
			"to":[8,12,8.4],
			"faces":{
				"north":{"uv":[7,4,8,6],"texture":"#axe"},
				"south":{"uv":[7,4,8,6],"texture":"#axe"},
				"west":{"uv":[7,4,8,6],"texture":"#axe"},
				"up":{"uv":[7,4,8,5],"texture":"#axe"},
				"down":{"uv":[7,5,8,6],"texture":"#axe"}
			}
		},
		{
			"from":[7,9,7.8],
			"to":[8,13,8.2],
			"faces":{
				"north":{"uv":[8,3,7,7],"texture":"#axe"},
				"south":{"uv":[7,3,8,7],"texture":"#axe"},
				"west":{"uv":[7,3,8,7],"texture":"#axe"},
				"up":{"uv":[7,3,8,4],"texture":"#axe"},
				"down":{"uv":[7,6,8,7],"texture":"#axe"}
			}
		},
		{
			"from":[6,10,7.8],
			"to":[7,12,8.2],
			"faces":{
				"north":{"uv":[6,4,7,6],"texture":"#axe"},
				"south":{"uv":[6,4,7,6],"texture":"#axe"},
				"west":{"uv":[6,4,7,6],"texture":"#axe"},
				"up":{"uv":[6,4,7,5],"texture":"#axe"},
				"down":{"uv":[6,5,7,6],"texture":"#axe"}
			}
		},
		{
			"from":[8,13,7.8],
			"to":[12,14,8.2],
			"faces":{
				"north":{"uv":[12,2,8,3],"texture":"#axe"},
				"east":{"uv":[11,2,12,3],"texture":"#axe"},
				"south":{"uv":[8,2,12,3],"texture":"#axe"},
				"west":{"uv":[8,2,9,3],"texture":"#axe"},
				"up":{"uv":[8,2,12,3],"texture":"#axe"}
			}
		},
		{
			"from":[9,14,7.8],
			"to":[11,15,8.2],
			"faces":{
				"north":{"uv":[11,1,9,2],"texture":"#axe"},
				"east":{"uv":[10,1,11,2],"texture":"#axe"},
				"south":{"uv":[9,1,11,2],"texture":"#axe"},
				"west":{"uv":[9,1,10,2],"texture":"#axe"},
				"up":{"uv":[9,1,11,2],"texture":"#axe"}
			}
		}
	]
}