{
	"__comment":"Designed by GeForceLegend",
	"parent":"item/handheld_rod",
	"textures":{
		"particle":"item/carrot_on_a_stick",
		"layer0":"item/carrot_on_a_stick"
	},
	"elements":[
		{
			"from":[4,3,7.5],
			"to":[9,5,8.5],
			"faces":{
				"north":{"uv":[9,11,4,13],"texture":"#layer0"},
				"east":{"uv":[8,11,9,13],"texture":"#layer0"},
				"south":{"uv":[4,11,9,13],"texture":"#layer0"},
				"west":{"uv":[4,11,5,13],"texture":"#layer0"},
				"up":{"uv":[4,11,9,12],"texture":"#layer0"},
				"down":{"uv":[4,12,9,13],"texture":"#layer0"}
			}
		},
		{
			"from":[6,2,7.5],
			"to":[8,8,8.5],
			"faces":{
				"north":{"uv":[8,8,6,14],"texture":"#layer0"},
				"east":{"uv":[7,8,8,14],"texture":"#layer0"},
				"south":{"uv":[6,8,8,14],"texture":"#layer0"},
				"west":{"uv":[6,8,7,14],"texture":"#layer0"},
				"up":{"uv":[6,8,7,9],"texture":"#layer0"},
				"down":{"uv":[6,13,8,14],"texture":"#layer0"}
			}
		},
		{
			"from":[6,3,7],
			"to":[8,5,9],
			"faces":{
				"north":{"uv":[8,11,6,13],"texture":"#layer0"},
				"east":{"uv":[7,11,8,13],"texture":"#layer0"},
				"south":{"uv":[6,11,8,13],"texture":"#layer0"},
				"west":{"uv":[6,11,7,13],"texture":"#layer0"},
				"up":{"uv":[6,11,8,12],"texture":"#layer0"},
				"down":{"uv":[6,12,8,13],"texture":"#layer0"}
			}
		},
		{
			"from":[12,4,7.5],
			"to":[14,6,8.5],
			"faces":{
				"north":{"uv":[14,10,12,12],"texture":"#layer0"},
				"east":{"uv":[13,10,14,12],"texture":"#layer0"},
				"south":{"uv":[12,10,14,12],"texture":"#layer0"},
				"west":{"uv":[12,10,13,12],"texture":"#layer0"},
				"up":{"uv":[12,10,14,11],"texture":"#layer0"},
				"down":{"uv":[12,11,14,12],"texture":"#layer0"}
			}
		},
		{
			"from":[14,6,7.5],
			"to":[15,15,8.5],
			"faces":{
				"north":{"uv":[14,1,15,10],"texture":"#layer0"},
				"east":{"uv":[14,1,15,10],"texture":"#layer0"},
				"south":{"uv":[14,1,15,10],"texture":"#layer0"},
				"west":{"uv":[14,1,15,10],"texture":"#layer0"},
				"up":{"uv":[14,1,15,2],"texture":"#layer0"},
				"down":{"uv":[14,9,15,10],"texture":"#layer0"}
			}
		},
		{
			"from":[13,11,7.5],
			"to":[14,15,8.5],
			"faces":{
				"north":{"uv":[13,1,14,5],"texture":"#layer0"},
				"south":{"uv":[13,1,14,5],"texture":"#layer0"},
				"west":{"uv":[13,1,14,2],"texture":"#layer0"},
				"up":{"uv":[13,1,14,2],"texture":"#layer0"},
				"down":{"uv":[13,4,14,5],"texture":"#layer0"}
			}
		},
		{
			"from":[7,8,7.5],
			"to":[8,9,8.5],
			"faces":{
				"north":{"uv":[7,7,8,8],"texture":"#layer0"},
				"south":{"uv":[7,7,8,8],"texture":"#layer0"},
				"west":{"uv":[7,7,8,8],"texture":"#layer0"},
				"up":{"uv":[7,7,8,8],"texture":"#layer0"}
			}
		},
		{
			"from":[12,10,7.5],
			"to":[13,14,8.5],
			"faces":{
				"north":{"uv":[12,2,13,6],"texture":"#layer0"},
				"east":{"uv":[12,5,13,6],"texture":"#layer0"},
				"south":{"uv":[12,2,13,6],"texture":"#layer0"},
				"west":{"uv":[12,2,13,3],"texture":"#layer0"},
				"up":{"uv":[12,2,13,3],"texture":"#layer0"},
				"down":{"uv":[12,5,13,6],"texture":"#layer0"}
			}
		},
		{
			"from":[11,9,7.5],
			"to":[12,13,8.5],
			"faces":{
				"north":{"uv":[11,3,12,7],"texture":"#layer0"},
				"east":{"uv":[11,6,12,7],"texture":"#layer0"},
				"south":{"uv":[11,3,12,7],"texture":"#layer0"},
				"west":{"uv":[11,3,12,4],"texture":"#layer0"},
				"up":{"uv":[11,3,12,4],"texture":"#layer0"},
				"down":{"uv":[11,6,12,7],"texture":"#layer0"}
			}
		},
		{
			"from":[10,8,7.5],
			"to":[11,12,8.5],
			"faces":{
				"north":{"uv":[10,4,11,8],"texture":"#layer0"},
				"east":{"uv":[10,7,11,8],"texture":"#layer0"},
				"south":{"uv":[10,4,11,8],"texture":"#layer0"},
				"west":{"uv":[10,4,11,5],"texture":"#layer0"},
				"up":{"uv":[10,4,11,5],"texture":"#layer0"},
				"down":{"uv":[10,7,11,8],"texture":"#layer0"}
			}
		},
		{
			"from":[8,6,7.5],
			"to":[9,10,8.5],
			"faces":{
				"north":{"uv":[8,6,9,10],"texture":"#layer0"},
				"east":{"uv":[8,9,9,10],"texture":"#layer0"},
				"south":{"uv":[8,6,9,10],"texture":"#layer0"},
				"west":{"uv":[8,6,9,7],"texture":"#layer0"},
				"up":{"uv":[8,6,9,7],"texture":"#layer0"},
				"down":{"uv":[8,9,9,10],"texture":"#layer0"}
			}
		},
		{
			"from":[9,7,7.5],
			"to":[10,11,8.5],
			"faces":{
				"north":{"uv":[9,5,10,9],"texture":"#layer0"},
				"east":{"uv":[9,8,10,9],"texture":"#layer0"},
				"south":{"uv":[9,5,10,9],"texture":"#layer0"},
				"west":{"uv":[9,5,10,6],"texture":"#layer0"},
				"up":{"uv":[9,5,10,6],"texture":"#layer0"},
				"down":{"uv":[9,8,10,9],"texture":"#layer0"}
			}
		},
		{
			"from":[5,5,7.5],
			"to":[6,7,8.5],
			"faces":{
				"north":{"uv":[5,9,6,11],"texture":"#layer0"},
				"south":{"uv":[5,9,6,11],"texture":"#layer0"},
				"west":{"uv":[5,9,6,11],"texture":"#layer0"},
				"up":{"uv":[5,9,6,10],"texture":"#layer0"}
			}
		},
		{
			"from":[3,3,7.5],
			"to":[4,4,8.5],
			"faces":{
				"north":{"uv":[3,12,4,13],"texture":"#layer0"},
				"south":{"uv":[3,12,4,13],"texture":"#layer0"},
				"west":{"uv":[3,12,4,13],"texture":"#layer0"},
				"up":{"uv":[3,12,4,13],"texture":"#layer0"}
			}
		},
		{
			"from":[4,2,7.5],
			"to":[5,3,8.5],
			"faces":{
				"north":{"uv":[4,13,5,14],"texture":"#layer0"},
				"east":{"uv":[4,13,5,14],"texture":"#layer0"},
				"south":{"uv":[4,13,5,14],"texture":"#layer0"},
				"down":{"uv":[4,13,5,14],"texture":"#layer0"}
			}
		},
		{
			"from":[2,1,7.5],
			"to":[4,3,8.5],
			"faces":{
				"north":{"uv":[4,13,2,15],"texture":"#layer0"},
				"east":{"uv":[3,13,4,15],"texture":"#layer0"},
				"south":{"uv":[2,13,4,15],"texture":"#layer0"},
				"west":{"uv":[2,13,3,15],"texture":"#layer0"},
				"up":{"uv":[2,13,4,14],"texture":"#layer0"},
				"down":{"uv":[2,14,4,15],"texture":"#layer0"}
			}
		},
		{
			"from":[11,4,7.5],
			"to":[12,5,8.5],
			"faces":{
				"north":{"uv":[11,11,12,12],"texture":"#layer0"},
				"south":{"uv":[11,11,12,12],"texture":"#layer0"},
				"west":{"uv":[11,11,12,12],"texture":"#layer0"},
				"up":{"uv":[11,11,12,12],"texture":"#layer0"}
			}
		},
		{
			"from":[12,3,7.5],
			"to":[13,4,8.5],
			"faces":{
				"north":{"uv":[12,12,13,13],"texture":"#layer0"},
				"east":{"uv":[12,12,13,13],"texture":"#layer0"},
				"south":{"uv":[12,12,13,13],"texture":"#layer0"},
				"down":{"uv":[12,12,13,13],"texture":"#layer0"}
			}
		},
		{
			"from":[10,2,7.5],
			"to":[12,4,8.5],
			"faces":{
				"north":{"uv":[12,12,10,14],"texture":"#layer0"},
				"east":{"uv":[11,12,12,14],"texture":"#layer0"},
				"south":{"uv":[10,12,12,14],"texture":"#layer0"},
				"west":{"uv":[10,12,11,14],"texture":"#layer0"},
				"up":{"uv":[10,12,12,13],"texture":"#layer0"},
				"down":{"uv":[10,13,12,14],"texture":"#layer0"}
			}
		},
		{
			"from":[9,1,7.5],
			"to":[11,3,8.5],
			"faces":{
				"north":{"uv":[11,13,9,15],"texture":"#layer0"},
				"east":{"uv":[10,13,11,15],"texture":"#layer0"},
				"south":{"uv":[9,13,11,15],"texture":"#layer0"},
				"west":{"uv":[9,13,10,15],"texture":"#layer0"},
				"up":{"uv":[9,13,11,14],"texture":"#layer0"},
				"down":{"uv":[9,14,11,15],"texture":"#layer0"}
			}
		},
		{
			"from":[8,0,7.5],
			"to":[10,2,8.5],
			"faces":{
				"north":{"uv":[10,14,8,16],"texture":"#layer0"},
				"east":{"uv":[9,14,10,16],"texture":"#layer0"},
				"south":{"uv":[8,14,10,16],"texture":"#layer0"},
				"west":{"uv":[8,14,9,16],"texture":"#layer0"},
				"up":{"uv":[8,14,10,15],"texture":"#layer0"},
				"down":{"uv":[8,15,10,16],"texture":"#layer0"}
			}
		},
		{
			"from":[11,3,7.3],
			"to":[12,4,8.7],
			"faces":{
				"north":{"uv":[11,12,12,13],"texture":"#layer0"},
				"east":{"uv":[11,12,12,13],"texture":"#layer0"},
				"south":{"uv":[11,12,12,13],"texture":"#layer0"},
				"west":{"uv":[11,12,12,13],"texture":"#layer0"},
				"up":{"uv":[11,12,12,13],"texture":"#layer0"},
				"down":{"uv":[11,12,12,13],"texture":"#layer0"}
			}
		},
		{
			"from":[10,2,7.3],
			"to":[11,3,8.7],
			"faces":{
				"north":{"uv":[10,13,11,14],"texture":"#layer0"},
				"east":{"uv":[10,13,11,14],"texture":"#layer0"},
				"south":{"uv":[10,13,11,14],"texture":"#layer0"},
				"west":{"uv":[10,13,11,14],"texture":"#layer0"},
				"up":{"uv":[10,13,11,14],"texture":"#layer0"},
				"down":{"uv":[10,13,11,14],"texture":"#layer0"}
			}
		},
		{
			"from":[9,1,7.3],
			"to":[10,2,8.7],
			"faces":{
				"north":{"uv":[9,14,10,15],"texture":"#layer0"},
				"east":{"uv":[9,14,10,15],"texture":"#layer0"},
				"south":{"uv":[9,14,10,15],"texture":"#layer0"},
				"west":{"uv":[9,14,10,15],"texture":"#layer0"},
				"up":{"uv":[9,14,10,15],"texture":"#layer0"},
				"down":{"uv":[9,14,10,15],"texture":"#layer0"}
			}
		}
	]
}