{
    "variants": {
        "powered=false,shape=north_south":  { "model": "block/activator_rail_3d" },
        "powered=false,shape=east_west":  { "model": "block/activator_rail_3d", "y": 90 },
        "powered=false,shape=ascending_east": { "model": "block/activator_rail_raised_3d", "y": 90 },
        "powered=false,shape=ascending_west": { "model": "block/activator_rail_raised_3d", "y": 270 },
        "powered=false,shape=ascending_north": { "model": "block/activator_rail_raised_3d" },
        "powered=false,shape=ascending_south": { "model": "block/activator_rail_raised_3d","y":180 },
        "powered=true,shape=north_south":  { "model": "block/activator_rail_on_3d" },
        "powered=true,shape=east_west":  { "model": "block/activator_rail_on_3d", "y": 90 },
        "powered=true,shape=ascending_east": { "model": "block/activator_rail_on_raised_3d", "y": 90 },
        "powered=true,shape=ascending_west": { "model": "block/activator_rail_on_raised_3d", "y": 270 },
        "powered=true,shape=ascending_north": { "model": "block/activator_rail_on_raised_3d" },
        "powered=true,shape=ascending_south": { "model": "block/activator_rail_on_raised_3d","y":180 }
    }
}
