{
  "name": "Ritual of the Shepherd",
  "icon": "minecraft:white_wool",
  "category": "bloodmagic:rituals/ritual_list",
  "pages": [
    {
      "type": "multiblock",
      "name": "Ritual of the Shepherd",
      "multiblock":{
        "pattern":[
          ["_EDE_",
           "A_W_A",
           "DW0WD",
           "A_W_A",
           "_EDE_"]
        ],
        "mapping":{
          "0": "bloodmagic:masterritualstone",
          "W": "bloodmagic:waterritualstone",
          "A": "#bloodmagic:ritual_stones/air_or_earth",
          "E": "#bloodmagic:ritual_stones/earth_or_air",
          "D": "bloodmagic:duskritualstone"
        },
        "symetrical": true
      },
      "text": "Use a $(l:bloodmagic:rituals/ritual_diviner#dusk)Ritual Diviner [Dusk]$(/l) for easier construction."
    },
    {
      "type": "text",
      "text": "Increases the maturity rate of baby animals within its range.$(br2)$(water)Water Runes: 4$(br)$(air)Air Runes: 4$(br)$(br)$(earth)Earth Runes: 4$(br)$()Dusk Runes: 4$(br2)$()Total Runes: 16" 
    },
    {
      "type": "spotlight",
      "item": "bloodmagic:defaultcrystal",
      "title": "Raw",
      "text": "Increases the speed of the ritual based on the total amount of $(raw)Raw Will$() in the Aura."
    },
    {
      "type": "spotlight",
      "item": "bloodmagic:vengefulcrystal",
      "title": "Vengeful",
      "text": "Decreases the time it takes for adults to breed again."
    },
    {
      "type": "spotlight",
      "item": "bloodmagic:destructivecrystal",
      "title": "Destructive",
      "text": "Causes adults that have not bred lately to run at mobs and explode."
    },
    {
      "type": "spotlight",
      "item": "bloodmagic:steadfastcrystal",
      "title": "Steadfast",
      "text": "Automatically breeds adults within its area using items in the connected chest."
    },
    {
      "type": "spotlight",
      "item": "bloodmagic:ritualtinkerer",
      "title": "Range",
      "text": "(Growth) Animals within this range will grow much faster. $(br) $(li)Maximum Volume: Full Range. $(li)Horizontal Radius: 7 $(li)Vertical Radius: 7"
    },
    {
      "type": "spotlight",
      "item": "bloodmagic:ritualtinkerer",
      "title": "Range",
      "text": "(Chest) Chest for breeding items (if properly augmented, requires $(steadfast)Steadfast Will$()).$(br) $(li)Maximum Volume: 1 $(li)Horizontal Radius: 3 $(li)Vertical Radius: 3"
    }
  ]
}


