{
	"credit": "Made with Blockbench by Juknum",
	"parent": "block/block",
	"textures": {
		"particle": "block/lantern",
		"all": "block/lantern"
	},
	"elements": [
		{
			"from": [6, 7, 6],
			"to": [10, 9, 10],
			"faces": {
				"north": {"uv": [1, 0, 5, 2], "texture": "#all"},
				"east": {"uv": [1, 0, 5, 2], "texture": "#all"},
				"south": {"uv": [1, 0, 5, 2], "texture": "#all"},
				"west": {"uv": [1, 0, 5, 2], "texture": "#all"},
				"up": {"uv": [1, 10, 5, 14], "texture": "#all"}
			}
		},
		{
			"from": [7.75, 9, 6.5],
			"to": [8.25, 10.5, 7.5],
			"rotation": {"angle": -45, "axis": "y", "origin": [8, 8, 8]},
			"faces": {
				"north": {"uv": [11, 10.5, 11.5, 12], "texture": "#all"},
				"east": {"uv": [12, 10.5, 11, 12], "texture": "#all"},
				"south": {"uv": [11.5, 10.5, 12, 12], "texture": "#all"},
				"west": {"uv": [11, 10.5, 12, 12], "texture": "#all"},
				"up": {"uv": [11, 10.5, 11.5, 11], "texture": "#all"}
			}
		},
		{
			"from": [7.75, 9, 8.5],
			"to": [8.25, 10.5, 9.5],
			"rotation": {"angle": -45, "axis": "y", "origin": [8, 8, 8]},
			"faces": {
				"north": {"uv": [13, 10.5, 13.5, 12], "texture": "#all"},
				"east": {"uv": [14, 10.5, 13, 12], "texture": "#all"},
				"south": {"uv": [11.5, 10.5, 12, 12], "texture": "#all"},
				"west": {"uv": [13, 10.5, 14, 12], "texture": "#all"},
				"up": {"uv": [13.5, 10.5, 14, 11], "texture": "#all"}
			}
		},
		{
			"from": [7.75, 10, 7.5],
			"to": [8.25, 10.5, 8.5],
			"rotation": {"angle": -45, "axis": "y", "origin": [8, 8, 8]},
			"faces": {
				"east": {"uv": [12, 10.5, 13, 11], "texture": "#all"},
				"west": {"uv": [12, 10.5, 13, 11], "texture": "#all"},
				"down": {"uv": [12, 10.5, 12.5, 11], "texture": "#all"}
			}
		},
		{
			"from": [7.75, 10.5, 7],
			"to": [8.25, 11, 9],
			"rotation": {"angle": -45, "axis": "y", "origin": [8, 8, 8]},
			"faces": {
				"north": {"uv": [11.5, 10, 12, 10.5], "texture": "#all"},
				"east": {"uv": [11.5, 10, 13.5, 10.5], "rotation": 180, "texture": "#all"},
				"south": {"uv": [13, 10, 13.5, 10.5], "texture": "#all"},
				"west": {"uv": [11.5, 10, 13.5, 10.5], "texture": "#all"},
				"up": {"uv": [11.5, 10, 13.5, 10.5], "rotation": 90, "texture": "#all"}
			}
		},
		{
			"from": [7.75, 9, 6.5],
			"to": [8.25, 10.5, 7.5],
			"rotation": {"angle": 45, "axis": "y", "origin": [8, 8, 8]},
			"faces": {
				"north": {"uv": [11, 10.5, 11.5, 12], "texture": "#all"},
				"east": {"uv": [12, 10.5, 11, 12], "texture": "#all"},
				"south": {"uv": [11.5, 10.5, 12, 12], "texture": "#all"},
				"west": {"uv": [11, 10.5, 12, 12], "texture": "#all"},
				"up": {"uv": [11, 10.5, 11.5, 11], "texture": "#all"}
			}
		},
		{
			"from": [7.75, 9, 8.5],
			"to": [8.25, 10.5, 9.5],
			"rotation": {"angle": 45, "axis": "y", "origin": [8, 8, 8]},
			"faces": {
				"north": {"uv": [13, 10.5, 13.5, 12], "texture": "#all"},
				"east": {"uv": [14, 10.5, 13, 12], "texture": "#all"},
				"south": {"uv": [11.5, 10.5, 12, 12], "texture": "#all"},
				"west": {"uv": [13, 10.5, 14, 12], "texture": "#all"},
				"up": {"uv": [13.5, 10.5, 14, 11], "texture": "#all"}
			}
		},
		{
			"from": [7.75, 10, 7.5],
			"to": [8.25, 10.5, 8.5],
			"rotation": {"angle": 45, "axis": "y", "origin": [8, 8, 8]},
			"faces": {
				"east": {"uv": [12, 10.5, 13, 11], "texture": "#all"},
				"west": {"uv": [12, 10.5, 13, 11], "texture": "#all"},
				"down": {"uv": [12, 10.5, 12.5, 11], "texture": "#all"}
			}
		},
		{
			"from": [7.75, 10.5, 7],
			"to": [8.25, 11, 9],
			"rotation": {"angle": 45, "axis": "y", "origin": [8, 8, 8]},
			"faces": {
				"north": {"uv": [11.5, 10, 12, 10.5], "texture": "#all"},
				"east": {"uv": [11.5, 10, 13.5, 10.5], "rotation": 180, "texture": "#all"},
				"south": {"uv": [13, 10, 13.5, 10.5], "texture": "#all"},
				"west": {"uv": [11.5, 10, 13.5, 10.5], "texture": "#all"},
				"up": {"uv": [11.5, 10, 13.5, 10.5], "rotation": 90, "texture": "#all"}
			}
		},
		{
			"from": [5.5, 1, 5.5],
			"to": [10.5, 6, 10.5],
			"faces": {
				"north": {"uv": [0.5, 3, 5.5, 8], "texture": "#all"},
				"east": {"uv": [0.5, 3, 5.5, 8], "texture": "#all"},
				"south": {"uv": [0.5, 3, 5.5, 8], "texture": "#all"},
				"west": {"uv": [0.5, 3, 5.5, 8], "texture": "#all"},
				"up": {"uv": [0, 0, 0, 0], "texture": "#all"},
				"down": {"uv": [0, 0, 0, 0], "texture": "#all"}
			}
		},
		{
			"from": [5, 1, 10.5],
			"to": [5.5, 6, 11],
			"faces": {
				"north": {"uv": [5.5, 3, 6, 8], "texture": "#all"},
				"east": {"uv": [5.5, 3, 6, 8], "texture": "#all"},
				"south": {"uv": [0, 3, 0.5, 8], "texture": "#all"},
				"west": {"uv": [0, 3, 0.5, 8], "texture": "#all"},
				"up": {"uv": [0, 0, 0, 0], "texture": "#all"},
				"down": {"uv": [0, 0, 0, 0], "texture": "#all"}
			}
		},
		{
			"from": [10.5, 1, 5],
			"to": [11, 6, 5.5],
			"faces": {
				"north": {"uv": [5.5, 3, 6, 8], "texture": "#all"},
				"east": {"uv": [5.5, 3, 6, 8], "texture": "#all"},
				"south": {"uv": [0, 3, 0.5, 8], "texture": "#all"},
				"west": {"uv": [0, 3, 0.5, 8], "texture": "#all"},
				"up": {"uv": [0, 0, 0, 0], "texture": "#all"},
				"down": {"uv": [0, 0, 0, 0], "texture": "#all"}
			}
		},
		{
			"from": [10.5, 1, 10.5],
			"to": [11, 6, 11],
			"faces": {
				"north": {"uv": [5.5, 3, 6, 8], "texture": "#all"},
				"east": {"uv": [5.5, 3, 6, 8], "texture": "#all"},
				"south": {"uv": [0, 3, 0.5, 8], "texture": "#all"},
				"west": {"uv": [0, 3, 0.5, 8], "texture": "#all"},
				"up": {"uv": [0, 0, 0, 0], "texture": "#all"},
				"down": {"uv": [0, 0, 0, 0], "texture": "#all"}
			}
		},
		{
			"from": [5, 1, 5],
			"to": [5.5, 6, 5.5],
			"faces": {
				"north": {"uv": [5.5, 3, 6, 8], "texture": "#all"},
				"east": {"uv": [5.5, 3, 6, 8], "texture": "#all"},
				"south": {"uv": [0, 3, 0.5, 8], "texture": "#all"},
				"west": {"uv": [0, 3, 0.5, 8], "texture": "#all"},
				"up": {"uv": [0, 0, 0, 0], "texture": "#all"},
				"down": {"uv": [0, 0, 0, 0], "texture": "#all"}
			}
		},
		{
			"from": [5, 6, 5],
			"to": [11, 7, 11],
			"faces": {
				"north": {"uv": [0, 2, 6, 3], "texture": "#all"},
				"east": {"uv": [0, 2, 6, 3], "texture": "#all"},
				"south": {"uv": [0, 2, 6, 3], "texture": "#all"},
				"west": {"uv": [0, 2, 6, 3], "texture": "#all"},
				"up": {"uv": [0, 9, 6, 15], "texture": "#all"},
				"down": {"uv": [0, 9, 6, 15], "texture": "#all"}
			}
		},
		{
			"from": [5, 0, 5],
			"to": [11, 1, 11],
			"faces": {
				"north": {"uv": [0, 8, 6, 9], "texture": "#all"},
				"east": {"uv": [0, 8, 6, 9], "texture": "#all"},
				"south": {"uv": [0, 8, 6, 9], "texture": "#all"},
				"west": {"uv": [0, 8, 6, 9], "texture": "#all"},
				"up": {"uv": [0, 9, 6, 15], "texture": "#all"},
				"down": {"uv": [0, 9, 6, 15], "texture": "#all"}
			}
		}
	],
	"groups": [0,
		{
			"name": "group",
			"origin": [8, 8, 8],
			"children": [1, 2, 3, 4]
		},
		{
			"name": "group",
			"origin": [8, 8, 8],
			"children": [5, 6, 7, 8]
		}, 9, 10, 11, 12, 13, 14, 15]
}