{
	"credit": "Made with Blockbench by Juknum",
	"textures": {
		"particle": "block/redstone_dust_dot",
		"line": "block/redstone_dust_dot",
		"overlay": "block/redstone_dust_overlay"
	},
	"elements": [
		{
			"from": [10.5, 0, 10.5],
			"to": [11, 0.25, 11],
			"rotation": {"angle": 0, "axis": "y", "origin": [18.5, 8, 18.5]},
			"faces": {
				"north": {"uv": [6, 5, 6.5, 5.5], "texture": "#line", "tintindex": 0},
				"east": {"uv": [6, 5, 6.5, 5.5], "texture": "#line", "tintindex": 0},
				"south": {"uv": [6, 5, 6.5, 5.5], "texture": "#line", "tintindex": 0},
				"west": {"uv": [6, 5, 6.5, 5.5], "texture": "#line", "tintindex": 0},
				"up": {"uv": [6, 5, 6.5, 5.5], "texture": "#line", "tintindex": 0},
				"down": {"uv": [6, 5, 6.5, 5.5], "texture": "#line", "tintindex": 0}
			}
		},
		{
			"from": [5, 0, 7],
			"to": [5.5, 0.25, 7.5],
			"rotation": {"angle": 0, "axis": "y", "origin": [13, 8, 15]},
			"faces": {
				"north": {"uv": [6, 5, 6.5, 5.5], "texture": "#line", "tintindex": 0},
				"west": {"uv": [6, 5, 6.5, 5.5], "texture": "#line", "tintindex": 0},
				"up": {"uv": [6, 5, 6.5, 5.5], "texture": "#line", "tintindex": 0},
				"down": {"uv": [6, 5, 6.5, 5.5], "texture": "#line", "tintindex": 0}
			}
		},
		{
			"from": [7.75, 0.5, 7],
			"to": [8.25, 0.75, 7.5],
			"rotation": {"angle": 0, "axis": "y", "origin": [15.75, 8.5, 15]},
			"faces": {
				"north": {"uv": [6, 5, 6.5, 5.5], "texture": "#line", "tintindex": 0},
				"east": {"uv": [6, 5, 6.5, 5.5], "texture": "#line", "tintindex": 0},
				"south": {"uv": [6, 5, 6.5, 5.5], "texture": "#line", "tintindex": 0},
				"west": {"uv": [6, 5, 6.5, 5.5], "texture": "#line", "tintindex": 0},
				"up": {"uv": [6, 5, 6.5, 5.5], "texture": "#line", "tintindex": 0}
			}
		},
		{
			"from": [8.5, 0.5, 6],
			"to": [9, 0.75, 6.5],
			"rotation": {"angle": 0, "axis": "y", "origin": [16.5, 8.5, 14]},
			"faces": {
				"north": {"uv": [6, 5, 6.5, 5.5], "texture": "#line", "tintindex": 0},
				"east": {"uv": [6, 5, 6.5, 5.5], "texture": "#line", "tintindex": 0},
				"south": {"uv": [6, 5, 6.5, 5.5], "texture": "#line", "tintindex": 0},
				"west": {"uv": [6, 5, 6.5, 5.5], "texture": "#line", "tintindex": 0},
				"up": {"uv": [6, 5, 6.5, 5.5], "texture": "#line", "tintindex": 0}
			}
		},
		{
			"from": [6.5, 0.5, 6],
			"to": [7, 0.75, 6.5],
			"rotation": {"angle": 0, "axis": "y", "origin": [14.5, 8.5, 14]},
			"faces": {
				"north": {"uv": [6, 5, 6.5, 5.5], "texture": "#line", "tintindex": 0},
				"east": {"uv": [6, 5, 6.5, 5.5], "texture": "#line", "tintindex": 0},
				"south": {"uv": [6, 5, 6.5, 5.5], "texture": "#line", "tintindex": 0},
				"west": {"uv": [6, 5, 6.5, 5.5], "texture": "#line", "tintindex": 0},
				"up": {"uv": [6, 5, 6.5, 5.5], "texture": "#line", "tintindex": 0}
			}
		},
		{
			"from": [7, 0.5, 8],
			"to": [7.5, 0.75, 8.5],
			"rotation": {"angle": 0, "axis": "y", "origin": [15, 8.5, 16]},
			"faces": {
				"north": {"uv": [6, 5, 6.5, 5.5], "texture": "#line", "tintindex": 0},
				"east": {"uv": [6, 5, 6.5, 5.5], "texture": "#line", "tintindex": 0},
				"south": {"uv": [6, 5, 6.5, 5.5], "texture": "#line", "tintindex": 0},
				"west": {"uv": [6, 5, 6.5, 5.5], "texture": "#line", "tintindex": 0},
				"up": {"uv": [6, 5, 6.5, 5.5], "texture": "#line", "tintindex": 0}
			}
		},
		{
			"from": [6.5, 0.5, 7.5],
			"to": [7, 0.75, 8],
			"rotation": {"angle": 0, "axis": "y", "origin": [14.5, 8.5, 15.5]},
			"faces": {
				"north": {"uv": [6, 5, 6.5, 5.5], "texture": "#line", "tintindex": 0},
				"east": {"uv": [6, 5, 6.5, 5.5], "texture": "#line", "tintindex": 0},
				"south": {"uv": [6, 5, 6.5, 5.5], "texture": "#line", "tintindex": 0},
				"west": {"uv": [6, 5, 6.5, 5.5], "texture": "#line", "tintindex": 0},
				"up": {"uv": [6, 5, 6.5, 5.5], "texture": "#line", "tintindex": 0}
			}
		},
		{
			"from": [6.5, 0, 9.5],
			"to": [7, 0.25, 10],
			"rotation": {"angle": 0, "axis": "y", "origin": [14.5, 8, 17.5]},
			"faces": {
				"east": {"uv": [6, 5, 6.5, 5.5], "texture": "#line", "tintindex": 0},
				"up": {"uv": [6, 5, 6.5, 5.5], "texture": "#line", "tintindex": 0},
				"down": {"uv": [6, 5, 6.5, 5.5], "texture": "#line", "tintindex": 0}
			}
		},
		{
			"from": [8, 0, 9],
			"to": [8.5, 0.25, 9.5],
			"rotation": {"angle": 0, "axis": "y", "origin": [16, 8, 17]},
			"faces": {
				"east": {"uv": [6, 5, 6.5, 5.5], "texture": "#line", "tintindex": 0},
				"south": {"uv": [6, 5, 6.5, 5.5], "texture": "#line", "tintindex": 0},
				"up": {"uv": [6, 5, 6.5, 5.5], "texture": "#line", "tintindex": 0},
				"down": {"uv": [6, 5, 6.5, 5.5], "texture": "#line", "tintindex": 0}
			}
		},
		{
			"from": [7.5, 0, 9],
			"to": [8, 0.51, 10],
			"rotation": {"angle": 0, "axis": "y", "origin": [15.5, 8, 17]},
			"faces": {
				"east": {"uv": [6, 5, 6.5, 5.5], "texture": "#line", "tintindex": 0},
				"west": {"uv": [6, 5, 6.5, 5.5], "texture": "#line", "tintindex": 0},
				"up": {"uv": [6, 5, 6.5, 5.5], "texture": "#line", "tintindex": 0},
				"down": {"uv": [6, 5, 6.5, 5.5], "texture": "#line", "tintindex": 0}
			}
		},
		{
			"from": [5, 0, 8],
			"to": [5.5, 0.51, 8.5],
			"rotation": {"angle": 0, "axis": "y", "origin": [13, 8, 16]},
			"faces": {
				"east": {"uv": [6, 5, 6.5, 5.5], "texture": "#line", "tintindex": 0},
				"west": {"uv": [6, 5, 6.5, 5.5], "texture": "#line", "tintindex": 0},
				"up": {"uv": [6, 5, 6.5, 5.5], "texture": "#line", "tintindex": 0},
				"down": {"uv": [6, 5, 6.5, 5.5], "texture": "#line", "tintindex": 0}
			}
		},
		{
			"from": [6, 0, 9.5],
			"to": [6.5, 0.51, 10],
			"rotation": {"angle": 0, "axis": "y", "origin": [14, 8, 17.5]},
			"faces": {
				"east": {"uv": [6, 5, 6.5, 5.5], "texture": "#line", "tintindex": 0},
				"south": {"uv": [6, 5, 6.5, 5.5], "texture": "#line", "tintindex": 0},
				"west": {"uv": [6, 5, 6.5, 5.5], "texture": "#line", "tintindex": 0},
				"up": {"uv": [6, 5, 6.5, 5.5], "texture": "#line", "tintindex": 0},
				"down": {"uv": [6, 5, 6.5, 5.5], "texture": "#line", "tintindex": 0}
			}
		},
		{
			"from": [10, 0, 5],
			"to": [10.5, 0.25, 5.5],
			"rotation": {"angle": 0, "axis": "y", "origin": [18, 8, 13]},
			"faces": {
				"north": {"uv": [6, 5, 6.5, 5.5], "texture": "#line", "tintindex": 0},
				"east": {"uv": [6, 5, 6.5, 5.5], "texture": "#line", "tintindex": 0},
				"south": {"uv": [6, 5, 6.5, 5.5], "texture": "#line", "tintindex": 0},
				"west": {"uv": [6, 5, 6.5, 5.5], "texture": "#line", "tintindex": 0},
				"up": {"uv": [6, 5, 6.5, 5.5], "texture": "#line", "tintindex": 0},
				"down": {"uv": [6, 5, 6.5, 5.5], "texture": "#line", "tintindex": 0}
			}
		},
		{
			"from": [7, 0, 5],
			"to": [7.5, 0.25, 5.5],
			"rotation": {"angle": 0, "axis": "y", "origin": [15, 8, 13]},
			"faces": {
				"north": {"uv": [6, 5, 6.5, 5.5], "texture": "#line", "tintindex": 0},
				"east": {"uv": [6, 5, 6.5, 5.5], "texture": "#line", "tintindex": 0},
				"west": {"uv": [6, 5, 6.5, 5.5], "texture": "#line", "tintindex": 0},
				"up": {"uv": [6, 5, 6.5, 5.5], "texture": "#line", "tintindex": 0},
				"down": {"uv": [6, 5, 6.5, 5.5], "texture": "#line", "tintindex": 0}
			}
		},
		{
			"from": [6, 0, 5],
			"to": [6.5, 0.51, 5.5],
			"rotation": {"angle": 0, "axis": "y", "origin": [14, 8, 13]},
			"faces": {
				"north": {"uv": [6, 5, 6.5, 5.5], "texture": "#line", "tintindex": 0},
				"east": {"uv": [6, 5, 6.5, 5.5], "texture": "#line", "tintindex": 0},
				"west": {"uv": [6, 5, 6.5, 5.5], "texture": "#line", "tintindex": 0},
				"up": {"uv": [6, 5, 6.5, 5.5], "texture": "#line", "tintindex": 0},
				"down": {"uv": [6, 5, 6.5, 5.5], "texture": "#line", "tintindex": 0}
			}
		},
		{
			"from": [10, 0, 7],
			"to": [10.5, 0.51, 7.5],
			"rotation": {"angle": 0, "axis": "y", "origin": [18, 8, 15]},
			"faces": {
				"north": {"uv": [6, 5, 6.5, 5.5], "texture": "#line", "tintindex": 0},
				"west": {"uv": [6, 5, 6.5, 5.5], "texture": "#line", "tintindex": 0},
				"up": {"uv": [6, 5, 6.5, 5.5], "texture": "#line", "tintindex": 0},
				"down": {"uv": [6, 5, 6.5, 5.5], "texture": "#line", "tintindex": 0}
			}
		},
		{
			"from": [9, 0, 8],
			"to": [9.5, 0.51, 8.5],
			"rotation": {"angle": 0, "axis": "y", "origin": [17, 8, 16]},
			"faces": {
				"east": {"uv": [6, 5, 6.5, 5.5], "texture": "#line", "tintindex": 0},
				"south": {"uv": [6, 5, 6.5, 5.5], "texture": "#line", "tintindex": 0},
				"up": {"uv": [6, 5, 6.5, 5.5], "texture": "#line", "tintindex": 0},
				"down": {"uv": [6, 5, 6.5, 5.5], "texture": "#line", "tintindex": 0}
			}
		},
		{
			"from": [10.5, 0, 6.5],
			"to": [11, 0.51, 9.5],
			"rotation": {"angle": 0, "axis": "y", "origin": [18.5, 8, 14.5]},
			"faces": {
				"north": {"uv": [6, 5, 6.5, 5.5], "texture": "#line", "tintindex": 0},
				"east": {"uv": [6, 5, 6.5, 5.5], "texture": "#line", "tintindex": 0},
				"south": {"uv": [6, 5, 6.5, 5.5], "texture": "#line", "tintindex": 0},
				"west": {"uv": [6, 5, 6.5, 5.5], "texture": "#line", "tintindex": 0},
				"up": {"uv": [6, 5, 6.5, 5.5], "texture": "#line", "tintindex": 0},
				"down": {"uv": [6, 5, 6.5, 5.5], "texture": "#line", "tintindex": 0}
			}
		},
		{
			"from": [9, 0, 9],
			"to": [9.5, 0.51, 9.5],
			"rotation": {"angle": 0, "axis": "y", "origin": [17, 8, 17]},
			"faces": {
				"north": {"uv": [6, 5, 6.5, 5.5], "texture": "#line", "tintindex": 0},
				"east": {"uv": [6, 5, 6.5, 5.5], "texture": "#line", "tintindex": 0},
				"south": {"uv": [6, 5, 6.5, 5.5], "texture": "#line", "tintindex": 0},
				"up": {"uv": [6, 5, 6.5, 5.5], "texture": "#line", "tintindex": 0},
				"down": {"uv": [6, 5, 6.5, 5.5], "texture": "#line", "tintindex": 0}
			}
		},
		{
			"from": [8.5, 0, 10.5],
			"to": [9, 0.51, 11],
			"rotation": {"angle": 0, "axis": "y", "origin": [16.5, 8, 18.5]},
			"faces": {
				"east": {"uv": [6, 5, 6.5, 5.5], "texture": "#line", "tintindex": 0},
				"south": {"uv": [6, 5, 6.5, 5.5], "texture": "#line", "tintindex": 0},
				"west": {"uv": [6, 5, 6.5, 5.5], "texture": "#line", "tintindex": 0},
				"up": {"uv": [6, 5, 6.5, 5.5], "texture": "#line", "tintindex": 0},
				"down": {"uv": [6, 5, 6.5, 5.5], "texture": "#line", "tintindex": 0}
			}
		},
		{
			"from": [8.5, 0, 8],
			"to": [9, 0.51, 10],
			"rotation": {"angle": 0, "axis": "y", "origin": [16.5, 8, 16]},
			"faces": {
				"north": {"uv": [6, 5, 6.5, 5.5], "texture": "#line", "tintindex": 0},
				"east": {"uv": [6, 5, 6.5, 5.5], "texture": "#line", "tintindex": 0},
				"west": {"uv": [6, 5, 6.5, 5.5], "texture": "#line", "tintindex": 0},
				"up": {"uv": [6, 5, 6.5, 5.5], "texture": "#line", "tintindex": 0},
				"down": {"uv": [6, 5, 6.5, 5.5], "texture": "#line", "tintindex": 0}
			}
		},
		{
			"from": [6.5, 0, 10.5],
			"to": [7.5, 0.25, 11],
			"rotation": {"angle": 0, "axis": "y", "origin": [14.5, 8, 18.5]},
			"faces": {
				"east": {"uv": [6, 5, 6.5, 5.5], "texture": "#line", "tintindex": 0},
				"south": {"uv": [6, 5, 6.5, 5.5], "texture": "#line", "tintindex": 0},
				"west": {"uv": [6, 5, 6.5, 5.5], "texture": "#line", "tintindex": 0},
				"up": {"uv": [6, 5, 6.5, 5.5], "texture": "#line", "tintindex": 0},
				"down": {"uv": [6, 5, 6.5, 5.5], "texture": "#line", "tintindex": 0}
			}
		},
		{
			"from": [9.5, 0, 9.5],
			"to": [10.5, 0.51, 10],
			"rotation": {"angle": 0, "axis": "y", "origin": [17.5, 8, 17.5]},
			"faces": {
				"north": {"uv": [6, 5, 6.5, 5.5], "texture": "#line", "tintindex": 0},
				"east": {"uv": [6, 5, 6.5, 5.5], "texture": "#line", "tintindex": 0},
				"south": {"uv": [6, 5, 6.5, 5.5], "texture": "#line", "tintindex": 0},
				"west": {"uv": [6, 5, 6.5, 5.5], "texture": "#line", "tintindex": 0},
				"up": {"uv": [6, 5, 6.5, 5.5], "texture": "#line", "tintindex": 0},
				"down": {"uv": [6, 5, 6.5, 5.5], "texture": "#line", "tintindex": 0}
			}
		},
		{
			"from": [5.5, 0, 6.5],
			"to": [6.5, 0.51, 7],
			"rotation": {"angle": 0, "axis": "y", "origin": [13.5, 8, 14.5]},
			"faces": {
				"east": {"uv": [6, 5, 6.5, 5.5], "texture": "#line", "tintindex": 0},
				"west": {"uv": [6, 5, 6.5, 5.5], "texture": "#line", "tintindex": 0},
				"up": {"uv": [6, 5, 6.5, 5.5], "texture": "#line", "tintindex": 0},
				"down": {"uv": [6, 5, 6.5, 5.5], "texture": "#line", "tintindex": 0}
			}
		},
		{
			"from": [9.5, 0, 8.5],
			"to": [10.5, 0.51, 9],
			"rotation": {"angle": 0, "axis": "y", "origin": [17.5, 8, 16.5]},
			"faces": {
				"north": {"uv": [6, 5, 6.5, 5.5], "texture": "#line", "tintindex": 0},
				"south": {"uv": [6, 5, 6.5, 5.5], "texture": "#line", "tintindex": 0},
				"west": {"uv": [6, 5, 6.5, 5.5], "texture": "#line", "tintindex": 0},
				"up": {"uv": [6, 5, 6.5, 5.5], "texture": "#line", "tintindex": 0},
				"down": {"uv": [6, 5, 6.5, 5.5], "texture": "#line", "tintindex": 0}
			}
		},
		{
			"from": [9, 0, 7.5],
			"to": [10.5, 0.51, 8],
			"rotation": {"angle": 0, "axis": "y", "origin": [17, 8, 15.5]},
			"faces": {
				"north": {"uv": [6, 5, 6.5, 5.5], "texture": "#line", "tintindex": 0},
				"south": {"uv": [6, 5, 6.5, 5.5], "texture": "#line", "tintindex": 0},
				"west": {"uv": [6, 5, 6.5, 5.5], "texture": "#line", "tintindex": 0},
				"up": {"uv": [6, 5, 6.5, 5.5], "texture": "#line", "tintindex": 0},
				"down": {"uv": [6, 5, 6.5, 5.5], "texture": "#line", "tintindex": 0}
			}
		},
		{
			"from": [7, 0, 8.5],
			"to": [8.5, 0.51, 9],
			"rotation": {"angle": 0, "axis": "y", "origin": [15, 8, 16.5]},
			"faces": {
				"north": {"uv": [6, 5, 6.5, 5.5], "texture": "#line", "tintindex": 0},
				"south": {"uv": [6, 5, 6.5, 5.5], "texture": "#line", "tintindex": 0},
				"west": {"uv": [6, 5, 6.5, 5.5], "texture": "#line", "tintindex": 0},
				"up": {"uv": [6, 5, 6.5, 5.5], "texture": "#line", "tintindex": 0},
				"down": {"uv": [6, 5, 6.5, 5.5], "texture": "#line", "tintindex": 0}
			}
		},
		{
			"from": [5.5, 0, 7],
			"to": [6.5, 0.51, 7.5],
			"rotation": {"angle": 0, "axis": "y", "origin": [13.5, 8, 15]},
			"faces": {
				"east": {"uv": [6, 5, 6.5, 5.5], "texture": "#line", "tintindex": 0},
				"west": {"uv": [6, 5, 6.5, 5.5], "texture": "#line", "tintindex": 0},
				"up": {"uv": [6, 5, 6.5, 5.5], "texture": "#line", "tintindex": 0},
				"down": {"uv": [6, 5, 6.5, 5.5], "texture": "#line", "tintindex": 0}
			}
		},
		{
			"from": [5, 0, 7.5],
			"to": [8.5, 0.51, 8],
			"rotation": {"angle": 0, "axis": "y", "origin": [13, 8, 15.5]},
			"faces": {
				"north": {"uv": [6, 5, 6.5, 5.5], "texture": "#line", "tintindex": 0},
				"east": {"uv": [6, 5, 6.5, 5.5], "texture": "#line", "tintindex": 0},
				"south": {"uv": [6, 5, 6.5, 5.5], "texture": "#line", "tintindex": 0},
				"west": {"uv": [6, 5, 6.5, 5.5], "texture": "#line", "tintindex": 0},
				"up": {"uv": [6, 5, 6.5, 5.5], "texture": "#line", "tintindex": 0},
				"down": {"uv": [6, 5, 6.5, 5.5], "texture": "#line", "tintindex": 0}
			}
		},
		{
			"from": [7, 0, 6.5],
			"to": [9.5, 0.51, 7],
			"rotation": {"angle": 0, "axis": "y", "origin": [15, 8, 14.5]},
			"faces": {
				"east": {"uv": [6, 5, 6.5, 5.5], "texture": "#line", "tintindex": 0},
				"south": {"uv": [6, 5, 6.5, 5.5], "texture": "#line", "tintindex": 0},
				"west": {"uv": [6, 5, 6.5, 5.5], "texture": "#line", "tintindex": 0},
				"up": {"uv": [6, 5, 6.5, 5.5], "texture": "#line", "tintindex": 0},
				"down": {"uv": [6, 5, 6.5, 5.5], "texture": "#line", "tintindex": 0}
			}
		},
		{
			"from": [7, 0, 7],
			"to": [9, 0.51, 7.5],
			"rotation": {"angle": 0, "axis": "y", "origin": [15, 8, 15]},
			"faces": {
				"east": {"uv": [6, 5, 6.5, 5.5], "texture": "#line", "tintindex": 0},
				"south": {"uv": [6, 5, 6.5, 5.5], "texture": "#line", "tintindex": 0},
				"west": {"uv": [6, 5, 6.5, 5.5], "texture": "#line", "tintindex": 0},
				"up": {"uv": [6, 5, 6.5, 5.5], "texture": "#line", "tintindex": 0},
				"down": {"uv": [6, 5, 6.5, 5.5], "texture": "#line", "tintindex": 0}
			}
		},
		{
			"from": [8, 0, 5],
			"to": [9.5, 0.51, 5.5],
			"rotation": {"angle": 0, "axis": "y", "origin": [16, 8, 13]},
			"faces": {
				"north": {"uv": [6, 5, 6.5, 5.5], "texture": "#line", "tintindex": 0},
				"east": {"uv": [6, 5, 6.5, 5.5], "texture": "#line", "tintindex": 0},
				"south": {"uv": [6, 5, 6.5, 5.5], "texture": "#line", "tintindex": 0},
				"west": {"uv": [6, 5, 6.5, 5.5], "texture": "#line", "tintindex": 0},
				"up": {"uv": [6, 5, 6.5, 5.5], "texture": "#line", "tintindex": 0},
				"down": {"uv": [6, 5, 6.5, 5.5], "texture": "#line", "tintindex": 0}
			}
		},
		{
			"from": [5.5, 0, 9],
			"to": [7, 0.51, 9.5],
			"rotation": {"angle": 0, "axis": "y", "origin": [13.5, 8, 17]},
			"faces": {
				"north": {"uv": [6, 5, 6.5, 5.5], "texture": "#line", "tintindex": 0},
				"east": {"uv": [6, 5, 6.5, 5.5], "texture": "#line", "tintindex": 0},
				"south": {"uv": [6, 5, 6.5, 5.5], "texture": "#line", "tintindex": 0},
				"west": {"uv": [6, 5, 6.5, 5.5], "texture": "#line", "tintindex": 0},
				"up": {"uv": [6, 5, 6.5, 5.5], "texture": "#line", "tintindex": 0},
				"down": {"uv": [6, 5, 6.5, 5.5], "texture": "#line", "tintindex": 0}
			}
		},
		{
			"from": [5, 0, 8.5],
			"to": [6.5, 0.51, 9],
			"rotation": {"angle": 0, "axis": "y", "origin": [13, 8, 16.5]},
			"faces": {
				"north": {"uv": [6, 5, 6.5, 5.5], "texture": "#line", "tintindex": 0},
				"east": {"uv": [6, 5, 6.5, 5.5], "texture": "#line", "tintindex": 0},
				"south": {"uv": [6, 5, 6.5, 5.5], "texture": "#line", "tintindex": 0},
				"west": {"uv": [6, 5, 6.5, 5.5], "texture": "#line", "tintindex": 0},
				"up": {"uv": [6, 5, 6.5, 5.5], "texture": "#line", "tintindex": 0},
				"down": {"uv": [6, 5, 6.5, 5.5], "texture": "#line", "tintindex": 0}
			}
		},
		{
			"from": [6, 0, 8],
			"to": [8, 0.51, 8.5],
			"rotation": {"angle": 0, "axis": "y", "origin": [14, 8, 16]},
			"faces": {
				"east": {"uv": [6, 5, 6.5, 5.5], "texture": "#line", "tintindex": 0},
				"south": {"uv": [6, 5, 6.5, 5.5], "texture": "#line", "tintindex": 0},
				"west": {"uv": [6, 5, 6.5, 5.5], "texture": "#line", "tintindex": 0},
				"up": {"uv": [6, 5, 6.5, 5.5], "texture": "#line", "tintindex": 0},
				"down": {"uv": [6, 5, 6.5, 5.5], "texture": "#line", "tintindex": 0}
			}
		},
		{
			"from": [8.5, 0, 5.5],
			"to": [10, 0.51, 6],
			"rotation": {"angle": 0, "axis": "y", "origin": [16.5, 8, 13.5]},
			"faces": {
				"north": {"uv": [6, 5, 6.5, 5.5], "texture": "#line", "tintindex": 0},
				"east": {"uv": [6, 5, 6.5, 5.5], "texture": "#line", "tintindex": 0},
				"west": {"uv": [6, 5, 6.5, 5.5], "texture": "#line", "tintindex": 0},
				"up": {"uv": [6, 5, 6.5, 5.5], "texture": "#line", "tintindex": 0},
				"down": {"uv": [6, 5, 6.5, 5.5], "texture": "#line", "tintindex": 0}
			}
		},
		{
			"from": [5.5, 0, 5.5],
			"to": [8, 0.51, 6],
			"rotation": {"angle": 0, "axis": "y", "origin": [13.5, 8, 13.5]},
			"faces": {
				"north": {"uv": [6, 5, 6.5, 5.5], "texture": "#line", "tintindex": 0},
				"east": {"uv": [6, 5, 6.5, 5.5], "texture": "#line", "tintindex": 0},
				"west": {"uv": [6, 5, 6.5, 5.5], "texture": "#line", "tintindex": 0},
				"up": {"uv": [6, 5, 6.5, 5.5], "texture": "#line", "tintindex": 0},
				"down": {"uv": [6, 5, 6.5, 5.5], "texture": "#line", "tintindex": 0}
			}
		},
		{
			"from": [5.5, 0, 6],
			"to": [10.5, 0.51, 6.5],
			"rotation": {"angle": 0, "axis": "y", "origin": [13.5, 8, 14]},
			"faces": {
				"north": {"uv": [6, 5, 6.5, 5.5], "texture": "#line", "tintindex": 0},
				"east": {"uv": [6, 5, 6.5, 5.5], "texture": "#line", "tintindex": 0},
				"south": {"uv": [6, 5, 6.5, 5.5], "texture": "#line", "tintindex": 0},
				"west": {"uv": [6, 5, 6.5, 5.5], "texture": "#line", "tintindex": 0},
				"up": {"uv": [6, 5, 6.5, 5.5], "texture": "#line", "tintindex": 0},
				"down": {"uv": [6, 5, 6.5, 5.5], "texture": "#line", "tintindex": 0}
			}
		},
		{
			"from": [6.5, 0, 10],
			"to": [9.5, 0.51, 10.5],
			"rotation": {"angle": 0, "axis": "y", "origin": [14.5, 8, 18]},
			"faces": {
				"north": {"uv": [6, 5, 6.5, 5.5], "texture": "#line", "tintindex": 0},
				"east": {"uv": [6, 5, 6.5, 5.5], "texture": "#line", "tintindex": 0},
				"south": {"uv": [6, 5, 6.5, 5.5], "texture": "#line", "tintindex": 0},
				"west": {"uv": [6, 5, 6.5, 5.5], "texture": "#line", "tintindex": 0},
				"up": {"uv": [6, 5, 6.5, 5.5], "texture": "#line", "tintindex": 0},
				"down": {"uv": [6, 5, 6.5, 5.5], "texture": "#line", "tintindex": 0}
			}
		},
		{
			"from": [10.5, 0, 10.5],
			"to": [11, 0.25, 11],
			"rotation": {"angle": 0, "axis": "y", "origin": [18.5, 8, 18.5]},
			"faces": {
				"north": {"uv": [6, 5, 6.5, 5.5], "texture": "#overlay", "tintindex": 0},
				"east": {"uv": [6, 5, 6.5, 5.5], "texture": "#overlay", "tintindex": 0},
				"south": {"uv": [6, 5, 6.5, 5.5], "texture": "#overlay", "tintindex": 0},
				"west": {"uv": [6, 5, 6.5, 5.5], "texture": "#overlay", "tintindex": 0},
				"up": {"uv": [6, 5, 6.5, 5.5], "texture": "#overlay", "tintindex": 0},
				"down": {"uv": [6, 5, 6.5, 5.5], "texture": "#overlay", "tintindex": 0}
			}
		},
		{
			"from": [5, 0, 7],
			"to": [5.5, 0.25, 7.5],
			"rotation": {"angle": 0, "axis": "y", "origin": [13, 8, 15]},
			"faces": {
				"north": {"uv": [6, 5, 6.5, 5.5], "texture": "#overlay", "tintindex": 0},
				"east": {"uv": [6, 5, 6.5, 5.5], "texture": "#overlay", "tintindex": 0},
				"south": {"uv": [6, 5, 6.5, 5.5], "texture": "#overlay", "tintindex": 0},
				"west": {"uv": [6, 5, 6.5, 5.5], "texture": "#overlay", "tintindex": 0},
				"up": {"uv": [6, 5, 6.5, 5.5], "texture": "#overlay", "tintindex": 0},
				"down": {"uv": [6, 5, 6.5, 5.5], "texture": "#overlay", "tintindex": 0}
			}
		},
		{
			"from": [7.75, 0.5, 7],
			"to": [8.25, 0.75, 7.5],
			"rotation": {"angle": 0, "axis": "y", "origin": [15.75, 8.5, 15]},
			"faces": {
				"north": {"uv": [6, 5, 6.5, 5.5], "texture": "#overlay", "tintindex": 0},
				"east": {"uv": [6, 5, 6.5, 5.5], "texture": "#overlay", "tintindex": 0},
				"south": {"uv": [6, 5, 6.5, 5.5], "texture": "#overlay", "tintindex": 0},
				"west": {"uv": [6, 5, 6.5, 5.5], "texture": "#overlay", "tintindex": 0},
				"up": {"uv": [6, 5, 6.5, 5.5], "texture": "#overlay", "tintindex": 0},
				"down": {"uv": [6, 5, 6.5, 5.5], "texture": "#overlay", "tintindex": 0}
			}
		},
		{
			"from": [8.5, 0.5, 6],
			"to": [9, 0.75, 6.5],
			"rotation": {"angle": 0, "axis": "y", "origin": [16.5, 8.5, 14]},
			"faces": {
				"north": {"uv": [6, 5, 6.5, 5.5], "texture": "#overlay", "tintindex": 0},
				"east": {"uv": [6, 5, 6.5, 5.5], "texture": "#overlay", "tintindex": 0},
				"south": {"uv": [6, 5, 6.5, 5.5], "texture": "#overlay", "tintindex": 0},
				"west": {"uv": [6, 5, 6.5, 5.5], "texture": "#overlay", "tintindex": 0},
				"up": {"uv": [6, 5, 6.5, 5.5], "texture": "#overlay", "tintindex": 0},
				"down": {"uv": [6, 5, 6.5, 5.5], "texture": "#overlay", "tintindex": 0}
			}
		},
		{
			"from": [6.5, 0.5, 6],
			"to": [7, 0.75, 6.5],
			"rotation": {"angle": 0, "axis": "y", "origin": [14.5, 8.5, 14]},
			"faces": {
				"north": {"uv": [6, 5, 6.5, 5.5], "texture": "#overlay", "tintindex": 0},
				"east": {"uv": [6, 5, 6.5, 5.5], "texture": "#overlay", "tintindex": 0},
				"south": {"uv": [6, 5, 6.5, 5.5], "texture": "#overlay", "tintindex": 0},
				"west": {"uv": [6, 5, 6.5, 5.5], "texture": "#overlay", "tintindex": 0},
				"up": {"uv": [6, 5, 6.5, 5.5], "texture": "#overlay", "tintindex": 0},
				"down": {"uv": [6, 5, 6.5, 5.5], "texture": "#overlay", "tintindex": 0}
			}
		},
		{
			"from": [7, 0.5, 8],
			"to": [7.5, 0.75, 8.5],
			"rotation": {"angle": 0, "axis": "y", "origin": [15, 8.5, 16]},
			"faces": {
				"north": {"uv": [6, 5, 6.5, 5.5], "texture": "#overlay", "tintindex": 0},
				"east": {"uv": [6, 5, 6.5, 5.5], "texture": "#overlay", "tintindex": 0},
				"south": {"uv": [6, 5, 6.5, 5.5], "texture": "#overlay", "tintindex": 0},
				"west": {"uv": [6, 5, 6.5, 5.5], "texture": "#overlay", "tintindex": 0},
				"up": {"uv": [6, 5, 6.5, 5.5], "texture": "#overlay", "tintindex": 0},
				"down": {"uv": [6, 5, 6.5, 5.5], "texture": "#overlay", "tintindex": 0}
			}
		},
		{
			"from": [6.5, 0.5, 7.5],
			"to": [7, 0.75, 8],
			"rotation": {"angle": 0, "axis": "y", "origin": [14.5, 8.5, 15.5]},
			"faces": {
				"north": {"uv": [6, 5, 6.5, 5.5], "texture": "#overlay", "tintindex": 0},
				"east": {"uv": [6, 5, 6.5, 5.5], "texture": "#overlay", "tintindex": 0},
				"south": {"uv": [6, 5, 6.5, 5.5], "texture": "#overlay", "tintindex": 0},
				"west": {"uv": [6, 5, 6.5, 5.5], "texture": "#overlay", "tintindex": 0},
				"up": {"uv": [6, 5, 6.5, 5.5], "texture": "#overlay", "tintindex": 0},
				"down": {"uv": [6, 5, 6.5, 5.5], "texture": "#overlay", "tintindex": 0}
			}
		},
		{
			"from": [6.5, 0, 9.5],
			"to": [7, 0.25, 10],
			"rotation": {"angle": 0, "axis": "y", "origin": [14.5, 8, 17.5]},
			"faces": {
				"north": {"uv": [6, 5, 6.5, 5.5], "texture": "#overlay", "tintindex": 0},
				"east": {"uv": [6, 5, 6.5, 5.5], "texture": "#overlay", "tintindex": 0},
				"south": {"uv": [6, 5, 6.5, 5.5], "texture": "#overlay", "tintindex": 0},
				"west": {"uv": [6, 5, 6.5, 5.5], "texture": "#overlay", "tintindex": 0},
				"up": {"uv": [6, 5, 6.5, 5.5], "texture": "#overlay", "tintindex": 0},
				"down": {"uv": [6, 5, 6.5, 5.5], "texture": "#overlay", "tintindex": 0}
			}
		},
		{
			"from": [7.75, 0, 9],
			"to": [8.25, 0.25, 9.5],
			"rotation": {"angle": 0, "axis": "y", "origin": [15.75, 8, 17]},
			"faces": {
				"north": {"uv": [6, 5, 6.5, 5.5], "texture": "#overlay", "tintindex": 0},
				"east": {"uv": [6, 5, 6.5, 5.5], "texture": "#overlay", "tintindex": 0},
				"south": {"uv": [6, 5, 6.5, 5.5], "texture": "#overlay", "tintindex": 0},
				"west": {"uv": [6, 5, 6.5, 5.5], "texture": "#overlay", "tintindex": 0},
				"up": {"uv": [6, 5, 6.5, 5.5], "texture": "#overlay", "tintindex": 0},
				"down": {"uv": [6, 5, 6.5, 5.5], "texture": "#overlay", "tintindex": 0}
			}
		},
		{
			"from": [7.5, 0, 9],
			"to": [8, 0.5, 10],
			"rotation": {"angle": 0, "axis": "y", "origin": [15.5, 8, 17]},
			"faces": {
				"north": {"uv": [6, 5, 6.5, 5.5], "texture": "#overlay", "tintindex": 0},
				"east": {"uv": [6, 5, 6.5, 5.5], "texture": "#overlay", "tintindex": 0},
				"south": {"uv": [6, 5, 6.5, 5.5], "texture": "#overlay", "tintindex": 0},
				"west": {"uv": [6, 5, 6.5, 5.5], "texture": "#overlay", "tintindex": 0},
				"up": {"uv": [6, 5, 6.5, 5.5], "texture": "#overlay", "tintindex": 0},
				"down": {"uv": [6, 5, 6.5, 5.5], "texture": "#overlay", "tintindex": 0}
			}
		},
		{
			"from": [5, 0, 8],
			"to": [5.5, 0.5, 8.5],
			"rotation": {"angle": 0, "axis": "y", "origin": [13, 8, 16]},
			"faces": {
				"north": {"uv": [6, 5, 6.5, 5.5], "texture": "#overlay", "tintindex": 0},
				"east": {"uv": [6, 5, 6.5, 5.5], "texture": "#overlay", "tintindex": 0},
				"south": {"uv": [6, 5, 6.5, 5.5], "texture": "#overlay", "tintindex": 0},
				"west": {"uv": [6, 5, 6.5, 5.5], "texture": "#overlay", "tintindex": 0},
				"up": {"uv": [6, 5, 6.5, 5.5], "texture": "#overlay", "tintindex": 0},
				"down": {"uv": [6, 5, 6.5, 5.5], "texture": "#overlay", "tintindex": 0}
			}
		},
		{
			"from": [6, 0, 9.5],
			"to": [6.5, 0.5, 10],
			"rotation": {"angle": 0, "axis": "y", "origin": [14, 8, 17.5]},
			"faces": {
				"north": {"uv": [6, 5, 6.5, 5.5], "texture": "#overlay", "tintindex": 0},
				"east": {"uv": [6, 5, 6.5, 5.5], "texture": "#overlay", "tintindex": 0},
				"south": {"uv": [6, 5, 6.5, 5.5], "texture": "#overlay", "tintindex": 0},
				"west": {"uv": [6, 5, 6.5, 5.5], "texture": "#overlay", "tintindex": 0},
				"up": {"uv": [6, 5, 6.5, 5.5], "texture": "#overlay", "tintindex": 0},
				"down": {"uv": [6, 5, 6.5, 5.5], "texture": "#overlay", "tintindex": 0}
			}
		},
		{
			"from": [10, 0, 5],
			"to": [10.5, 0.25, 5.5],
			"rotation": {"angle": 0, "axis": "y", "origin": [18, 8, 13]},
			"faces": {
				"north": {"uv": [6, 5, 6.5, 5.5], "texture": "#overlay", "tintindex": 0},
				"east": {"uv": [6, 5, 6.5, 5.5], "texture": "#overlay", "tintindex": 0},
				"south": {"uv": [6, 5, 6.5, 5.5], "texture": "#overlay", "tintindex": 0},
				"west": {"uv": [6, 5, 6.5, 5.5], "texture": "#overlay", "tintindex": 0},
				"up": {"uv": [6, 5, 6.5, 5.5], "texture": "#overlay", "tintindex": 0},
				"down": {"uv": [6, 5, 6.5, 5.5], "texture": "#overlay", "tintindex": 0}
			}
		},
		{
			"from": [7, 0, 5],
			"to": [7.5, 0.25, 5.5],
			"rotation": {"angle": 0, "axis": "y", "origin": [15, 8, 13]},
			"faces": {
				"north": {"uv": [6, 5, 6.5, 5.5], "texture": "#overlay", "tintindex": 0},
				"east": {"uv": [6, 5, 6.5, 5.5], "texture": "#overlay", "tintindex": 0},
				"south": {"uv": [6, 5, 6.5, 5.5], "texture": "#overlay", "tintindex": 0},
				"west": {"uv": [6, 5, 6.5, 5.5], "texture": "#overlay", "tintindex": 0},
				"up": {"uv": [6, 5, 6.5, 5.5], "texture": "#overlay", "tintindex": 0},
				"down": {"uv": [6, 5, 6.5, 5.5], "texture": "#overlay", "tintindex": 0}
			}
		},
		{
			"from": [6, 0, 5],
			"to": [6.5, 0.5, 5.5],
			"rotation": {"angle": 0, "axis": "y", "origin": [14, 8, 13]},
			"faces": {
				"north": {"uv": [6, 5, 6.5, 5.5], "texture": "#overlay", "tintindex": 0},
				"east": {"uv": [6, 5, 6.5, 5.5], "texture": "#overlay", "tintindex": 0},
				"south": {"uv": [6, 5, 6.5, 5.5], "texture": "#overlay", "tintindex": 0},
				"west": {"uv": [6, 5, 6.5, 5.5], "texture": "#overlay", "tintindex": 0},
				"up": {"uv": [6, 5, 6.5, 5.5], "texture": "#overlay", "tintindex": 0},
				"down": {"uv": [6, 5, 6.5, 5.5], "texture": "#overlay", "tintindex": 0}
			}
		},
		{
			"from": [10, 0, 7],
			"to": [10.5, 0.5, 7.5],
			"rotation": {"angle": 0, "axis": "y", "origin": [18, 8, 15]},
			"faces": {
				"north": {"uv": [6, 5, 6.5, 5.5], "texture": "#overlay", "tintindex": 0},
				"east": {"uv": [6, 5, 6.5, 5.5], "texture": "#overlay", "tintindex": 0},
				"south": {"uv": [6, 5, 6.5, 5.5], "texture": "#overlay", "tintindex": 0},
				"west": {"uv": [6, 5, 6.5, 5.5], "texture": "#overlay", "tintindex": 0},
				"up": {"uv": [6, 5, 6.5, 5.5], "texture": "#overlay", "tintindex": 0},
				"down": {"uv": [6, 5, 6.5, 5.5], "texture": "#overlay", "tintindex": 0}
			}
		},
		{
			"from": [9, 0, 8],
			"to": [9.5, 0.5, 8.5],
			"rotation": {"angle": 0, "axis": "y", "origin": [17, 8, 16]},
			"faces": {
				"north": {"uv": [6, 5, 6.5, 5.5], "texture": "#overlay", "tintindex": 0},
				"east": {"uv": [6, 5, 6.5, 5.5], "texture": "#overlay", "tintindex": 0},
				"south": {"uv": [6, 5, 6.5, 5.5], "texture": "#overlay", "tintindex": 0},
				"west": {"uv": [6, 5, 6.5, 5.5], "texture": "#overlay", "tintindex": 0},
				"up": {"uv": [6, 5, 6.5, 5.5], "texture": "#overlay", "tintindex": 0},
				"down": {"uv": [6, 5, 6.5, 5.5], "texture": "#overlay", "tintindex": 0}
			}
		},
		{
			"from": [10.5, 0, 6.5],
			"to": [11, 0.5, 9.5],
			"rotation": {"angle": 0, "axis": "y", "origin": [18.5, 8, 14.5]},
			"faces": {
				"north": {"uv": [6, 5, 6.5, 5.5], "texture": "#overlay", "tintindex": 0},
				"east": {"uv": [6, 5, 6.5, 5.5], "texture": "#overlay", "tintindex": 0},
				"south": {"uv": [6, 5, 6.5, 5.5], "texture": "#overlay", "tintindex": 0},
				"west": {"uv": [6, 5, 6.5, 5.5], "texture": "#overlay", "tintindex": 0},
				"up": {"uv": [6, 5, 6.5, 5.5], "texture": "#overlay", "tintindex": 0},
				"down": {"uv": [6, 5, 6.5, 5.5], "texture": "#overlay", "tintindex": 0}
			}
		},
		{
			"from": [9, 0, 9],
			"to": [9.5, 0.5, 9.5],
			"rotation": {"angle": 0, "axis": "y", "origin": [17, 8, 17]},
			"faces": {
				"north": {"uv": [6, 5, 6.5, 5.5], "texture": "#overlay", "tintindex": 0},
				"east": {"uv": [6, 5, 6.5, 5.5], "texture": "#overlay", "tintindex": 0},
				"south": {"uv": [6, 5, 6.5, 5.5], "texture": "#overlay", "tintindex": 0},
				"west": {"uv": [6, 5, 6.5, 5.5], "texture": "#overlay", "tintindex": 0},
				"up": {"uv": [6, 5, 6.5, 5.5], "texture": "#overlay", "tintindex": 0},
				"down": {"uv": [6, 5, 6.5, 5.5], "texture": "#overlay", "tintindex": 0}
			}
		},
		{
			"from": [8.5, 0, 10.5],
			"to": [9, 0.5, 11],
			"rotation": {"angle": 0, "axis": "y", "origin": [16.5, 8, 18.5]},
			"faces": {
				"north": {"uv": [6, 5, 6.5, 5.5], "texture": "#overlay", "tintindex": 0},
				"east": {"uv": [6, 5, 6.5, 5.5], "texture": "#overlay", "tintindex": 0},
				"south": {"uv": [6, 5, 6.5, 5.5], "texture": "#overlay", "tintindex": 0},
				"west": {"uv": [6, 5, 6.5, 5.5], "texture": "#overlay", "tintindex": 0},
				"up": {"uv": [6, 5, 6.5, 5.5], "texture": "#overlay", "tintindex": 0},
				"down": {"uv": [6, 5, 6.5, 5.5], "texture": "#overlay", "tintindex": 0}
			}
		},
		{
			"from": [8.5, 0, 8],
			"to": [9, 0.5, 10],
			"rotation": {"angle": 0, "axis": "y", "origin": [16.5, 8, 16]},
			"faces": {
				"north": {"uv": [6, 5, 6.5, 5.5], "texture": "#overlay", "tintindex": 0},
				"east": {"uv": [6, 5, 6.5, 5.5], "texture": "#overlay", "tintindex": 0},
				"south": {"uv": [6, 5, 6.5, 5.5], "texture": "#overlay", "tintindex": 0},
				"west": {"uv": [6, 5, 6.5, 5.5], "texture": "#overlay", "tintindex": 0},
				"up": {"uv": [6, 5, 6.5, 5.5], "texture": "#overlay", "tintindex": 0},
				"down": {"uv": [6, 5, 6.5, 5.5], "texture": "#overlay", "tintindex": 0}
			}
		},
		{
			"from": [6.5, 0, 10.5],
			"to": [7.5, 0.25, 11],
			"rotation": {"angle": 0, "axis": "y", "origin": [14.5, 8, 18.5]},
			"faces": {
				"north": {"uv": [6, 5, 6.5, 5.5], "texture": "#overlay", "tintindex": 0},
				"east": {"uv": [6, 5, 6.5, 5.5], "texture": "#overlay", "tintindex": 0},
				"south": {"uv": [6, 5, 6.5, 5.5], "texture": "#overlay", "tintindex": 0},
				"west": {"uv": [6, 5, 6.5, 5.5], "texture": "#overlay", "tintindex": 0},
				"up": {"uv": [6, 5, 6.5, 5.5], "texture": "#overlay", "tintindex": 0},
				"down": {"uv": [6, 5, 6.5, 5.5], "texture": "#overlay", "tintindex": 0}
			}
		},
		{
			"from": [9.5, 0, 9.5],
			"to": [10.5, 0.5, 10],
			"rotation": {"angle": 0, "axis": "y", "origin": [17.5, 8, 17.5]},
			"faces": {
				"north": {"uv": [6, 5, 6.5, 5.5], "texture": "#overlay", "tintindex": 0},
				"east": {"uv": [6, 5, 6.5, 5.5], "texture": "#overlay", "tintindex": 0},
				"south": {"uv": [6, 5, 6.5, 5.5], "texture": "#overlay", "tintindex": 0},
				"west": {"uv": [6, 5, 6.5, 5.5], "texture": "#overlay", "tintindex": 0},
				"up": {"uv": [6, 5, 6.5, 5.5], "texture": "#overlay", "tintindex": 0},
				"down": {"uv": [6, 5, 6.5, 5.5], "texture": "#overlay", "tintindex": 0}
			}
		},
		{
			"from": [5.5, 0, 6.5],
			"to": [6.5, 0.5, 7],
			"rotation": {"angle": 0, "axis": "y", "origin": [13.5, 8, 14.5]},
			"faces": {
				"north": {"uv": [6, 5, 6.5, 5.5], "texture": "#overlay", "tintindex": 0},
				"east": {"uv": [6, 5, 6.5, 5.5], "texture": "#overlay", "tintindex": 0},
				"south": {"uv": [6, 5, 6.5, 5.5], "texture": "#overlay", "tintindex": 0},
				"west": {"uv": [6, 5, 6.5, 5.5], "texture": "#overlay", "tintindex": 0},
				"up": {"uv": [6, 5, 6.5, 5.5], "texture": "#overlay", "tintindex": 0},
				"down": {"uv": [6, 5, 6.5, 5.5], "texture": "#overlay", "tintindex": 0}
			}
		},
		{
			"from": [9.5, 0, 8.5],
			"to": [10.5, 0.5, 9],
			"rotation": {"angle": 0, "axis": "y", "origin": [17.5, 8, 16.5]},
			"faces": {
				"north": {"uv": [6, 5, 6.5, 5.5], "texture": "#overlay", "tintindex": 0},
				"east": {"uv": [6, 5, 6.5, 5.5], "texture": "#overlay", "tintindex": 0},
				"south": {"uv": [6, 5, 6.5, 5.5], "texture": "#overlay", "tintindex": 0},
				"west": {"uv": [6, 5, 6.5, 5.5], "texture": "#overlay", "tintindex": 0},
				"up": {"uv": [6, 5, 6.5, 5.5], "texture": "#overlay", "tintindex": 0},
				"down": {"uv": [6, 5, 6.5, 5.5], "texture": "#overlay", "tintindex": 0}
			}
		},
		{
			"from": [9, 0, 7.5],
			"to": [10.5, 0.5, 8],
			"rotation": {"angle": 0, "axis": "y", "origin": [17, 8, 15.5]},
			"faces": {
				"north": {"uv": [6, 5, 6.5, 5.5], "texture": "#overlay", "tintindex": 0},
				"east": {"uv": [6, 5, 6.5, 5.5], "texture": "#overlay", "tintindex": 0},
				"south": {"uv": [6, 5, 6.5, 5.5], "texture": "#overlay", "tintindex": 0},
				"west": {"uv": [6, 5, 6.5, 5.5], "texture": "#overlay", "tintindex": 0},
				"up": {"uv": [6, 5, 6.5, 5.5], "texture": "#overlay", "tintindex": 0},
				"down": {"uv": [6, 5, 6.5, 5.5], "texture": "#overlay", "tintindex": 0}
			}
		},
		{
			"from": [7, 0, 8.5],
			"to": [8.5, 0.5, 9],
			"rotation": {"angle": 0, "axis": "y", "origin": [15, 8, 16.5]},
			"faces": {
				"north": {"uv": [6, 5, 6.5, 5.5], "texture": "#overlay", "tintindex": 0},
				"east": {"uv": [6, 5, 6.5, 5.5], "texture": "#overlay", "tintindex": 0},
				"south": {"uv": [6, 5, 6.5, 5.5], "texture": "#overlay", "tintindex": 0},
				"west": {"uv": [6, 5, 6.5, 5.5], "texture": "#overlay", "tintindex": 0},
				"up": {"uv": [6, 5, 6.5, 5.5], "texture": "#overlay", "tintindex": 0},
				"down": {"uv": [6, 5, 6.5, 5.5], "texture": "#overlay", "tintindex": 0}
			}
		},
		{
			"from": [5.5, 0, 7],
			"to": [6.5, 0.5, 7.5],
			"rotation": {"angle": 0, "axis": "y", "origin": [13.5, 8, 15]},
			"faces": {
				"north": {"uv": [6, 5, 6.5, 5.5], "texture": "#overlay", "tintindex": 0},
				"east": {"uv": [6, 5, 6.5, 5.5], "texture": "#overlay", "tintindex": 0},
				"south": {"uv": [6, 5, 6.5, 5.5], "texture": "#overlay", "tintindex": 0},
				"west": {"uv": [6, 5, 6.5, 5.5], "texture": "#overlay", "tintindex": 0},
				"up": {"uv": [6, 5, 6.5, 5.5], "texture": "#overlay", "tintindex": 0},
				"down": {"uv": [6, 5, 6.5, 5.5], "texture": "#overlay", "tintindex": 0}
			}
		},
		{
			"from": [5, 0, 7.5],
			"to": [8.5, 0.5, 8],
			"rotation": {"angle": 0, "axis": "y", "origin": [13, 8, 15.5]},
			"faces": {
				"north": {"uv": [6, 5, 6.5, 5.5], "texture": "#overlay", "tintindex": 0},
				"east": {"uv": [6, 5, 6.5, 5.5], "texture": "#overlay", "tintindex": 0},
				"south": {"uv": [6, 5, 6.5, 5.5], "texture": "#overlay", "tintindex": 0},
				"west": {"uv": [6, 5, 6.5, 5.5], "texture": "#overlay", "tintindex": 0},
				"up": {"uv": [6, 5, 6.5, 5.5], "texture": "#overlay", "tintindex": 0},
				"down": {"uv": [6, 5, 6.5, 5.5], "texture": "#overlay", "tintindex": 0}
			}
		},
		{
			"from": [7, 0, 6.5],
			"to": [9.5, 0.5, 7],
			"rotation": {"angle": 0, "axis": "y", "origin": [15, 8, 14.5]},
			"faces": {
				"north": {"uv": [6, 5, 6.5, 5.5], "texture": "#overlay", "tintindex": 0},
				"east": {"uv": [6, 5, 6.5, 5.5], "texture": "#overlay", "tintindex": 0},
				"south": {"uv": [6, 5, 6.5, 5.5], "texture": "#overlay", "tintindex": 0},
				"west": {"uv": [6, 5, 6.5, 5.5], "texture": "#overlay", "tintindex": 0},
				"up": {"uv": [6, 5, 6.5, 5.5], "texture": "#overlay", "tintindex": 0},
				"down": {"uv": [6, 5, 6.5, 5.5], "texture": "#overlay", "tintindex": 0}
			}
		},
		{
			"from": [7, 0, 7],
			"to": [9, 0.5, 7.5],
			"rotation": {"angle": 0, "axis": "y", "origin": [15, 8, 15]},
			"faces": {
				"north": {"uv": [6, 5, 6.5, 5.5], "texture": "#overlay", "tintindex": 0},
				"east": {"uv": [6, 5, 6.5, 5.5], "texture": "#overlay", "tintindex": 0},
				"south": {"uv": [6, 5, 6.5, 5.5], "texture": "#overlay", "tintindex": 0},
				"west": {"uv": [6, 5, 6.5, 5.5], "texture": "#overlay", "tintindex": 0},
				"up": {"uv": [6, 5, 6.5, 5.5], "texture": "#overlay", "tintindex": 0},
				"down": {"uv": [6, 5, 6.5, 5.5], "texture": "#overlay", "tintindex": 0}
			}
		},
		{
			"from": [8, 0, 5],
			"to": [9.5, 0.5, 5.5],
			"rotation": {"angle": 0, "axis": "y", "origin": [16, 8, 13]},
			"faces": {
				"north": {"uv": [6, 5, 6.5, 5.5], "texture": "#overlay", "tintindex": 0},
				"east": {"uv": [6, 5, 6.5, 5.5], "texture": "#overlay", "tintindex": 0},
				"south": {"uv": [6, 5, 6.5, 5.5], "texture": "#overlay", "tintindex": 0},
				"west": {"uv": [6, 5, 6.5, 5.5], "texture": "#overlay", "tintindex": 0},
				"up": {"uv": [6, 5, 6.5, 5.5], "texture": "#overlay", "tintindex": 0},
				"down": {"uv": [6, 5, 6.5, 5.5], "texture": "#overlay", "tintindex": 0}
			}
		},
		{
			"from": [5.5, 0, 9],
			"to": [7, 0.5, 9.5],
			"rotation": {"angle": 0, "axis": "y", "origin": [13.5, 8, 17]},
			"faces": {
				"north": {"uv": [6, 5, 6.5, 5.5], "texture": "#overlay", "tintindex": 0},
				"east": {"uv": [6, 5, 6.5, 5.5], "texture": "#overlay", "tintindex": 0},
				"south": {"uv": [6, 5, 6.5, 5.5], "texture": "#overlay", "tintindex": 0},
				"west": {"uv": [6, 5, 6.5, 5.5], "texture": "#overlay", "tintindex": 0},
				"up": {"uv": [6, 5, 6.5, 5.5], "texture": "#overlay", "tintindex": 0},
				"down": {"uv": [6, 5, 6.5, 5.5], "texture": "#overlay", "tintindex": 0}
			}
		},
		{
			"from": [5, 0, 8.5],
			"to": [6.5, 0.5, 9],
			"rotation": {"angle": 0, "axis": "y", "origin": [13, 8, 16.5]},
			"faces": {
				"north": {"uv": [6, 5, 6.5, 5.5], "texture": "#overlay", "tintindex": 0},
				"east": {"uv": [6, 5, 6.5, 5.5], "texture": "#overlay", "tintindex": 0},
				"south": {"uv": [6, 5, 6.5, 5.5], "texture": "#overlay", "tintindex": 0},
				"west": {"uv": [6, 5, 6.5, 5.5], "texture": "#overlay", "tintindex": 0},
				"up": {"uv": [6, 5, 6.5, 5.5], "texture": "#overlay", "tintindex": 0},
				"down": {"uv": [6, 5, 6.5, 5.5], "texture": "#overlay", "tintindex": 0}
			}
		},
		{
			"from": [6, 0, 8],
			"to": [8, 0.5, 8.5],
			"rotation": {"angle": 0, "axis": "y", "origin": [14, 8, 16]},
			"faces": {
				"north": {"uv": [6, 5, 6.5, 5.5], "texture": "#overlay", "tintindex": 0},
				"east": {"uv": [6, 5, 6.5, 5.5], "texture": "#overlay", "tintindex": 0},
				"south": {"uv": [6, 5, 6.5, 5.5], "texture": "#overlay", "tintindex": 0},
				"west": {"uv": [6, 5, 6.5, 5.5], "texture": "#overlay", "tintindex": 0},
				"up": {"uv": [6, 5, 6.5, 5.5], "texture": "#overlay", "tintindex": 0},
				"down": {"uv": [6, 5, 6.5, 5.5], "texture": "#overlay", "tintindex": 0}
			}
		},
		{
			"from": [8.5, 0, 5.5],
			"to": [10, 0.5, 6],
			"rotation": {"angle": 0, "axis": "y", "origin": [16.5, 8, 13.5]},
			"faces": {
				"north": {"uv": [6, 5, 6.5, 5.5], "texture": "#overlay", "tintindex": 0},
				"east": {"uv": [6, 5, 6.5, 5.5], "texture": "#overlay", "tintindex": 0},
				"south": {"uv": [6, 5, 6.5, 5.5], "texture": "#overlay", "tintindex": 0},
				"west": {"uv": [6, 5, 6.5, 5.5], "texture": "#overlay", "tintindex": 0},
				"up": {"uv": [6, 5, 6.5, 5.5], "texture": "#overlay", "tintindex": 0},
				"down": {"uv": [6, 5, 6.5, 5.5], "texture": "#overlay", "tintindex": 0}
			}
		},
		{
			"from": [5.5, 0, 5.5],
			"to": [8, 0.5, 6],
			"rotation": {"angle": 0, "axis": "y", "origin": [13.5, 8, 13.5]},
			"faces": {
				"north": {"uv": [6, 5, 6.5, 5.5], "texture": "#overlay", "tintindex": 0},
				"east": {"uv": [6, 5, 6.5, 5.5], "texture": "#overlay", "tintindex": 0},
				"south": {"uv": [6, 5, 6.5, 5.5], "texture": "#overlay", "tintindex": 0},
				"west": {"uv": [6, 5, 6.5, 5.5], "texture": "#overlay", "tintindex": 0},
				"up": {"uv": [6, 5, 6.5, 5.5], "texture": "#overlay", "tintindex": 0},
				"down": {"uv": [6, 5, 6.5, 5.5], "texture": "#overlay", "tintindex": 0}
			}
		},
		{
			"from": [5.5, 0, 6],
			"to": [10.5, 0.5, 6.5],
			"rotation": {"angle": 0, "axis": "y", "origin": [13.5, 8, 14]},
			"faces": {
				"north": {"uv": [6, 5, 6.5, 5.5], "texture": "#overlay", "tintindex": 0},
				"east": {"uv": [6, 5, 6.5, 5.5], "texture": "#overlay", "tintindex": 0},
				"south": {"uv": [6, 5, 6.5, 5.5], "texture": "#overlay", "tintindex": 0},
				"west": {"uv": [6, 5, 6.5, 5.5], "texture": "#overlay", "tintindex": 0},
				"up": {"uv": [6, 5, 6.5, 5.5], "texture": "#overlay", "tintindex": 0},
				"down": {"uv": [6, 5, 6.5, 5.5], "texture": "#overlay", "tintindex": 0}
			}
		},
		{
			"from": [6.5, 0, 10],
			"to": [9.5, 0.5, 10.5],
			"rotation": {"angle": 0, "axis": "y", "origin": [14.5, 8, 18]},
			"faces": {
				"north": {"uv": [6, 5, 6.5, 5.5], "texture": "#overlay", "tintindex": 0},
				"east": {"uv": [6, 5, 6.5, 5.5], "texture": "#overlay", "tintindex": 0},
				"south": {"uv": [6, 5, 6.5, 5.5], "texture": "#overlay", "tintindex": 0},
				"west": {"uv": [6, 5, 6.5, 5.5], "texture": "#overlay", "tintindex": 0},
				"up": {"uv": [6, 5, 6.5, 5.5], "texture": "#overlay", "tintindex": 0},
				"down": {"uv": [6, 5, 6.5, 5.5], "texture": "#overlay", "tintindex": 0}
			}
		}
	],
	"groups": [
		{
			"name": "redstone",
			"origin": [8, 8, 8],
			"children": [0, 1, 2, 3, 4, 5, 6, 7, 8, 9, 10, 11, 12, 13, 14, 15, 16, 17, 18, 19, 20, 21, 22, 23, 24, 25, 26, 27, 28, 29, 30, 31, 32, 33, 34, 35, 36, 37, 38]
		},
		{
			"name": "overlay",
			"origin": [8, 8, 8],
			"children": [39, 40, 41, 42, 43, 44, 45, 46, 47, 48, 49, 50, 51, 52, 53, 54, 55, 56, 57, 58, 59, 60, 61, 62, 63, 64, 65, 66, 67, 68, 69, 70, 71, 72, 73, 74, 75, 76, 77]
		}
	]
}