{
	"credit": "Made with Blockbench by Juknum",
	"textures": {
		"0": "block/twisting_vines_plant",
		"particle": "block/twisting_vines_plant"
	},
	"elements": [
		{
			"from": [7, 0, 4],
			"to": [12, 1.5, 9],
			"rotation": {"angle": 0, "axis": "y", "origin": [9.5, 8, 6.5]},
			"faces": {
				"north": {"uv": [4, 14.5, 9, 16], "texture": "#0"},
				"east": {"uv": [9, 14.5, 4, 16], "texture": "#0"},
				"south": {"uv": [9, 14.5, 4, 16], "texture": "#0"},
				"west": {"uv": [4, 14.5, 9, 16], "texture": "#0"},
				"up": {"uv": [4, 11, 9, 16], "texture": "#0"}
			}
		},
		{
			"from": [7, 1.5, 4.5],
			"to": [11.5, 3, 9],
			"rotation": {"angle": 0, "axis": "y", "origin": [9, 9.5, 7]},
			"faces": {
				"north": {"uv": [4.5, 13, 9, 14.5], "texture": "#0"},
				"east": {"uv": [9, 13, 4.5, 14.5], "texture": "#0"},
				"south": {"uv": [9, 13, 4.5, 14.5], "texture": "#0"},
				"west": {"uv": [4.5, 13, 9, 14.5], "texture": "#0"},
				"up": {"uv": [11, 7, 6.5, 2.5], "texture": "#0"}
			}
		},
		{
			"from": [6.5, 3, 5],
			"to": [11, 4, 9.5],
			"rotation": {"angle": 0, "axis": "y", "origin": [8.5, 11, 7.5]},
			"faces": {
				"north": {"uv": [5, 12, 9.5, 13], "texture": "#0"},
				"east": {"uv": [9.5, 12, 5, 13], "texture": "#0"},
				"south": {"uv": [9.5, 12, 5, 13], "texture": "#0"},
				"west": {"uv": [5, 12, 9.5, 13], "texture": "#0"},
				"up": {"uv": [6.5, 2.5, 11, 7], "texture": "#0"},
				"down": {"uv": [6.5, 2.5, 11, 7], "texture": "#0"}
			}
		},
		{
			"from": [12.5, 3.75, 2.5],
			"to": [13, 4.25, 4],
			"rotation": {"angle": 0, "axis": "y", "origin": [14.5, 11.75, 6]},
			"faces": {
				"north": {"uv": [2.5, 11.5, 3, 12], "texture": "#0"},
				"east": {"uv": [4, 11.5, 2.5, 12], "texture": "#0"},
				"south": {"uv": [2.5, 11.5, 3, 12], "texture": "#0"},
				"west": {"uv": [4, 11.5, 2.5, 12], "texture": "#0"},
				"up": {"uv": [10, 8.5, 9.5, 10], "texture": "#0"},
				"down": {"uv": [5.5, 13.5, 6, 15], "texture": "#0"}
			}
		},
		{
			"from": [10.5, 3.75, 4.5],
			"to": [11, 4.25, 5],
			"rotation": {"angle": 0, "axis": "y", "origin": [12, 12.25, 8]},
			"faces": {
				"north": {"uv": [3, 12, 2.5, 12.5], "texture": "#0"},
				"east": {"uv": [3, 12, 2.5, 12.5], "texture": "#0"},
				"west": {"uv": [3, 12, 2.5, 12.5], "texture": "#0"},
				"down": {"uv": [3, 12, 2.5, 12.5], "texture": "#0"}
			}
		},
		{
			"from": [11, 3.75, 5],
			"to": [11.5, 4.25, 5.5],
			"rotation": {"angle": 0, "axis": "y", "origin": [12.5, 12.25, 8.5]},
			"faces": {
				"north": {"uv": [3, 12, 2.5, 12.5], "texture": "#0"},
				"east": {"uv": [3, 12, 2.5, 12.5], "texture": "#0"},
				"south": {"uv": [3, 12, 2.5, 12.5], "texture": "#0"},
				"down": {"uv": [3, 12, 2.5, 12.5], "texture": "#0"}
			}
		},
		{
			"from": [13, 3.5, 2.5],
			"to": [13.5, 4, 3],
			"rotation": {"angle": 0, "axis": "y", "origin": [14.5, 12, 6]},
			"faces": {
				"north": {"uv": [3, 12, 2.5, 12.5], "texture": "#0"},
				"east": {"uv": [3, 12, 2.5, 12.5], "texture": "#0"},
				"south": {"uv": [3, 12, 2.5, 12.5], "texture": "#0"},
				"west": {"uv": [3, 12, 2.5, 12.5], "texture": "#0"},
				"up": {"uv": [3, 12, 2.5, 12.5], "texture": "#0"},
				"down": {"uv": [3, 12, 2.5, 12.5], "texture": "#0"}
			}
		},
		{
			"from": [13, 3.75, 3],
			"to": [13.5, 4.25, 4],
			"rotation": {"angle": 0, "axis": "y", "origin": [14.5, 12.25, 6.5]},
			"faces": {
				"north": {"uv": [3, 11.5, 2.5, 12], "texture": "#0"},
				"east": {"uv": [3.5, 11.5, 2.5, 12], "texture": "#0"},
				"south": {"uv": [3, 12, 2.5, 12.5], "texture": "#0"},
				"up": {"uv": [8.5, 11, 8, 12], "texture": "#0"},
				"down": {"uv": [8.5, 11, 8, 12], "texture": "#0"}
			}
		},
		{
			"from": [12, 3.75, 2.5],
			"to": [12.5, 4.25, 3.5],
			"rotation": {"angle": 0, "axis": "y", "origin": [13.5, 12.25, 6]},
			"faces": {
				"north": {"uv": [3.5, 11.5, 3, 12], "texture": "#0"},
				"south": {"uv": [3, 12, 2.5, 12.5], "texture": "#0"},
				"west": {"uv": [3, 12, 2.5, 12.5], "texture": "#0"},
				"up": {"uv": [8.5, 11, 8, 12], "texture": "#0"},
				"down": {"uv": [8, 11, 7.5, 12], "texture": "#0"}
			}
		},
		{
			"from": [10.5, 4, 3],
			"to": [12.5, 4.5, 3.5],
			"rotation": {"angle": 0, "axis": "y", "origin": [13.5, 12.5, 6.5]},
			"faces": {
				"north": {"uv": [3, 12, 2.5, 12.5], "texture": "#0"},
				"east": {"uv": [3, 12, 2.5, 12.5], "texture": "#0"},
				"west": {"uv": [3, 12, 2.5, 12.5], "texture": "#0"},
				"up": {"uv": [3, 12, 2.5, 12.5], "texture": "#0"},
				"down": {"uv": [3, 12, 2.5, 12.5], "texture": "#0"}
			}
		},
		{
			"from": [12.5, 4, 3.5],
			"to": [13, 4.5, 5.5],
			"rotation": {"angle": 0, "axis": "y", "origin": [14, 12.5, 7]},
			"faces": {
				"north": {"uv": [3, 12, 2.5, 12.5], "texture": "#0"},
				"east": {"uv": [3, 12, 2.5, 12.5], "texture": "#0"},
				"south": {"uv": [3, 12, 2.5, 12.5], "texture": "#0"},
				"up": {"uv": [3, 12, 2.5, 12.5], "texture": "#0"},
				"down": {"uv": [3, 12, 2.5, 12.5], "texture": "#0"}
			}
		},
		{
			"from": [10, 4, 3.5],
			"to": [12.5, 4.5, 6],
			"rotation": {"angle": 0, "axis": "y", "origin": [12.5, 12, 8]},
			"faces": {
				"north": {"uv": [3, 11, 6, 11.5], "texture": "#0"},
				"east": {"uv": [6, 11, 3, 11.5], "texture": "#0"},
				"south": {"uv": [3, 11, 6, 11.5], "texture": "#0"},
				"west": {"uv": [3, 11, 6, 11.5], "texture": "#0"},
				"up": {"uv": [9, 9, 6.5, 11.5], "texture": "#0"},
				"down": {"uv": [9, 9, 6.5, 11.5], "texture": "#0"}
			}
		},
		{
			"from": [10.5, 4.25, 3.5],
			"to": [12.5, 4.75, 5.5],
			"rotation": {"angle": 0, "axis": "y", "origin": [12.5, 12.25, 8]},
			"faces": {
				"north": {"uv": [3.5, 10.5, 5.5, 11], "texture": "#0"},
				"east": {"uv": [5.5, 10.5, 3.5, 11], "texture": "#0"},
				"south": {"uv": [3.5, 10.5, 5.5, 11], "texture": "#0"},
				"west": {"uv": [3.5, 10.5, 5.5, 11], "texture": "#0"},
				"up": {"uv": [10, 6.5, 8, 8.5], "texture": "#0"}
			}
		},
		{
			"from": [5.5, 4, 5.5],
			"to": [10.5, 5, 10.5],
			"rotation": {"angle": 0, "axis": "y", "origin": [8, 12, 8]},
			"faces": {
				"north": {"uv": [5, 11, 10, 12], "texture": "#0"},
				"east": {"uv": [10, 11, 5, 12], "texture": "#0"},
				"south": {"uv": [10, 11, 5, 12], "texture": "#0"},
				"west": {"uv": [5, 11, 10, 12], "texture": "#0"},
				"up": {"uv": [6, 4, 11, 9], "texture": "#0"},
				"down": {"uv": [5, 11, 10, 16], "texture": "#0"}
			}
		},
		{
			"from": [5.5, 5, 6],
			"to": [10, 5.5, 10.5],
			"rotation": {"angle": 0, "axis": "y", "origin": [8.5, 13, 7.5]},
			"faces": {
				"north": {"uv": [6, 10.5, 10.5, 11], "texture": "#0"},
				"east": {"uv": [10.5, 10.5, 6, 11], "texture": "#0"},
				"south": {"uv": [10.5, 10.5, 6, 11], "texture": "#0"},
				"west": {"uv": [6, 10.5, 10.5, 11], "texture": "#0"},
				"up": {"uv": [11, 2.5, 6.5, 7], "texture": "#0"}
			}
		},
		{
			"from": [5.5, 5.5, 6.5],
			"to": [9.5, 6.5, 10.5],
			"rotation": {"angle": 0, "axis": "y", "origin": [8, 13.5, 8]},
			"faces": {
				"north": {"uv": [6.5, 9.5, 10.5, 10.5], "texture": "#0"},
				"east": {"uv": [10.5, 9.5, 6.5, 10.5], "texture": "#0"},
				"south": {"uv": [10.5, 9.5, 6.5, 10.5], "texture": "#0"},
				"west": {"uv": [6.5, 9.5, 10.5, 10.5], "texture": "#0"}
			}
		},
		{
			"from": [5, 6.5, 6.5],
			"to": [9.5, 7, 11],
			"rotation": {"angle": 0, "axis": "y", "origin": [8, 14.5, 8]},
			"faces": {
				"north": {"uv": [6.5, 9, 11, 9.5], "texture": "#0"},
				"east": {"uv": [11, 9, 6.5, 9.5], "texture": "#0"},
				"south": {"uv": [11, 9, 6.5, 9.5], "texture": "#0"},
				"west": {"uv": [6.5, 9, 11, 9.5], "texture": "#0"},
				"up": {"uv": [11, 2.5, 6.5, 7], "texture": "#0"},
				"down": {"uv": [6.5, 2.5, 11, 7], "texture": "#0"}
			}
		},
		{
			"from": [5, 7, 7],
			"to": [9, 8, 11],
			"rotation": {"angle": 0, "axis": "y", "origin": [8, 15, 8]},
			"faces": {
				"north": {"uv": [7, 8, 11, 9], "texture": "#0"},
				"east": {"uv": [11, 8, 7, 9], "texture": "#0"},
				"south": {"uv": [11, 8, 7, 9], "texture": "#0"},
				"west": {"uv": [7, 8, 11, 9], "texture": "#0"}
			}
		},
		{
			"from": [4.5, 8, 7],
			"to": [9, 9, 11.5],
			"rotation": {"angle": 0, "axis": "y", "origin": [8, 16, 8]},
			"faces": {
				"north": {"uv": [7, 7, 11.5, 8], "texture": "#0"},
				"east": {"uv": [11.5, 7, 7, 8], "texture": "#0"},
				"south": {"uv": [11.5, 7, 7, 8], "texture": "#0"},
				"west": {"uv": [7, 7, 11.5, 8], "texture": "#0"},
				"down": {"uv": [6.5, 2.5, 11, 7], "texture": "#0"}
			}
		},
		{
			"from": [4.5, 9, 6.5],
			"to": [9.5, 10.5, 11.5],
			"rotation": {"angle": 0, "axis": "y", "origin": [8.5, 17, 7.5]},
			"faces": {
				"north": {"uv": [6.5, 5.5, 11.5, 7], "texture": "#0"},
				"east": {"uv": [11.5, 5.5, 6.5, 7], "texture": "#0"},
				"south": {"uv": [11.5, 5.5, 6.5, 7], "texture": "#0"},
				"west": {"uv": [6.5, 5.5, 11.5, 7], "texture": "#0"},
				"up": {"uv": [6, 0.5, 11, 5.5], "texture": "#0"},
				"down": {"uv": [11.5, 2, 6.5, 7], "texture": "#0"}
			}
		},
		{
			"from": [5, 10.5, 6],
			"to": [10, 11.5, 11],
			"rotation": {"angle": 0, "axis": "y", "origin": [9, 18.5, 7]},
			"faces": {
				"north": {"uv": [6, 4.5, 11, 5.5], "texture": "#0"},
				"east": {"uv": [11, 4.5, 6, 5.5], "texture": "#0"},
				"south": {"uv": [11, 4.5, 6, 5.5], "texture": "#0"},
				"west": {"uv": [6, 4.5, 11, 5.5], "texture": "#0"},
				"up": {"uv": [6, 0, 11, 5], "texture": "#0"},
				"down": {"uv": [11, 0.5, 6, 5.5], "texture": "#0"}
			}
		},
		{
			"from": [5.5, 11.5, 5.5],
			"to": [10.5, 13, 10.5],
			"rotation": {"angle": 0, "axis": "y", "origin": [9, 19.5, 7]},
			"faces": {
				"north": {"uv": [5.5, 3, 10.5, 4.5], "texture": "#0"},
				"east": {"uv": [10.5, 3, 5.5, 4.5], "texture": "#0"},
				"south": {"uv": [10.5, 3, 5.5, 4.5], "texture": "#0"},
				"west": {"uv": [5.5, 3, 10.5, 4.5], "texture": "#0"},
				"up": {"uv": [6.5, 2, 11.5, 7], "texture": "#0"},
				"down": {"uv": [11.5, 2, 6.5, 7], "texture": "#0"}
			}
		},
		{
			"from": [6, 13, 5],
			"to": [11, 13.5, 10],
			"rotation": {"angle": 0, "axis": "y", "origin": [9.5, 21, 6.5]},
			"faces": {
				"north": {"uv": [5, 2.5, 10, 3], "texture": "#0"},
				"east": {"uv": [10, 2.5, 5, 3], "texture": "#0"},
				"south": {"uv": [10, 2.5, 5, 3], "texture": "#0"},
				"west": {"uv": [5, 2.5, 10, 3], "texture": "#0"},
				"up": {"uv": [6.5, 2, 11.5, 7], "texture": "#0"},
				"down": {"uv": [11, 0.5, 6, 5.5], "texture": "#0"}
			}
		},
		{
			"from": [6.5, 13.5, 5],
			"to": [11, 14, 9.5],
			"rotation": {"angle": 0, "axis": "y", "origin": [9.5, 21.5, 6.5]},
			"faces": {
				"north": {"uv": [5, 2, 9.5, 2.5], "texture": "#0"},
				"east": {"uv": [9.5, 2, 5, 2.5], "texture": "#0"},
				"south": {"uv": [9.5, 2, 5, 2.5], "texture": "#0"},
				"west": {"uv": [5, 2, 9.5, 2.5], "texture": "#0"},
				"up": {"uv": [6.5, 2.5, 11, 7], "texture": "#0"}
			}
		},
		{
			"from": [7, 15, 4],
			"to": [12, 16, 9],
			"rotation": {"angle": 0, "axis": "y", "origin": [10, 23, 6]},
			"faces": {
				"north": {"uv": [4, 0, 9, 1], "texture": "#0"},
				"east": {"uv": [9, 0, 4, 1], "texture": "#0"},
				"south": {"uv": [9, 0, 4, 1], "texture": "#0"},
				"west": {"uv": [4, 0, 9, 1], "texture": "#0"},
				"down": {"uv": [11, 0.5, 6, 5.5], "texture": "#0"}
			}
		},
		{
			"from": [7, 14, 4.5],
			"to": [11.5, 15, 9],
			"rotation": {"angle": 0, "axis": "y", "origin": [10, 22, 6]},
			"faces": {
				"north": {"uv": [4.5, 1, 9, 2], "texture": "#0"},
				"east": {"uv": [9, 1, 4.5, 2], "texture": "#0"},
				"south": {"uv": [9, 1, 4.5, 2], "texture": "#0"},
				"west": {"uv": [4.5, 1, 9, 2], "texture": "#0"},
				"down": {"uv": [11, 1, 6.5, 5.5], "texture": "#0"}
			}
		},
		{
			"from": [4, 12, 9.5],
			"to": [6.5, 12.5, 12],
			"rotation": {"angle": 0, "axis": "y", "origin": [9, 4.5, 12]},
			"faces": {
				"north": {"uv": [3, 11, 6, 11.5], "rotation": 180, "texture": "#0"},
				"east": {"uv": [3, 11, 6, 11.5], "rotation": 180, "texture": "#0"},
				"south": {"uv": [6, 11, 3, 11.5], "rotation": 180, "texture": "#0"},
				"west": {"uv": [3, 11, 6, 11.5], "rotation": 180, "texture": "#0"},
				"up": {"uv": [8, 0, 5.5, 2.5], "rotation": 90, "texture": "#0"},
				"down": {"uv": [9, 9, 6.5, 11.5], "rotation": 270, "texture": "#0"}
			}
		},
		{
			"from": [5, 12.25, 10],
			"to": [5.5, 12.75, 10.5],
			"rotation": {"angle": 0, "axis": "y", "origin": [9, 4.25, 12]},
			"faces": {
				"north": {"uv": [9.5, 2, 9, 2.5], "rotation": 90, "texture": "#0"},
				"east": {"uv": [9.5, 2, 9, 2.5], "rotation": 90, "texture": "#0"},
				"south": {"uv": [9.5, 2, 9, 2.5], "rotation": 90, "texture": "#0"},
				"west": {"uv": [9.5, 2, 9, 2.5], "rotation": 90, "texture": "#0"},
				"up": {"uv": [9.5, 2, 9, 2.5], "rotation": 90, "texture": "#0"},
				"down": {"uv": [9.5, 2, 9, 2.5], "rotation": 90, "texture": "#0"}
			}
		},
		{
			"from": [5.5, 12.25, 10.5],
			"to": [6, 12.75, 11],
			"rotation": {"angle": 0, "axis": "y", "origin": [9, 4.25, 12]},
			"faces": {
				"north": {"uv": [9.5, 2, 9, 2.5], "rotation": 90, "texture": "#0"},
				"east": {"uv": [9.5, 2, 9, 2.5], "rotation": 90, "texture": "#0"},
				"south": {"uv": [9.5, 2, 9, 2.5], "rotation": 90, "texture": "#0"},
				"west": {"uv": [9.5, 2, 9, 2.5], "rotation": 90, "texture": "#0"},
				"up": {"uv": [9.5, 2, 9, 2.5], "rotation": 90, "texture": "#0"},
				"down": {"uv": [9.5, 2, 9, 2.5], "rotation": 90, "texture": "#0"}
			}
		},
		{
			"from": [3.5, 12, 10],
			"to": [4, 12.5, 12],
			"rotation": {"angle": 0, "axis": "y", "origin": [9, 4.5, 12]},
			"faces": {
				"north": {"uv": [3, 12, 2.5, 12.5], "rotation": 180, "texture": "#0"},
				"south": {"uv": [3, 12, 2.5, 12.5], "rotation": 180, "texture": "#0"},
				"west": {"uv": [3, 12, 2.5, 12.5], "rotation": 180, "texture": "#0"},
				"up": {"uv": [3, 12, 2.5, 12.5], "rotation": 90, "texture": "#0"},
				"down": {"uv": [3, 12, 2.5, 12.5], "rotation": 270, "texture": "#0"}
			}
		},
		{
			"from": [3, 12.25, 11.5],
			"to": [4, 12.75, 12],
			"rotation": {"angle": 0, "axis": "y", "origin": [9, 4.25, 12]},
			"faces": {
				"north": {"uv": [3, 12, 2.5, 12.5], "rotation": 180, "texture": "#0"},
				"east": {"uv": [3, 12, 2.5, 12.5], "rotation": 180, "texture": "#0"},
				"west": {"uv": [3.5, 11.5, 3, 12], "rotation": 180, "texture": "#0"},
				"up": {"uv": [8, 11, 7.5, 12], "rotation": 90, "texture": "#0"},
				"down": {"uv": [8.5, 11, 8, 12], "rotation": 270, "texture": "#0"}
			}
		},
		{
			"from": [3, 12.25, 12],
			"to": [4.5, 12.75, 12.5],
			"rotation": {"angle": 0, "axis": "y", "origin": [9, 4.25, 12]},
			"faces": {
				"north": {"uv": [4, 11.5, 2.5, 12], "rotation": 180, "texture": "#0"},
				"east": {"uv": [2.5, 11.5, 3, 12], "rotation": 180, "texture": "#0"},
				"south": {"uv": [4, 11.5, 2.5, 12], "rotation": 180, "texture": "#0"},
				"west": {"uv": [2.5, 11.5, 3, 12], "rotation": 180, "texture": "#0"},
				"up": {"uv": [5.5, 13.5, 6, 15], "rotation": 90, "texture": "#0"},
				"down": {"uv": [10, 8.5, 9.5, 10], "rotation": 270, "texture": "#0"}
			}
		},
		{
			"from": [3, 12.5, 12.5],
			"to": [3.5, 13, 13],
			"rotation": {"angle": 0, "axis": "y", "origin": [9, 4, 12]},
			"faces": {
				"north": {"uv": [3, 12, 2.5, 12.5], "rotation": 180, "texture": "#0"},
				"east": {"uv": [3, 12, 2.5, 12.5], "rotation": 180, "texture": "#0"},
				"south": {"uv": [3, 12, 2.5, 12.5], "rotation": 180, "texture": "#0"},
				"west": {"uv": [3, 12, 2.5, 12.5], "rotation": 180, "texture": "#0"},
				"up": {"uv": [3, 12, 2.5, 12.5], "rotation": 90, "texture": "#0"},
				"down": {"uv": [3, 12, 2.5, 12.5], "rotation": 270, "texture": "#0"}
			}
		},
		{
			"from": [3.5, 12.25, 12.5],
			"to": [4.5, 12.75, 13],
			"rotation": {"angle": 0, "axis": "y", "origin": [9, 4.25, 12]},
			"faces": {
				"east": {"uv": [3, 12, 2.5, 12.5], "rotation": 180, "texture": "#0"},
				"south": {"uv": [3.5, 11.5, 2.5, 12], "rotation": 180, "texture": "#0"},
				"west": {"uv": [3, 11.5, 2.5, 12], "rotation": 180, "texture": "#0"},
				"up": {"uv": [8.5, 11, 8, 12], "rotation": 90, "texture": "#0"},
				"down": {"uv": [8.5, 11, 8, 12], "rotation": 270, "texture": "#0"}
			}
		},
		{
			"from": [4, 12, 12],
			"to": [6, 12.5, 12.5],
			"rotation": {"angle": 0, "axis": "y", "origin": [9, 4.5, 12]},
			"faces": {
				"east": {"uv": [3, 12, 2.5, 12.5], "rotation": 180, "texture": "#0"},
				"south": {"uv": [3, 12, 2.5, 12.5], "rotation": 180, "texture": "#0"},
				"west": {"uv": [3, 12, 2.5, 12.5], "rotation": 180, "texture": "#0"},
				"up": {"uv": [3, 12, 2.5, 12.5], "rotation": 90, "texture": "#0"},
				"down": {"uv": [3, 12, 2.5, 12.5], "rotation": 270, "texture": "#0"}
			}
		},
		{
			"from": [4, 11.75, 10],
			"to": [6, 12.25, 12],
			"rotation": {"angle": 0, "axis": "y", "origin": [9, 4.75, 12]},
			"faces": {
				"north": {"uv": [3.5, 10.5, 5.5, 11], "rotation": 180, "texture": "#0"},
				"east": {"uv": [3.5, 10.5, 5.5, 11], "rotation": 180, "texture": "#0"},
				"south": {"uv": [5.5, 10.5, 3.5, 11], "rotation": 180, "texture": "#0"},
				"west": {"uv": [3.5, 10.5, 5.5, 11], "rotation": 180, "texture": "#0"},
				"down": {"uv": [8.5, 0, 6.5, 2], "rotation": 270, "texture": "#0"}
			}
		}
	],
	"groups": [0, 1, 2, 3, 4, 5, 6, 7, 8, 9, 10, 11, 12, 13, 14, 15, 16, 17, 18, 19, 20, 21, 22, 23, 24, 25,
		{
			"name": "top leaf",
			"origin": [5.5, 1, 13.5],
			"children": [26, 27, 28, 29, 30, 31, 32, 33, 34, 35]
		}
	]
}