{
    "ambientocclusion": false,
    "textures": {
        "particle": "block/flower_pot11",
        "flowerpot": "block/flower_pot11",
        "stick": "block/oak_log",
        "stick_top": "block/oak_log_top",
        "stand": "block/oak_planks",
        "vines": "block/weeping_vines_plant",
        "dirt": "block/dirt",
		"3d": "block/flower_pot11_3d"
    },
    "elements": [
		{
			"name": "Element",
			"from": [6, 4, 6],
			"to": [10, 4, 10],
			"rotation": {"angle": 0, "axis": "y", "origin": [8, 4, 8]},
			"faces": {
				"up": {"uv": [6, 6, 10, 10], "texture": "#dirt"}
			}
		},
		{
			"from": [5.25, 5, 5.25],
			"to": [10.75, 5.875, 10.75],
			"rotation": {"angle": 0, "axis": "y", "origin": [8, 5.5, 8]},
			"faces": {
				"north": {"uv": [5, 10, 11, 11], "texture": "#flowerpot"},
				"east": {"uv": [11, 10, 5, 11], "texture": "#flowerpot"},
				"south": {"uv": [5, 10, 11, 11], "texture": "#flowerpot"},
				"west": {"uv": [11, 10, 5, 11], "texture": "#flowerpot"},
				"up": {"uv": [5, 5, 11, 11], "texture": "#flowerpot"},
				"down": {"uv": [5, 5, 11, 11], "texture": "#flowerpot"}
			}
		},
		{
			"from": [6.125, 5.875, 6.125],
			"to": [9.875, 4, 9.875],
			"rotation": {"angle": 0, "axis": "y", "origin": [8, 4.875, 8]},
			"faces": {
				"north": {"uv": [11, 12, 7, 10], "texture": "#flowerpot"},
				"east": {"uv": [7, 12, 11, 10], "texture": "#flowerpot"},
				"south": {"uv": [11, 12, 7, 10], "texture": "#flowerpot"},
				"west": {"uv": [7, 12, 11, 10], "texture": "#flowerpot"}
			}
		},
		{
			"from": [5.625, 0, 5.625],
			"to": [10.375, 5, 10.375],
			"rotation": {"angle": 0, "axis": "y", "origin": [8, 2.5, 8]},
			"faces": {
				"north": {"uv": [5, 11, 10, 16], "texture": "#flowerpot"},
				"east": {"uv": [5, 11, 10, 16], "texture": "#flowerpot"},
				"south": {"uv": [5, 11, 10, 16], "texture": "#flowerpot"},
				"west": {"uv": [5, 11, 10, 16], "texture": "#flowerpot"}
			}
		},
		{
			"from": [4.5, 0, 4.5],
			"to": [11.5, 6, 11.5],
			"rotation": {"angle": -45, "axis": "y", "origin": [8, 1, 8]},
			"faces": {
				"north": {"uv": [0, 10, 7, 16], "texture": "#3d", "cullface": "down"},
				"east": {"uv": [0, 10, 7, 16], "texture": "#3d", "cullface": "down"},
				"south": {"uv": [0, 10, 7, 16], "texture": "#3d", "cullface": "down"},
				"west": {"uv": [0, 10, 7, 16], "texture": "#3d", "cullface": "down"},
				"up": {"uv": [1, 1, 8, 8], "texture": "#dirt", "cullface": "down"},
				"down": {"uv": [0, 0, 7, 7], "texture": "#3d", "cullface": "down"}
			}
		},
		{
			"from": [4, 4.875, 4],
			"to": [12, 6.875, 12],
			"rotation": {"angle": -45, "axis": "y", "origin": [8, 5.375, 8]},
			"faces": {
				"north": {"uv": [16, 8, 8, 10], "texture": "#3d", "cullface": "down"},
				"east": {"uv": [8, 8, 16, 10], "texture": "#3d", "cullface": "down"},
				"south": {"uv": [16, 8, 8, 10], "texture": "#3d", "cullface": "down"},
				"west": {"uv": [8, 8, 16, 10], "texture": "#3d", "cullface": "down"},
				"up": {"uv": [8, 0, 16, 8], "texture": "#3d", "cullface": "down"},
				"down": {"uv": [8, 0, 16, 8], "texture": "#3d", "cullface": "down"}
			}
		},
		{
			"from": [5, 6.875, 5],
			"to": [11, 5.875, 11],
			"rotation": {"angle": -45, "axis": "y", "origin": [8, 5.375, 8]},
			"faces": {
				"north": {"uv": [9, 7, 15, 8], "texture": "#3d", "cullface": "down"},
				"east": {"uv": [15, 7, 9, 8], "texture": "#3d", "cullface": "down"},
				"south": {"uv": [9, 7, 15, 8], "texture": "#3d", "cullface": "down"},
				"west": {"uv": [15, 7, 9, 8], "texture": "#3d", "cullface": "down"},
				"up": {"uv": [8, 0, 16, 8], "texture": "#3d", "cullface": "down"},
				"down": {"uv": [8, 0, 16, 8], "texture": "#3d", "cullface": "down"}
			}
		},
        {   "from": [ 7, 4, 7 ],
            "to": [ 9, 16, 9 ],
            "faces": {
                "up":    { "uv": [ 7, 7, 9, 9 ], "texture": "#stick_top", "cullface": "up" },
                "north": { "uv": [ 7, 0, 9, 12 ], "texture": "#stick" },
                "south": { "uv": [ 7, 0, 9, 12 ], "texture": "#stick" },
                "west":  { "uv": [ 7, 0, 9, 12 ], "texture": "#stick" },
                "east":  { "uv": [ 7, 0, 9, 12 ], "texture": "#stick" }
            }
        },
        {   "from": [ 0, 15, 8 ],
            "to": [ 8, 16, 8 ],
			"shade": false,
            "faces": {
                "north": { "uv": [ 8, 0, 16, 1 ], "texture": "#stand" },
                "south": { "uv": [ 16, 0, 8, 1 ], "texture": "#stand" }
            }
        },
        {   "from": [ 8, 15, 8 ],
            "to": [ 16, 16, 8 ],
			"shade": false,
            "faces": {
                "north": { "uv": [ 8, 0, 0, 1 ], "texture": "#stand" },
                "south": { "uv": [ 0, 0, 8, 1 ], "texture": "#stand" }
            }
        },
        {   "from": [ 8, 15, 0 ],
            "to": [ 8, 16, 8 ],
			"shade": false,
            "faces": {
                "west": { "uv": [ 8, 0, 0, 1 ], "texture": "#stand" },
                "east": { "uv": [ 0, 0, 8, 1 ], "texture": "#stand" }
            }
        },
        {   "from": [ 8, 15, 8 ],
            "to":   [ 8, 16, 16 ],
			"shade": false,
            "faces": {
                "west": { "uv": [ 8, 0, 16, 1 ], "texture": "#stand" },
                "east": { "uv": [ 16, 0, 8, 1 ], "texture": "#stand" }
            }
        },
        {   "from": [ 6.95, 4,     6.95 ],
            "to":   [ 9.05, 16.05, 9.05 ],
            "faces": {
                "up":    { "uv": [ 7, 7, 9, 9  ], "texture": "#vines", "cullface": "up" },
                "north": { "uv": [ 7, 0, 9, 12 ], "texture": "#vines" },
                "south": { "uv": [ 7, 0, 9, 12 ], "texture": "#vines" },
                "west":  { "uv": [ 7, 0, 9, 12 ], "texture": "#vines" },
                "east":  { "uv": [ 7, 0, 9, 12 ], "texture": "#vines" }
            }
        },
        {   "from": [ 7.9, 16,    0 ],
            "to":   [ 8.1, 16.07, 16 ],
            "faces": {
                "up": { "uv": [ 6.9, 6.9, 7.1, 7.1 ], "texture": "#vines", "cullface": "up" }
            }
        },
        {   "from": [ 0,  16,    7.9 ],
            "to":   [ 16, 16.07, 8.1 ],
            "faces": {
                "up": { "uv": [ 6.9, 6.9, 7.1, 7.1 ], "texture": "#vines", "cullface": "up" }
            }
        },
        {   "from": [ 7.9, 7, 0 ],
            "to": [ 7.9, 16, 16 ],
			"shade": false,
            "faces": {
                "west": { "uv": [ 0, 0, 16, 9 ], "texture": "#vines" },
                "east": { "uv": [ 16, 0, 0, 9 ], "texture": "#vines" }
            }
        },
        {   "from": [ 8.1, 7, 0 ],
            "to": [ 8.1, 16, 16 ],
			"shade": false,
            "faces": {
                "west": { "uv": [ 0, 0, 16, 9 ], "texture": "#vines" },
                "east": { "uv": [ 16, 0, 0, 9 ], "texture": "#vines" }
            }
        },
        {   "from": [ 0, 7, 7.9 ],
            "to": [ 16, 16, 7.9 ],
			"shade": false,
            "faces": {
                "north": { "uv": [ 0, 0, 16, 9 ], "texture": "#vines" },
                "south": { "uv": [ 16, 0, 0, 9 ], "texture": "#vines" }
            }
        },
        {   "from": [ 0, 7, 8.1 ],
            "to": [ 16, 16, 8.1 ],
			"shade": false,
            "faces": {
                "north": { "uv": [ 0, 0, 16, 9 ], "texture": "#vines" },
                "south": { "uv": [ 16, 0, 0, 9 ], "texture": "#vines" }
            }
        }
    ]
}
