{
  "name": "炼金矩阵基础知识",
  "icon": "bloodmagic:arcaneashes",
  "category": "alchemyarray",
  "pages": [
    {
      "type": "text",
      "text": "$(item)奥术粉灰$()是创造炼金矩阵的关键物品。使用一些早期游戏的物品，你可以在$(l:demonwill/soulforge)狱火熔炉$(/l)中制作出$(item)奥术粉灰$()。你可以在 JEI 中找到这些配方。"
    },
    {
   	  "type": "text",
   	  "text": "想要创造出炼金矩阵，使用$(item)奥术粉灰$()右击地面（所有坚硬方块的表面均可）—— 这会扣除 1 点的 $(item)奥术粉灰$()耐久，并绘制出一个炼金矩阵。然而，炼金矩阵本身并无太大用处。$(bl2)当你手持物品右键炼金矩阵时，矩阵会消耗你手中的一个物品，并将其放置到矩阵当中。被置入的物品决定了炼金矩阵的效果。"
   	},
   	{
   	  "type": "image",
   	  "images": [
   	  	"bloodmagic:images/entries/alchemyarray/simple_array.png",
   	  	"bloodmagic:images/entries/alchemyarray/divination_array_1.png",
   	  	"bloodmagic:images/entries/alchemyarray/divination_array_2.png"
   	  ],
   	  "title": "炼金矩阵",
   	  "border": true,
   	  "text": "炼金矩阵不同的状态：未输入；仅有基底物；兼具基底物以及催化剂。"
   	},
   	{
   	  "type": "text",
   	  "text": "每种效果都要求矩阵中包含有两种物品：基底物和催化剂。在绘制了炼金矩阵之后，你第一个置入的物品便是基底物，第二个置入的便是催化剂。当你向其中置入物品后，若该物品有效，则炼金矩阵的外观会发生改变。一旦你再向其中加入催化剂，那么矩阵便会开始运作。$(br2)尽管目前只有寥寥几个仪式已经完善，但在模组完全完善后，你将可以进行众多的仪式，下则有简单的$(l:bloodmagic:alchemy_array/crafting_array)合成矩阵$(/l)，上则甚有传送矩阵，应有尽有。"
   	}
  ]
}