{
  "name": "Alchemical Reaction Chamber",
  "icon": "bloodmagic:alchemicalreactionchamber",
  "category": "bloodmagic:utility",
  "extra_recipe_mappings":[
    ["bloodmagic:sanguinereverter", 2],
    ["bloodmagic:weakbloodshard", 3],
    ["bloodmagic:explosivepowder", 6],
    ["bloodmagic:ironfragment", 7],
    ["bloodmagic:goldfragment", 7],
    ["bloodmagic:fragment_netherite_scrap", 7],
    ["bloodmagic:irongravel", 9],
    ["bloodmagic:goldgravel", 9],
    ["bloodmagic:gravel_netherite_scrap", 9],
    ["bloodmagic:ironsand", 7],
    ["bloodmagic:goldsand", 7],
    ["bloodmagic:sand_netherite", 7],
    ["bloodmagic:sulfur", 7],
    ["bloodmagic:primitive_crystalline_resonator", 8],
    ["bloodmagic:basiccuttingfluid", 10]
  ],
  "pages": [
     {
      "type": "text",
      "text": "The $(item)Alchemical Reaction Chamber$() isn't fully implemented yet, but among other things it can function as a furnace, offers a form of ore-tripling, revert Blood Orbs, and is currently the only way to get $(item)Weak Blood Shards$(), specifically from an $(l:bloodmagic:altar/slates)Imbued Slate$()."
    },
    {
      "type": "crafting",
      "recipe": "bloodmagic:arc"
    },
    {
      "type": "crafting_soulforge",
      "heading": "Sanguine Reverter",
      "recipe": "bloodmagic:soulforge/sanguine_reverter",
	  "anchor": "blood_shard",
      "text": "The Sanguine Reverter is used to create Weak Blood Shards, and revert Blood Orbs to their input crafting item."
    },
    {
      "type": "3x_crafting_arc",
      "a.heading": "Weak Blood Shard",
      "a.recipe": "bloodmagic:arc/weakbloodshard",
      "b.heading": "Revert Weak Blood Orb",
      "b.recipe": "bloodmagic:arc/reversion/weak_blood_orb",
      "c.heading": "Revert Apprentice Blood Orb",
      "c.recipe": "bloodmagic:arc/reversion/apprentice_blood_orb"
    },
    {
      "type": "2x_crafting_arc",
      "a.heading": "Revert Magician Blood Orb",
      "a.recipe": "bloodmagic:arc/reversion/magician_blood_orb",
      "b.heading": "Revert Master Blood Orb",
      "b.recipe": "bloodmagic:arc/reversion/master_blood_orb",
      "b.text": "Turn the page for more uses of the ARC."
    },
    {
      "type": "empty"
    },
    {
      "type": "crafting_alchemy_table",
      "heading": "Explosive Powder",
	  "anchor": "ore_processing",
      "recipe": "bloodmagic:alchemytable/explosive_powder",
      "text": "Explosive Powder in the ARC is used to turn Ores into Ore Fragments for 3x Ore Processing, or turn Ingots into their Sand variant.  It can also turn Netherrack into Sulfur and 5mb of Lava."
    },
    {
      "type": "3x_crafting_arc",
      "a.heading": "Ore to 3 Ore Fragments",
      "a.recipe": "bloodmagic:arc/fragmentsiron",
      "b.heading": "Ingot to Metal Sand",
      "b.recipe": "bloodmagic:arc/dustsfrom_ingot_iron",
      "c.heading": "Sulfur and Lava",
      "c.recipe": "bloodmagic:arc/netherrack_to_sulfer",
      "c.fluid_output": "minecraft:lava_bucket"
    },
    {
      "type": "crafting_soulforge",
      "heading": "Resonator",
      "recipe": "bloodmagic:soulforge/primitive_crystalline_resonator",
      "text": "The Resonator is used to turn Ore Fragments into the relevant Gravel for continued ore processing, and creates some tiny dusts that are NYI."
    },
    {
      "type": "crafting_arc",
      "heading": "Ore Fragment to Metal Gravel",
      "recipe": "bloodmagic:arc/gravelsiron"
    },
    {
      "type": "crafting_alchemy_table",
      "heading": "Basic Cutting Fluid",
      "recipe": "bloodmagic:alchemytable/basic_cutting_fluid",
      "text": "Cutting Fluid turns a metal's Gravel into that metal's Sand for continued 3x ore processing.  It can also turn an ore directly into two metal Sand for 2x Ore Processing.  The same 2x Ore Processing is possible in the Alchemy Table, but doing it in the ARC will save you some LP."
    },
    {
      "type": "2x_crafting_arc",
      "a.heading": "Metal Gravel to Metal Sand",
      "a.recipe": "bloodmagic:arc/dustsfrom_gravel_iron",
      "b.heading": "Ore to 2 Metal Sand",
      "b.recipe": "bloodmagic:arc/dustsfrom_ore_iron"
    },
    {
      "type": "crafting",
      "heading": "Fuel Cell (Furnace)",
      "recipe": "bloodmagic:primitive_furnace_cell",
      "text": "The ARC also functions as a Furnace, but the only fuel sources it accepts is the $(item)Primitive Fuel Cell$() or $(l:bloodmagic:utility/lava_crystal)Lava Crystal$(/l)."
    },
    {
      "type": "text",
      "text": "The Primitive Fuel Cell is good for 128 individual uses. That's more than the Block of Coal used to craft it (60 items), and since it only loses durability when the crafting is finished it will not wase fuel."
    },
    {
      "type": "crafting",
      "heading": "Hydration Cell",
      "recipe": "bloodmagic:primitive_hydration_cell",
      "text": "The Hydration Cell is used to make Clay, the Cornerstone of Balance."
    },
    {
      "type": "2x_crafting_arc",
      "a.heading": "Clay from Sand",
      "a.recipe": "bloodmagic:arc/clay_from_sand",
      "a.fluid_input": "minecraft:water_bucket",
      "b.heading": "Clay from Terracotta",
      "b.recipe": "bloodmagic:arc/clay_from_terracotta",
      "b.fluid_input": "minecraft:water_bucket"
    }
  ]
}
