{
  "name": "Ritual of the Full Spring",
  "icon": "minecraft:water_bucket",
  "category": "bloodmagic:rituals/ritual_list",
  "pages": [
    {
      "type": "multiblock",
      "name": "Ritual of the Full Spring",
      "multiblock":{
        "pattern":[
          ["W_W",
           "_0_",
           "W_W"]
        ],
        "mapping":{
          "0": "bloodmagic:masterritualstone",
          "W": "bloodmagic:waterritualstone"
        },
        "symetrical": true
      },
      "text": "Use a $(l:bloodmagic:rituals/ritual_diviner)Ritual Diviner$(/l) for easier construction."
    },
    {
      "type": "text",
      "text": "Generates a source of water from the master ritual stone.$(br2)$(water)Water Runes: 4$()$(br2)Total Runes: 4" 
    },
    {
      "type": "spotlight",
      "item": "bloodmagic:defaultcrystal",
      "title": "Raw",
      "text": "allows the water to be directly placed into a Tank or other fluid-handling block."
    },
    {
      "type": "spotlight",
      "item": "bloodmagic:ritualtinkerer",
      "title": "Range",
      "text": "(Water) The area within which the Ritual will place Source Blocks. $(br2)$(li)Maximum Volume: 9 $(li)Horizontal Radius: 3 $(li)Vertical Radius: 3 "
    }
  ]
}
