{
	"credit": "Made with Blockbench",
	"parent": "block/block",
	"textures": {
		"4": "create:block/bearing_top",
		"5": "create:block/mechanical_bearing_side",
		"clutch_off": "create:block/clutch_off",
		"rail": "create:block/controller_rail_3d",
		"wood": "block/oak_planks",
		"tint": "create:block/controller_rail_tint_off",
		"translation_chassis_side": "create:block/cart_assembler_side",
		"particle": "create:block/cart_assembler_side"
	},
	"elements": [
		{
			"name": "Box2",
			"from": [3, 0, 1],
			"to": [13, 1, 3],
			"faces": {
				"north": {"uv": [3, 15, 13, 16], "texture": "#wood"},
				"east": {"uv": [13, 15, 15, 16], "texture": "#wood"},
				"south": {"uv": [3, 15, 13, 16], "texture": "#wood"},
				"west": {"uv": [1, 15, 3, 16], "texture": "#wood"},
				"up": {"uv": [3, 1, 13, 3], "texture": "#wood"},
				"down": {"uv": [3, 13, 13, 15], "texture": "#wood"}
			}
		},
		{
			"name": "Box2",
			"from": [3, 0, 5],
			"to": [13, 1, 7],
			"faces": {
				"north": {"uv": [3, 15, 13, 16], "texture": "#wood"},
				"east": {"uv": [9, 15, 11, 16], "texture": "#wood"},
				"south": {"uv": [3, 15, 13, 16], "texture": "#wood"},
				"west": {"uv": [5, 15, 7, 16], "texture": "#wood"},
				"up": {"uv": [3, 5, 13, 7], "texture": "#wood"},
				"down": {"uv": [3, 9, 13, 11], "texture": "#wood"}
			}
		},
		{
			"name": "Box2",
			"from": [3, 0, 9],
			"to": [13, 1, 11],
			"faces": {
				"north": {"uv": [3, 15, 13, 16], "texture": "#wood"},
				"east": {"uv": [5, 15, 7, 16], "texture": "#wood"},
				"south": {"uv": [3, 15, 13, 16], "texture": "#wood"},
				"west": {"uv": [9, 15, 11, 16], "texture": "#wood"},
				"up": {"uv": [3, 9, 13, 11], "texture": "#wood"},
				"down": {"uv": [3, 5, 13, 7], "texture": "#wood"}
			}
		},
		{
			"name": "Box2",
			"from": [3, 0, 13],
			"to": [13, 1, 15],
			"faces": {
				"north": {"uv": [3, 15, 13, 16], "texture": "#wood"},
				"east": {"uv": [1, 15, 3, 16], "texture": "#wood"},
				"south": {"uv": [3, 15, 13, 16], "texture": "#wood"},
				"west": {"uv": [13, 15, 15, 16], "texture": "#wood"},
				"up": {"uv": [3, 13, 13, 15], "texture": "#wood"},
				"down": {"uv": [3, 1, 13, 3], "texture": "#wood"}
			}
		},
		{
			"name": "Box6",
			"from": [6, 0.5, 0],
			"to": [7, 2, 16],
			"faces": {
				"north": {"uv": [6, 15, 7, 16], "texture": "#rail"},
				"east": {"uv": [6, 16, 7, 0], "rotation": 270, "texture": "#rail"},
				"south": {"uv": [9, 15, 10, 16], "texture": "#rail"},
				"west": {"uv": [6, 0, 7, 16], "rotation": 270, "texture": "#rail"},
				"up": {"uv": [6, 0, 7, 16], "texture": "#rail"},
				"down": {"uv": [6, 0, 7, 16], "texture": "#rail"}
			}
		},
		{
			"name": "Box6",
			"from": [9, 0.5, 0],
			"to": [10, 2, 16],
			"faces": {
				"north": {"uv": [6, 15, 7, 16], "texture": "#rail"},
				"east": {"uv": [9, 16, 10, 0], "rotation": 270, "texture": "#rail"},
				"south": {"uv": [9, 15, 10, 16], "texture": "#rail"},
				"west": {"uv": [9, 0, 10, 16], "rotation": 270, "texture": "#rail"},
				"up": {"uv": [9, 0, 10, 16], "texture": "#rail"},
				"down": {"uv": [9, 0, 10, 16], "texture": "#rail"}
			}
		},
		{
			"name": "Box6",
			"from": [7, 1, 0],
			"to": [9, 1.5, 16],
			"faces": {
				"north": {"uv": [7, 15, 9, 16], "texture": "#rail"},
				"south": {"uv": [7, 0, 9, 1], "texture": "#rail"},
				"up": {"uv": [7, 0, 9, 16], "texture": "#rail"},
				"down": {"uv": [7, 0, 9, 16], "texture": "#rail"}
			}
		},
		{
			"name": "Box8",
			"from": [5, 1, 1],
			"to": [6, 1.5, 3],
			"faces": {
				"north": {"uv": [10, 13, 11, 13.5], "texture": "#tint"},
				"east": {"uv": [5, 15, 6, 13], "rotation": 270, "texture": "#tint"},
				"south": {"uv": [5, 14, 6, 14.5], "texture": "#tint"},
				"west": {"uv": [5, 13, 6, 15], "rotation": 270, "texture": "#tint"},
				"up": {"uv": [5, 1, 6, 3], "texture": "#tint"},
				"down": {"uv": [5, 1, 6, 3], "texture": "#tint"}
			}
		},
		{
			"name": "Box8",
			"from": [10, 1, 1],
			"to": [11, 1.5, 3],
			"faces": {
				"north": {"uv": [10, 13, 11, 13.5], "texture": "#tint"},
				"east": {"uv": [5, 15, 6, 13], "rotation": 270, "texture": "#tint"},
				"south": {"uv": [5, 14, 6, 14.5], "texture": "#tint"},
				"west": {"uv": [5, 13, 6, 15], "rotation": 270, "texture": "#tint"},
				"up": {"uv": [5, 1, 6, 3], "texture": "#tint"},
				"down": {"uv": [5, 1, 6, 3], "texture": "#tint"}
			}
		},
		{
			"name": "Box8",
			"from": [10, 1, 5],
			"to": [11, 1.5, 7],
			"faces": {
				"north": {"uv": [10, 13, 11, 13.5], "texture": "#tint"},
				"east": {"uv": [5, 15, 6, 13], "rotation": 270, "texture": "#tint"},
				"south": {"uv": [5, 14, 6, 14.5], "texture": "#tint"},
				"west": {"uv": [5, 13, 6, 15], "rotation": 270, "texture": "#tint"},
				"up": {"uv": [5, 1, 6, 3], "texture": "#tint"},
				"down": {"uv": [5, 1, 6, 3], "texture": "#tint"}
			}
		},
		{
			"name": "Box8",
			"from": [5, 1, 5],
			"to": [6, 1.5, 7],
			"faces": {
				"north": {"uv": [10, 13, 11, 13.5], "texture": "#tint"},
				"east": {"uv": [5, 15, 6, 13], "rotation": 270, "texture": "#tint"},
				"south": {"uv": [5, 14, 6, 14.5], "texture": "#tint"},
				"west": {"uv": [5, 13, 6, 15], "rotation": 270, "texture": "#tint"},
				"up": {"uv": [5, 1, 6, 3], "texture": "#tint"},
				"down": {"uv": [5, 1, 6, 3], "texture": "#tint"}
			}
		},
		{
			"name": "Box8",
			"from": [10, 1, 9],
			"to": [11, 1.5, 11],
			"faces": {
				"north": {"uv": [10, 13, 11, 13.5], "texture": "#tint"},
				"east": {"uv": [5, 15, 6, 13], "rotation": 270, "texture": "#tint"},
				"south": {"uv": [5, 14, 6, 14.5], "texture": "#tint"},
				"west": {"uv": [5, 13, 6, 15], "rotation": 270, "texture": "#tint"},
				"up": {"uv": [5, 1, 6, 3], "texture": "#tint"},
				"down": {"uv": [5, 1, 6, 3], "texture": "#tint"}
			}
		},
		{
			"name": "Box8",
			"from": [5, 1, 9],
			"to": [6, 1.5, 11],
			"faces": {
				"north": {"uv": [10, 13, 11, 13.5], "texture": "#tint"},
				"east": {"uv": [5, 15, 6, 13], "rotation": 270, "texture": "#tint"},
				"south": {"uv": [5, 14, 6, 14.5], "texture": "#tint"},
				"west": {"uv": [5, 13, 6, 15], "rotation": 270, "texture": "#tint"},
				"up": {"uv": [5, 1, 6, 3], "texture": "#tint"},
				"down": {"uv": [5, 1, 6, 3], "texture": "#tint"}
			}
		},
		{
			"name": "Box8",
			"from": [10, 1, 13],
			"to": [11, 1.5, 15],
			"faces": {
				"north": {"uv": [10, 13, 11, 13.5], "texture": "#tint"},
				"east": {"uv": [5, 15, 6, 13], "rotation": 270, "texture": "#tint"},
				"south": {"uv": [5, 14, 6, 14.5], "texture": "#tint"},
				"west": {"uv": [5, 13, 6, 15], "rotation": 270, "texture": "#tint"},
				"up": {"uv": [5, 1, 6, 3], "texture": "#tint"},
				"down": {"uv": [5, 1, 6, 3], "texture": "#tint"}
			}
		},
		{
			"name": "Box8",
			"from": [5, 1, 13],
			"to": [6, 1.5, 15],
			"faces": {
				"north": {"uv": [10, 13, 11, 13.5], "texture": "#tint"},
				"east": {"uv": [5, 15, 6, 13], "rotation": 270, "texture": "#tint"},
				"south": {"uv": [5, 14, 6, 14.5], "texture": "#tint"},
				"west": {"uv": [5, 13, 6, 15], "rotation": 270, "texture": "#tint"},
				"up": {"uv": [5, 1, 6, 3], "texture": "#tint"},
				"down": {"uv": [5, 1, 6, 3], "texture": "#tint"}
			}
		},
		{
			"from": [8, 1.5, 2],
			"to": [10, 2.25, 6],
			"rotation": {"angle": 45, "axis": "y", "origin": [8, 1.75, 4]},
			"faces": {
				"north": {"uv": [0, 0, 2, 0.75], "texture": "#tint"},
				"east": {"uv": [0, 0, 4, 0.75], "texture": "#tint"},
				"south": {"uv": [0, 0, 2, 0.75], "texture": "#tint"},
				"west": {"uv": [0, 0, 4, 0.75], "texture": "#tint"},
				"up": {"uv": [0, 0, 4, 2], "rotation": 90, "texture": "#tint"},
				"down": {"uv": [0, 0, 4, 2], "rotation": 270, "texture": "#tint"}
			}
		},
		{
			"from": [8, 1.5, 10],
			"to": [10, 2.25, 14],
			"rotation": {"angle": 45, "axis": "y", "origin": [8, 1.75, 12]},
			"faces": {
				"north": {"uv": [0, 0, 2, 0.75], "texture": "#tint"},
				"east": {"uv": [0, 0, 4, 0.75], "texture": "#tint"},
				"south": {"uv": [0, 0, 2, 0.75], "texture": "#tint"},
				"west": {"uv": [0, 0, 4, 0.75], "texture": "#tint"},
				"up": {"uv": [0, 0, 4, 2], "rotation": 90, "texture": "#tint"},
				"down": {"uv": [0, 0, 4, 2], "rotation": 270, "texture": "#tint"}
			}
		},
		{
			"from": [6, 1.5, 2],
			"to": [8, 2.25, 4],
			"rotation": {"angle": 45, "axis": "y", "origin": [8, 1.75, 4]},
			"faces": {
				"north": {"uv": [0, 0, 2, 0.75], "texture": "#tint"},
				"south": {"uv": [0, 0, 2, 0.75], "texture": "#tint"},
				"west": {"uv": [0, 0, 2, 0.75], "texture": "#tint"},
				"up": {"uv": [0, 0, 2, 2], "rotation": 180, "texture": "#tint"},
				"down": {"uv": [0, 0, 2, 2], "rotation": 180, "texture": "#tint"}
			}
		},
		{
			"from": [6, 1.5, 10],
			"to": [8, 2.25, 12],
			"rotation": {"angle": 45, "axis": "y", "origin": [8, 1.75, 12]},
			"faces": {
				"north": {"uv": [0, 0, 2, 0.75], "texture": "#tint"},
				"south": {"uv": [0, 0, 2, 0.75], "texture": "#tint"},
				"west": {"uv": [0, 0, 2, 0.75], "texture": "#tint"},
				"up": {"uv": [0, 0, 2, 2], "rotation": 180, "texture": "#tint"},
				"down": {"uv": [0, 0, 2, 2], "rotation": 180, "texture": "#tint"}
			}
		},
		{
			"name": "Side",
			"from": [13.875, 0.062, 1.125],
			"to": [17.875, 13.937, 14.875],
			"faces": {
				"north": {"uv": [1, 4, 15, 0], "rotation": 90, "texture": "#translation_chassis_side"},
				"east": {"uv": [1, 1, 15, 15], "rotation": 90, "texture": "#translation_chassis_side"},
				"south": {"uv": [1, 0, 15, 4], "rotation": 90, "texture": "#translation_chassis_side"},
				"west": {"uv": [1, 1, 15, 15], "rotation": 90, "texture": "#translation_chassis_side"},
				"up": {"uv": [5, 1, 9, 15], "texture": "#translation_chassis_side"},
				"down": {"uv": [2, 1, 6, 15], "texture": "#translation_chassis_side"}
			}
		},
		{
			"name": "Side",
			"from": [-1.875, 0.062, 1.125],
			"to": [2.125, 13.937, 14.875],
			"faces": {
				"north": {"uv": [1, 0, 15, 4], "rotation": 90, "texture": "#translation_chassis_side"},
				"east": {"uv": [1, 15, 15, 1], "rotation": 90, "texture": "#translation_chassis_side"},
				"south": {"uv": [1, 4, 15, 0], "rotation": 90, "texture": "#translation_chassis_side"},
				"west": {"uv": [1, 15, 15, 1], "rotation": 90, "texture": "#translation_chassis_side"},
				"up": {"uv": [9, 1, 5, 15], "texture": "#translation_chassis_side"},
				"down": {"uv": [6, 1, 2, 15], "texture": "#translation_chassis_side"}
			}
		},
		{
			"from": [0, 12, 0],
			"to": [16, 16, 16],
			"rotation": {"angle": 0, "axis": "y", "origin": [8, 23, 8]},
			"faces": {
				"north": {"uv": [0, 0, 16, 4], "texture": "#5"},
				"east": {"uv": [0, 0, 16, 4], "texture": "#5"},
				"south": {"uv": [0, 0, 16, 4], "texture": "#5"},
				"west": {"uv": [0, 0, 16, 4], "texture": "#5"},
				"up": {"uv": [0, 0, 16, 16], "texture": "#4"},
				"down": {"uv": [0, 0, 16, 16], "texture": "#translation_chassis_side"}
			}
		},
		{
			"from": [2, 10, 1],
			"to": [14, 12, 15],
			"rotation": {"angle": 0, "axis": "y", "origin": [18, 22, 10]},
			"faces": {
				"north": {"uv": [2, 7, 14, 9], "texture": "#clutch_off"},
				"south": {"uv": [2, 7, 14, 9], "texture": "#clutch_off"},
				"down": {"uv": [2, 1, 14, 15], "texture": "#translation_chassis_side"}
			}
		}
	]
}