{
    "name": "物品卷轴：禁止",
    "icon": "ars_nouveau:deny_scroll",
    "category": "automation",
    "pages": [
        {
            "type": "text",
            "text": "用于给自动化相关实体提供一个物品列表。将卷轴放在抄写台上，再对抄写台潜行使用方块或物品即可添加在卷轴内。将卷轴交予卡班克尔，它就只会拾取或拿出$(l)不$()在卷轴中的物品。"
        },
		{
            "type":"crafting",
			"recipe":"ars_nouveau:blank_parchment",
			"recipe2":"ars_nouveau:deny_scroll"
		},
		{
            "type": "relations",
            "entries":["apparatus/carbuncle_charm", "machines/scribes_table"]        
        }
    ]
}
