{
  "name": "血光印记",
  "icon": "bloodmagic:bloodlightsigil",
  "category": "bloodmagic:alchemy_array/sigil",
  "extra_recipe_mappings":[
    ["bloodmagic:reagentbloodlight", 1],
    ["bloodmagic:bloodlightsigil", 1]
  ],
  "pages": [
    {
      "type": "text",
      "text": "无论是矿工、地牢探索者或者是那些不喜欢阴影，也不喜欢火把和荧石挡着去路的血之巫师，$(item)血光印记$()都是它们的趁手工具。使用时，印记会朝你面对的方向发射出一道血光. 当血光碰到方块后，它会生成一个近乎隐形的光源，并消耗 10 LP。"
    },
    {
      "type": "crafting_2-step_sigil",
      "alchemy_table.heading": "血光试剂",
      "alchemy_table.recipe": "bloodmagic:alchemytable/reagent_blood_light",
      "array.heading": "血光试剂",
      "array.recipe": "bloodmagic:array/bloodlightsigil",
      "array.text": "$(italic)我看见光了！"
    }
  ]
}