{
	"__comment":"Designed by GeForceLegend",
	"parent":"block/block",
	"ambientocclusion":false,
	"textures":{
		"bottom":"block/potted_azalea_bush_top",
		"particle":"block/flower_pot",
		"flowerpot":"block/flower_pot",
		"dirt":"block/dirt",
		"azalea_plant":"block/potted_azalea_bush_plant",
		"top":"block/potted_flowering_azalea_bush_top",
		"side":"block/potted_flowering_azalea_bush_side"
	},
	"elements":[
		{
			"from":[5,0,5],
			"to":[11,4,11],
			"faces":{
				"up":{"uv":[5,5,11,11],"texture":"#dirt"},
				"down":{"uv":[5,10,11,16],"texture":"#flowerpot","cullface":"down"}
			}
		},
		{
			"from":[5,0,5],
			"to":[6,6,11],
			"faces":{
				"north":{"uv":[10,10,11,16],"texture":"#flowerpot"},
				"east":{"uv":[5,10,11,16],"texture":"#flowerpot"},
				"south":{"uv":[5,10,6,16],"texture":"#flowerpot"},
				"west":{"uv":[5,10,11,16],"texture":"#flowerpot"},
				"up":{"uv":[5,5,6,11],"texture":"#flowerpot"}
			}
		},
		{
			"from":[10,0,5],
			"to":[11,6,11],
			"faces":{
				"north":{"uv":[5,10,6,16],"texture":"#flowerpot"},
				"east":{"uv":[5,10,11,16],"texture":"#flowerpot"},
				"south":{"uv":[10,10,11,16],"texture":"#flowerpot"},
				"west":{"uv":[5,10,11,16],"texture":"#flowerpot"},
				"up":{"uv":[10,5,11,11],"texture":"#flowerpot"}
			}
		},
		{
			"from":[6,0,10],
			"to":[10,6,11],
			"faces":{
				"north":{"uv":[6,10,10,16],"texture":"#flowerpot"},
				"south":{"uv":[6,10,10,16],"texture":"#flowerpot"},
				"up":{"uv":[6,10,10,11],"texture":"#flowerpot"}
			}
		},
		{
			"from":[6,0,5],
			"to":[10,6,6],
			"faces":{
				"north":{"uv":[6,10,10,16],"texture":"#flowerpot"},
				"south":{"uv":[6,10,10,16],"texture":"#flowerpot"},
				"up":{"uv":[6,5,10,6],"texture":"#flowerpot"}
			}
		},
		{
			"from":[8,4,2.6],
			"to":[8,16,13.4],
			"rotation":{"angle":45,"axis":"y","origin":[8,8,8],"rescale":true},
			"faces":{
				"east":{"uv":[0,4,16,16],"texture":"#azalea_plant"},
				"west":{"uv":[0,4,16,16],"texture":"#azalea_plant"}
			}
		},
		{
			"from":[2.6,4,8],
			"to":[13.4,16,8],
			"rotation":{"angle":45,"axis":"y","origin":[8,8,8],"rescale":true},
			"faces":{
				"north":{"uv":[0,4,16,16],"texture":"#azalea_plant"},
				"south":{"uv":[0,4,16,16],"texture":"#azalea_plant"}
			}
		},
		{
			"from":[12,8,4],
			"to":[12,16,12],
			"faces":{
				"east":{"uv":[4,5,12,13],"texture":"#side"},
				"west":{"uv":[12,5,4,13],"texture":"#side"}
			}
		},
		{
			"from":[4,8,4],
			"to":[4,16,12],
			"faces":{
				"east":{"uv":[12,5,4,13],"texture":"#side"},
				"west":{"uv":[4,5,12,13],"texture":"#side"}
			}
		},
		{
			"from":[4,8,12],
			"to":[12,16,12],
			"faces":{
				"north":{"uv":[12,5,4,13],"texture":"#side"},
				"south":{"uv":[4,5,12,13],"texture":"#side"}
			}
		},
		{
			"from":[4,8,4],
			"to":[12,16,4],
			"faces":{
				"north":{"uv":[4,5,12,13],"texture":"#side"},
				"south":{"uv":[12,5,4,13],"texture":"#side"}
			}
		},
		{
			"from":[4,10,4],
			"to":[12,16,12],
			"faces":{
				"up":{"uv":[4,4,12,12],"texture":"#top","cullface":"up"},
				"down":{"uv":[4,12,12,4],"texture":"#bottom"}
			}
		},
		{
			"from":[5,11,3.3],
			"to":[6,13,4],
			"faces":{
				"north":{"uv":[10,8,11,10],"texture":"#side"},
				"east":{"uv":[10,8,11,10],"texture":"#side"},
				"west":{"uv":[10,8,11,10],"texture":"#side"},
				"up":{"uv":[10,8,11,9],"texture":"#side"},
				"down":{"uv":[10,9,11,10],"texture":"#side"}
			}
		},
		{
			"from":[8,12,3.3],
			"to":[11,15,4],
			"faces":{
				"north":{"uv":[5,6,8,9],"texture":"#side"},
				"east":{"uv":[5,6,6,9],"texture":"#side"},
				"west":{"uv":[7,6,8,9],"texture":"#side"},
				"up":{"uv":[8,6,5,7],"texture":"#side"},
				"down":{"uv":[8,8,5,9],"texture":"#side"}
			}
		},
		{
			"from":[3.3,11,10],
			"to":[4,13,11],
			"rotation":{"angle":0,"axis":"y","origin":[8,0,8]},
			"faces":{
				"north":{"uv":[10,8,11,10],"texture":"#side"},
				"south":{"uv":[10,8,11,10],"texture":"#side"},
				"west":{"uv":[10,8,11,10],"texture":"#side"},
				"up":{"uv":[10,8,11,9],"rotation":270,"texture":"#side"},
				"down":{"uv":[10,9,11,10],"rotation":90,"texture":"#side"}
			}
		},
		{
			"from":[3.3,12,5],
			"to":[4,15,8],
			"rotation":{"angle":0,"axis":"y","origin":[8,0,8]},
			"faces":{
				"north":{"uv":[5,6,6,9],"texture":"#side"},
				"south":{"uv":[7,6,8,9],"texture":"#side"},
				"west":{"uv":[5,6,8,9],"texture":"#side"},
				"up":{"uv":[8,6,5,7],"rotation":270,"texture":"#side"},
				"down":{"uv":[8,8,5,9],"rotation":90,"texture":"#side"}
			}
		},
		{
			"from":[10,11,12],
			"to":[11,13,12.7],
			"rotation":{"angle":0,"axis":"y","origin":[8,0,8]},
			"faces":{
				"east":{"uv":[10,8,11,10],"texture":"#side"},
				"south":{"uv":[10,8,11,10],"texture":"#side"},
				"west":{"uv":[10,8,11,10],"texture":"#side"},
				"up":{"uv":[11,8,10,9],"texture":"#side"},
				"down":{"uv":[11,9,10,10],"texture":"#side"}
			}
		},
		{
			"from":[5,12,12],
			"to":[8,15,12.7],
			"rotation":{"angle":0,"axis":"y","origin":[8,0,8]},
			"faces":{
				"east":{"uv":[7,6,8,9],"texture":"#side"},
				"south":{"uv":[5,6,8,9],"texture":"#side"},
				"west":{"uv":[5,6,6,9],"texture":"#side"},
				"up":{"uv":[5,6,8,7],"texture":"#side"},
				"down":{"uv":[5,8,8,9],"texture":"#side"}
			}
		},
		{
			"from":[12,11,5],
			"to":[12.7,13,6],
			"rotation":{"angle":0,"axis":"y","origin":[8,0,8]},
			"faces":{
				"north":{"uv":[10,8,11,10],"texture":"#side"},
				"east":{"uv":[10,8,11,10],"texture":"#side"},
				"south":{"uv":[10,8,11,10],"texture":"#side"},
				"up":{"uv":[11,8,10,9],"rotation":270,"texture":"#side"},
				"down":{"uv":[11,9,10,10],"rotation":90,"texture":"#side"}
			}
		},
		{
			"from":[12,12,8],
			"to":[12.7,15,11],
			"rotation":{"angle":0,"axis":"y","origin":[8,0,8]},
			"faces":{
				"north":{"uv":[7,6,8,9],"texture":"#side"},
				"east":{"uv":[5,6,8,9],"texture":"#side"},
				"south":{"uv":[5,6,6,9],"texture":"#side"},
				"up":{"uv":[5,6,8,7],"rotation":270,"texture":"#side"},
				"down":{"uv":[5,8,8,9],"rotation":90,"texture":"#side"}
			}
		},
		{
			"from":[8,16,5],
			"to":[11,16.7,8],
			"rotation":{"angle":0,"axis":"x","origin":[8,12,8]},
			"faces":{
				"north":{"uv":[11,5,8,6],"texture":"#top"},
				"east":{"uv":[10,5,11,8],"rotation":90,"texture":"#top"},
				"south":{"uv":[8,7,11,8],"texture":"#top"},
				"west":{"uv":[8,5,9,8],"rotation":270,"texture":"#top"},
				"up":{"uv":[8,5,11,8],"texture":"#top"}
			}
		},
		{
			"from":[6,16,9],
			"to":[7,16.7,11],
			"rotation":{"angle":0,"axis":"x","origin":[8,12,8]},
			"faces":{
				"north":{"uv":[6,9,7,10],"texture":"#top"},
				"east":{"uv":[6,9,7,11],"rotation":90,"texture":"#top"},
				"south":{"uv":[7,10,6,11],"texture":"#top"},
				"west":{"uv":[6,9,7,11],"rotation":270,"texture":"#top"},
				"up":{"uv":[6,9,7,11],"texture":"#top"}
			}
		}
	]
}