{
  "name": "福耳图那精华",
  "icon": "bloodmagic:fortune_anointment",
  "category": "bloodmagic:alchemy_table/anointments",
  "extra_recipe_mappings":[["bloodmagic:fortune_anointment", 0]],
  "pages": [
    {
      "type": "crafting_alchemy_table",
      "heading": "福耳图那精华",
      "recipe": "bloodmagic:alchemytable/fortune_anointment",
      "text": "增加采收工具采收时的物品掉落量。效果能与时运附魔叠加。$(br2)有效物品：工具、剑、Charges。$(br2)施加：好运 I（256 个方块）"
    }
  ]
}