{
  "name": "柔软覆层",
  "icon": "bloodmagic:silk_touch_anointment",
  "category": "bloodmagic:alchemy_table/anointments",
  "extra_recipe_mappings":[["bloodmagic:silk_touch_anointment", 0]],
  "pages": [
    {
      "type": "crafting_alchemy_table",
      "heading": "柔软覆层",
      "recipe": "bloodmagic:alchemytable/silk_touch_anointment",
      "text": "采掘方块时施加精准采集的效果。与原版的对应附魔效果不叠加。$(br2)有效物品：工具，剑，Charges。$(br2)施加：柔触 I（256 个方块）"
    }
  ]
}