{
  "name": "缓燃之油",
  "icon": "bloodmagic:smelting_anointment",
  "category": "bloodmagic:alchemy_table/anointments",
  "extra_recipe_mappings":[["bloodmagic:smelting_anointment", 0]],
  "pages": [
    {
      "type": "crafting_alchemy_table",
      "heading": "缓燃之油",
      "recipe": "bloodmagic:alchemytable/smelting_anointment",
      "text": "采掘方块时烧制方块。$(br2)有效物品：工具，剑，Charges。$(br2)施加：高温工具 I（256 个方块）"
    }
  ]
}